{"type":"FeatureCollection","features":[{"type":"Feature","properties":{"geometry_key":"area|area_rgint_macapa","type":"area_estudo","area_col":"area_rgint_macapa","area_label":"Macapá - RGInt","label":"Macapá - RGInt"},"geometry":{"type":"Polygon","coordinates":[[[-51.8872859,-1.1663971],[-51.8919242,-1.1649817],[-51.8971862,-1.1620475],[-51.9083928,-1.1514783],[-51.9149894,-1.1430971],[-51.918184,-1.1374843],[-51.9229007,-1.1329634],[-51.925956,-1.1323158],[-51.9309603,-1.1341351],[-51.9333721,-1.1374907],[-51.9388116,-1.1475727],[-51.9446509,-1.1626611],[-51.9469037,-1.1660067],[-51.9494256,-1.1687669],[-51.9522014,-1.1695987],[-51.9558762,-1.1696746],[-51.9589307,-1.1690261],[-51.9615385,-1.1673559],[-51.9645072,-1.1634628],[-51.9659296,-1.1596028],[-51.965945,-1.1530765],[-51.9631378,-1.142134],[-51.9619572,-1.1344374],[-51.9637669,-1.1290891],[-51.9655922,-1.1258087],[-51.9698984,-1.1223321],[-51.974985,-1.1206175],[-51.9853341,-1.1214454],[-51.988318,-1.1227236],[-51.9905709,-1.1247515],[-51.9933992,-1.1289752],[-51.9939523,-1.1347229],[-51.9888119,-1.1491359],[-51.9870356,-1.1568351],[-51.9870391,-1.1645193],[-51.9879795,-1.1675911],[-51.9911221,-1.171816],[-51.9963696,-1.1715667],[-52.0045111,-1.1687616],[-52.0113307,-1.1676015],[-52.0167592,-1.1679379],[-52.0212041,-1.1705071],[-52.0265697,-1.1683426],[-52.0297604,-1.1681279],[-52.0375401,-1.1700495],[-52.0409005,-1.1701323],[-52.0441785,-1.1722876],[-52.0476801,-1.1734008],[-52.0550643,-1.17695],[-52.0620415,-1.1830206],[-52.0639811,-1.1859305],[-52.0639335,-1.1897728],[-52.062961,-1.1928913],[-52.0566409,-1.2004023],[-52.0475632,-1.2142842],[-52.0470645,-1.2193091],[-52.0515139,-1.2305932],[-52.054648,-1.23422],[-52.0573146,-1.2357928],[-52.0602346,-1.2361764],[-52.070459,-1.2359841],[-52.0751241,-1.2348658],[-52.0844552,-1.2311361],[-52.0987872,-1.2279259],[-52.1020736,-1.2259677],[-52.1077323,-1.2211062],[-52.1098719,-1.2181159],[-52.1109874,-1.2149992],[-52.1107896,-1.204676],[-52.1095449,-1.1946891],[-52.1067638,-1.1830679],[-52.1073997,-1.179498],[-52.1104791,-1.1710308],[-52.1112903,-1.1673255],[-52.1138195,-1.1619672],[-52.1162854,-1.1532085],[-52.1166487,-1.1499566],[-52.1202623,-1.146198],[-52.1253471,-1.1458018],[-52.1339819,-1.1468225],[-52.1369282,-1.1479525],[-52.1429564,-1.1491595],[-52.1467312,-1.1487914],[-52.1510718,-1.1460554],[-52.1546509,-1.1427404],[-52.1623888,-1.1340526],[-52.1689066,-1.1309618],[-52.1735712,-1.1301323],[-52.1789319,-1.1295951],[-52.1877929,-1.1325194],[-52.2040085,-1.1330981],[-52.2147327,-1.1349578],[-52.2221473,-1.1345286],[-52.2289889,-1.1323281],[-52.2386612,-1.1262396],[-52.2451946,-1.1253785],[-52.2507884,-1.1258691],[-52.2590091,-1.1282144],[-52.2655945,-1.1289777],[-52.2733218,-1.1285312],[-52.2798718,-1.1270807],[-52.2853727,-1.1249126],[-52.2957636,-1.1174791],[-52.3009847,-1.1159092],[-52.3059526,-1.115668],[-52.3127909,-1.1142085],[-52.323627,-1.1151801],[-52.3297889,-1.1166852],[-52.3329879,-1.1158915],[-52.3361271,-1.1114014],[-52.3387889,-1.1055957],[-52.341874,-1.0964915],[-52.3446542,-1.0908748],[-52.3520251,-1.0697742],[-52.3581556,-1.0625844],[-52.3625152,-1.0602915],[-52.3831204,-1.0539915],[-52.3876239,-1.0515431],[-52.3919289,-1.0473327],[-52.4001787,-1.0436305],[-52.4064854,-1.0446914],[-52.4150449,-1.0502835],[-52.4200671,-1.0527007],[-52.4247373,-1.0526099],[-52.4270401,-1.0507949],[-52.4283164,-1.0481215],[-52.4292346,-1.0426417],[-52.4275398,-1.0378034],[-52.4167912,-1.0256118],[-52.4149079,-1.0187132],[-52.4144641,-1.0092723],[-52.4182147,-0.9990252],[-52.4187386,-0.9721832],[-52.4199283,-0.9659632],[-52.4247928,-0.9595197],[-52.4355954,-0.9501671],[-52.4386791,-0.9436116],[-52.4395446,-0.9347461],[-52.4376793,-0.9288754],[-52.432013,-0.9224913],[-52.4293465,-0.9203304],[-52.4188935,-0.9166371],[-52.4085404,-0.9167403],[-52.4047158,-0.9127377],[-52.4021802,-0.8966484],[-52.4012064,-0.8819116],[-52.403158,-0.8771483],[-52.4061523,-0.8731086],[-52.4123998,-0.8626599],[-52.4165709,-0.8590465],[-52.419851,-0.8546977],[-52.4263493,-0.8501567],[-52.4321522,-0.8478321],[-52.4387663,-0.8412064],[-52.4400174,-0.8376469],[-52.4443221,-0.834169],[-52.4476558,-0.8326325],[-52.4555179,-0.8302661],[-52.4597934,-0.832546],[-52.4613194,-0.8360633],[-52.4632581,-0.8385339],[-52.4684059,-0.8410944],[-52.4816379,-0.8452609],[-52.4842877,-0.8466967],[-52.4968357,-0.8495368],[-52.5110746,-0.8566591],[-52.5169334,-0.858616],[-52.5236784,-0.8592243],[-52.5374751,-0.8583778],[-52.5394227,-0.8577387],[-52.5412518,-0.8562468],[-52.5438393,-0.8515392],[-52.5445905,-0.8435143],[-52.5418462,-0.8365449],[-52.5335824,-0.8266852],[-52.5251361,-0.81927],[-52.5169699,-0.8090464],[-52.519803,-0.8051984],[-52.5228492,-0.7960884],[-52.5227232,-0.7916928],[-52.5216321,-0.7852102],[-52.5182377,-0.7755192],[-52.5129488,-0.7678771],[-52.5018249,-0.7467625],[-52.4978765,-0.7307485],[-52.4971522,-0.7229462],[-52.4974076,-0.7112831],[-52.4997362,-0.7029764],[-52.5017329,-0.6927603],[-52.5103877,-0.679184],[-52.5107335,-0.6732607],[-52.5125139,-0.6651039],[-52.5158491,-0.6635707],[-52.5143228,-0.6606483],[-52.5110439,-0.6568701],[-52.510069,-0.6514056],[-52.511987,-0.6266086],[-52.5131837,-0.6196459],[-52.51746,-0.6130763],[-52.5189545,-0.608032],[-52.5192967,-0.6015319],[-52.5231792,-0.5890749],[-52.5281252,-0.5802687],[-52.5351798,-0.5740876],[-52.5399845,-0.5731115],[-52.5472087,-0.5747389],[-52.5763261,-0.5764098],[-52.5858329,-0.5785902],[-52.5930397,-0.5816966],[-52.598933,-0.5851238],[-52.6060449,-0.59075],[-52.61299,-0.5948934],[-52.629186,-0.5938478],[-52.6319274,-0.5918757],[-52.6356557,-0.5879718],[-52.640009,-0.5849061],[-52.6492128,-0.5692734],[-52.6569357,-0.5590984],[-52.660324,-0.552689],[-52.6677643,-0.5441367],[-52.6698498,-0.5381971],[-52.6676864,-0.5302656],[-52.6672913,-0.525112],[-52.6690185,-0.5227174],[-52.6736269,-0.5193893],[-52.6821789,-0.5162728],[-52.6954363,-0.4964017],[-52.6957691,-0.4900539],[-52.6946808,-0.4869715],[-52.6924635,-0.4836239],[-52.6913771,-0.4805406],[-52.6910184,-0.47716],[-52.6929867,-0.4722482],[-52.6970109,-0.4690772],[-52.7018731,-0.4624951],[-52.7026822,-0.4592322],[-52.70068,-0.4529291],[-52.6930729,-0.4421514],[-52.6871536,-0.4376911],[-52.6847646,-0.4346347],[-52.6791518,-0.4236748],[-52.6810757,-0.415085],[-52.6861796,-0.4067226],[-52.6934943,-0.3986237],[-52.6973482,-0.3929354],[-52.6985708,-0.3871672],[-52.6979872,-0.379057],[-52.6959526,-0.3720027],[-52.6899068,-0.3597336],[-52.6875446,-0.3566845],[-52.6851269,-0.3521544],[-52.6818497,-0.3399645],[-52.6817087,-0.3325967],[-52.6841716,-0.3143137],[-52.688819,-0.3041364],[-52.6918263,-0.2996505],[-52.6964361,-0.2954369],[-52.7009011,-0.2928425],[-52.7045475,-0.2921829],[-52.7105412,-0.2920643],[-52.7162419,-0.292696],[-52.7227668,-0.2894816],[-52.7279597,-0.2851061],[-52.7402138,-0.2766075],[-52.7544268,-0.2621886],[-52.7559902,-0.2587611],[-52.7567633,-0.2534348],[-52.7564855,-0.246065],[-52.7572935,-0.242358],[-52.7584355,-0.2396818],[-52.7604398,-0.2375744],[-52.7750187,-0.227865],[-52.7920178,-0.2154531],[-52.8051591,-0.2070887],[-52.8165146,-0.1986174],[-52.8360989,-0.1861492],[-52.8386316,-0.1807948],[-52.8415708,-0.1677566],[-52.8447693,-0.1597267],[-52.8515431,-0.1501608],[-52.8545715,-0.1483345],[-52.8641028,-0.1447643],[-52.8717378,-0.1427022],[-52.8768214,-0.1427567],[-52.8817971,-0.1436973],[-52.8870988,-0.1469979],[-52.8917151,-0.1513284],[-52.8975989,-0.1544681],[-52.9040129,-0.1549377],[-52.9131041,-0.151674],[-52.920237,-0.1472618],[-52.9287702,-0.1456256],[-52.9327437,-0.1423073],[-52.9346025,-0.1368188],[-52.9373232,-0.1232005],[-52.9436847,-0.1111385],[-52.9492107,-0.0971215],[-52.9533343,-0.0845349],[-52.9567123,-0.0719744],[-52.9600174,-0.0632217],[-52.9639611,-0.0587268],[-52.9675725,-0.0529028],[-52.9710222,-0.0431101],[-52.9751268,-0.0223934],[-52.9767591,-0.0076283],[-52.9774068,0.0078837],[-52.9758563,0.0184623],[-52.9772926,0.0237963],[-52.9852426,0.0356409],[-52.9894916,0.0388057],[-52.9960395,0.0416985],[-53.0009371,0.0421515],[-53.0036841,0.0438678],[-53.006936,0.0481178],[-53.0093524,0.052639],[-53.0126312,0.0558943],[-53.0149667,0.0596921],[-53.0150754,0.0627656],[-53.0135741,0.0712645],[-53.0129622,0.0798548],[-53.0098816,0.0904343],[-53.0111292,0.0950459],[-53.0160465,0.0984803],[-53.0217122,0.0999264],[-53.029266,0.1047191],[-53.0340277,0.1128556],[-53.0365158,0.1198184],[-53.0396063,0.1360017],[-53.040907,0.1386232],[-53.0440978,0.1403405],[-53.0463138,0.1433246],[-53.0494864,0.1490206],[-53.0521271,0.1573389],[-53.0567291,0.1605926],[-53.0632291,0.1666504],[-53.070102,0.1695417],[-53.0723827,0.1725249],[-53.0746031,0.1774071],[-53.0833773,0.1886194],[-53.087708,0.1918713],[-53.0906545,0.1920541],[-53.0942925,0.195307],[-53.0962416,0.2001901],[-53.1005437,0.2153783],[-53.1021064,0.2223393],[-53.1022131,0.2255938],[-53.1044039,0.2294813],[-53.1064079,0.231743],[-53.1058506,0.2373476],[-53.0941268,0.2589577],[-53.0948812,0.2622122],[-53.1060994,0.2762254],[-53.108381,0.2783027],[-53.1119333,0.2865299],[-53.1215505,0.2899651],[-53.131376,0.2962017],[-53.13435,0.3001789],[-53.1347979,0.3050593],[-53.1366059,0.309219],[-53.1361825,0.3125639],[-53.136459,0.3260357],[-53.1387952,0.3304632],[-53.1416319,0.3326328],[-53.1433844,0.3349841],[-53.1485217,0.3483623],[-53.1512972,0.3518892],[-53.1558246,0.3545997],[-53.1602981,0.3563174],[-53.1642675,0.3600235],[-53.1663514,0.3625538],[-53.1673869,0.3658075],[-53.171077,0.3692423],[-53.17405,0.3743047],[-53.1750478,0.3771071],[-53.1753105,0.3817172],[-53.1612041,0.398538],[-53.1599343,0.4029679],[-53.1604918,0.4064042],[-53.1591392,0.4119184],[-53.1592398,0.4203272],[-53.1624111,0.4276486],[-53.1652134,0.4321684],[-53.1677453,0.4457283],[-53.1620214,0.4575728],[-53.1594746,0.4652597],[-53.1585388,0.4705035],[-53.1551284,0.4801797],[-53.1562131,0.4846098],[-53.1595482,0.4882237],[-53.165071,0.4905719],[-53.1697689,0.4937348],[-53.1668493,0.5012408],[-53.1625541,0.5096491],[-53.159633,0.5138093],[-53.1603492,0.5184203],[-53.1627141,0.5224871],[-53.1520646,0.5318937],[-53.1483827,0.5416584],[-53.1481557,0.5520557],[-53.1500425,0.556486],[-53.1540208,0.5605513],[-53.1548478,0.5633555],[-53.1534894,0.5764646],[-53.1512697,0.5808029],[-53.150245,0.5910228],[-53.1473221,0.6003346],[-53.1376008,0.6117304],[-53.1341326,0.6147149],[-53.1302952,0.6230344],[-53.1263778,0.6262014],[-53.1227118,0.6300909],[-53.1204904,0.6339789],[-53.1195211,0.6387695],[-53.1151886,0.6469993],[-53.1167159,0.6519721],[-53.1159335,0.6565837],[-53.1143515,0.661556],[-53.1092921,0.6703282],[-53.1085985,0.675212],[-53.1057436,0.6794615],[-53.106298,0.683982],[-53.1111579,0.685607],[-53.1152091,0.688137],[-53.1172109,0.6921143],[-53.1213526,0.6959998],[-53.1241293,0.6973549],[-53.1293489,0.6970801],[-53.1368503,0.6929209],[-53.1399039,0.6931005],[-53.1438742,0.6962608],[-53.1469379,0.6997862],[-53.1497616,0.7094588],[-53.1497903,0.7145209],[-53.1510759,0.7194015],[-53.1540749,0.7232877],[-53.1574069,0.7290729],[-53.163912,0.7344953],[-53.1719881,0.7370215],[-53.1745203,0.7391],[-53.1794872,0.7454264],[-53.1846077,0.7475027],[-53.1845457,0.752204],[-53.1885232,0.7551852],[-53.1890794,0.7597954],[-53.1875692,0.7644982],[-53.1902726,0.7683835],[-53.1982134,0.7741661],[-53.2024347,0.775791],[-53.20699,0.7733485],[-53.2092703,0.7775954],[-53.210546,0.7822971],[-53.2144094,0.7857295],[-53.2236739,0.7897924],[-53.2342979,0.7975632],[-53.2418285,0.8010841],[-53.2551477,0.8092116],[-53.2705241,0.8235774],[-53.2748272,0.824931],[-53.277271,0.8295397],[-53.2786617,0.8343301],[-53.281906,0.8384868],[-53.2853284,0.8417384],[-53.2874947,0.8457159],[-53.3022955,0.8589965],[-53.3136087,0.8672151],[-53.3219937,0.8720013],[-53.3389095,0.8800346],[-53.3501585,0.8865377],[-53.354936,0.888254],[-53.358548,0.8916847],[-53.3613512,0.8961118],[-53.3681867,0.8998135],[-53.3723709,0.9035165],[-53.3887128,0.912094],[-53.3943801,0.9176945],[-53.3994946,0.9192273],[-53.4038236,0.9222982],[-53.4114942,0.9293442],[-53.4109902,0.9344969],[-53.4137391,0.9474201],[-53.4130456,0.9523033],[-53.4106693,0.9566428],[-53.4127988,0.9717381],[-53.4122156,0.9771612],[-53.4108033,0.9820425],[-53.4136057,0.9861983],[-53.4174676,0.9892692],[-53.4227694,0.989356],[-53.4268299,0.992426],[-53.4285447,0.9992947],[-53.4281045,1.0095116],[-53.4284343,1.014481],[-53.4299356,1.0198122],[-53.4241543,1.0278615],[-53.4213509,1.0289498],[-53.4223294,1.0337374],[-53.4246016,1.0389793],[-53.4274678,1.0433161],[-53.4326327,1.0451211],[-53.4346915,1.0480108],[-53.4359634,1.0595801],[-53.4387122,1.0629221],[-53.4428266,1.0658112],[-53.4473816,1.0673449],[-53.4527089,1.0712272],[-53.4558237,1.0773718],[-53.4558825,1.1103644],[-53.4595451,1.1275347],[-53.4591576,1.1336804],[-53.457243,1.1382921],[-53.4533542,1.1436296],[-53.4499375,1.1470672],[-53.4443579,1.1513192],[-53.4397733,1.1536741],[-53.4346608,1.1536794],[-53.4266291,1.149346],[-53.4212744,1.1473609],[-53.4121286,1.1476411],[-53.4074642,1.1490012],[-53.4044098,1.1511736],[-53.4020722,1.1539774],[-53.3998789,1.158409],[-53.3967657,1.1704331],[-53.3960801,1.1792925],[-53.3987092,1.1872448],[-53.4029901,1.1939313],[-53.4146873,1.2006087],[-53.4174372,1.202776],[-53.4197168,1.2106378],[-53.4253033,1.22148],[-53.4260733,1.2259095],[-53.4255795,1.2367559],[-53.4265208,1.242721],[-53.4305442,1.2432599],[-53.43202,1.2374726],[-53.4337458,1.2344878],[-53.438769,1.232134],[-53.4428852,1.2318581],[-53.4509062,1.2326647],[-53.4637372,1.2368109],[-53.4699094,1.2399701],[-53.4737382,1.2393324],[-53.4843519,1.2329056],[-53.493023,1.2266602],[-53.50305,1.2246617],[-53.5090814,1.221673],[-53.5189106,1.2149764],[-53.5252098,1.2117165],[-53.5298832,1.210265],[-53.5339086,1.2101725],[-53.5389929,1.2124261],[-53.5424335,1.2166698],[-53.5453259,1.2215492],[-53.5463212,1.2285074],[-53.539341,1.2368315],[-53.5305752,1.2453326],[-53.5262717,1.2528396],[-53.5233275,1.2613389],[-53.526234,1.2680252],[-53.530519,1.2736239],[-53.5375547,1.2777761],[-53.5527117,1.2802892],[-53.5566906,1.2848053],[-53.5592163,1.2905863],[-53.562053,1.301069],[-53.5626334,1.3065819],[-53.5612417,1.3108303],[-53.5566587,1.3131862],[-53.5441064,1.3156401],[-53.5401354,1.3169986],[-53.5367196,1.3189007],[-53.5333853,1.3224288],[-53.5329076,1.3255939],[-53.5338241,1.3305616],[-53.5385477,1.3408611],[-53.542161,1.3448345],[-53.5456272,1.3474523],[-53.5484916,1.3485335],[-53.5594646,1.3503307],[-53.5638578,1.3496939],[-53.5654697,1.339751],[-53.5677156,1.3377573],[-53.5706899,1.337302],[-53.5777687,1.3430811],[-53.5842385,1.3473209],[-53.5884961,1.3513839],[-53.5911391,1.3553581],[-53.5952181,1.3581541],[-53.6016874,1.3548037],[-53.6126326,1.3511772],[-53.6185182,1.3513518],[-53.6332463,1.3473586],[-53.6370198,1.3443721],[-53.6418842,1.3349676],[-53.645191,1.3344219],[-53.6509666,1.3362233],[-53.6613537,1.3449789],[-53.6630774,1.3494954],[-53.6547481,1.3530285],[-53.6490515,1.3571027],[-53.6464346,1.3591832],[-53.6435234,1.3638863],[-53.6435233,1.3705757],[-53.6449145,1.3753636],[-53.6451313,1.3802426],[-53.6441028,1.3835894],[-53.64094,1.3884715],[-53.6404371,1.3923574],[-53.6412708,1.3991357],[-53.6446054,1.405548],[-53.6468327,1.4076247],[-53.650302,1.4082538],[-53.6552427,1.4067108],[-53.657769,1.4039972],[-53.6603288,1.3998367],[-53.662631,1.3931466],[-53.6636651,1.3883555],[-53.664437,1.3817575],[-53.6640151,1.3785045],[-53.6648539,1.3752498],[-53.666938,1.373077],[-53.6705504,1.3719895],[-53.6804706,1.3725208],[-53.6823849,1.3770365],[-53.6823548,1.3806521],[-53.683048,1.3843555],[-53.6874958,1.3857977],[-53.6957039,1.3817219],[-53.7014598,1.3779189],[-53.7041554,1.3790009],[-53.7114611,1.3839631],[-53.7139406,1.3887492],[-53.7141028,1.3924553],[-53.7134356,1.3964326],[-53.7095806,1.403666],[-53.706578,1.4071031],[-53.6981045,1.4130771],[-53.6958034,1.4181421],[-53.6968281,1.4229299],[-53.6998822,1.424824],[-53.7105267,1.4266187],[-53.7171883,1.4317626],[-53.7207746,1.4316672],[-53.724054,1.4282292],[-53.7217452,1.4233527],[-53.7183578,1.4208273],[-53.7160227,1.4179367],[-53.7152494,1.4144132],[-53.7154132,1.405376],[-53.7192137,1.4014859],[-53.7245516,1.3990403],[-53.7278037,1.3982222],[-53.7313543,1.3957781],[-53.7313817,1.3919826],[-53.7323267,1.3862888],[-53.735469,1.386556],[-53.7440788,1.3907929],[-53.7500543,1.3911472],[-53.7551049,1.3945743],[-53.7594153,1.4036084],[-53.7624718,1.4083928],[-53.7651311,1.4045052],[-53.7652124,1.40116],[-53.7660474,1.398268],[-53.7680524,1.3959159],[-53.7746111,1.3969023],[-53.7803258,1.4001495],[-53.7837222,1.4028539],[-53.7864624,1.4073696],[-53.7884657,1.4132427],[-53.7916914,1.4166723],[-53.7951868,1.4175707],[-53.798241,1.4191029],[-53.8039934,1.4235249],[-53.8126111,1.4218869],[-53.8156654,1.4218835],[-53.8204919,1.4192567],[-53.8227739,1.4138325],[-53.8163853,1.4079654],[-53.8074907,1.4020131],[-53.805055,1.3972288],[-53.8054147,1.3942454],[-53.8070503,1.3918028],[-53.8098909,1.3903534],[-53.8149392,1.3893544],[-53.820106,1.3891676],[-53.8236024,1.3896138],[-53.8272514,1.3913269],[-53.8307727,1.393853],[-53.8403516,1.3945636],[-53.8438839,1.394288],[-53.8503395,1.3918412],[-53.8528329,1.3937351],[-53.8510804,1.3985264],[-53.8448271,1.3992585],[-53.84161,1.4020618],[-53.8443046,1.4063071],[-53.8507493,1.4052132],[-53.8549711,1.4015942],[-53.8597155,1.4043004],[-53.8646576,1.4060099],[-53.873301,1.4078969],[-53.8763041,1.4075308],[-53.8782973,1.4049091],[-53.8828282,1.4007466],[-53.8856299,1.4024623],[-53.8877512,1.4077873],[-53.8839397,1.4197202],[-53.8773308,1.4317461],[-53.876742,1.4354522],[-53.8807226,1.4402356],[-53.8839665,1.4400503],[-53.8932471,1.4433807],[-53.8954674,1.4461807],[-53.8945784,1.4524162],[-53.8959981,1.4551258],[-53.9028266,1.455477],[-53.91211,1.4583569],[-53.9175286,1.4569028],[-53.919441,1.4517517],[-53.9196137,1.4485891],[-53.9204666,1.4456961],[-53.9224993,1.4422604],[-53.9350502,1.4363707],[-53.9383041,1.4354628],[-53.9403519,1.4374479],[-53.9404695,1.4433218],[-53.9384278,1.4460339],[-53.930387,1.4499297],[-53.9305854,1.4577],[-53.9272155,1.4615896],[-53.9258845,1.4654765],[-53.9287635,1.4691791],[-53.935168,1.4667303],[-53.9398569,1.4684406],[-53.943551,1.4713265],[-53.9489652,1.4704629],[-53.9540837,1.4679697],[-53.9552528,1.471041],[-53.9544969,1.4770939],[-53.9559059,1.4798929],[-53.9586394,1.4817867],[-53.9670765,1.4843951],[-53.9703026,1.4806872],[-53.9726121,1.4761654],[-53.9761347,1.4722767],[-53.9808623,1.4733547],[-53.9833865,1.4779598],[-53.9861632,1.4790387],[-53.9946524,1.4747828],[-53.9974678,1.4757713],[-53.9994986,1.4783885],[-54.0018341,1.4836248],[-54.0034705,1.4894055],[-54.0029871,1.4949176],[-53.9995265,1.5047707],[-54.0061656,1.5173196],[-54.0090493,1.5196647],[-54.0129682,1.5200201],[-54.0202741,1.5157631],[-54.027579,1.5168384],[-54.0211933,1.506819],[-54.0245774,1.4998571],[-54.0279661,1.4993099],[-54.0354706,1.5021911],[-54.0399979,1.5061594],[-54.0457247,1.499647],[-54.0519674,1.4944892],[-54.0559392,1.4934889],[-54.0624372,1.4947449],[-54.066553,1.4991644],[-54.06916,1.5009694],[-54.0794391,1.4949008],[-54.0779651,1.4856899],[-54.0827727,1.4864041],[-54.0864661,1.4882968],[-54.0887478,1.4919974],[-54.087392,1.496607],[-54.0854143,1.5002227],[-54.0851629,1.5054626],[-54.0890291,1.5136805],[-54.0845904,1.5263318],[-54.0901362,1.5347268],[-54.0925789,1.5404151],[-54.0962195,1.5438425],[-54.0987782,1.5505238],[-54.1049727,1.5524119],[-54.1116037,1.5507755],[-54.1145243,1.551223],[-54.1175262,1.5581747],[-54.1149376,1.56676],[-54.1103531,1.574989],[-54.1066895,1.5779745],[-54.1019449,1.5843053],[-54.102,1.5906304],[-54.1110835,1.5879956],[-54.115999,1.5847369],[-54.118551,1.5814801],[-54.1211934,1.5863545],[-54.1228292,1.5908689],[-54.1283569,1.5913127],[-54.1313849,1.5969087],[-54.127413,1.5999856],[-54.1225782,1.6018],[-54.1230827,1.6074007],[-54.1307211,1.61579],[-54.1334971,1.6171409],[-54.1321593,1.6210289],[-54.1298049,1.6239212],[-54.1328337,1.6270799],[-54.1368329,1.6283367],[-54.1423598,1.6285091],[-54.1414712,1.6323047],[-54.1436637,1.640612],[-54.1468534,1.6437689],[-54.1487233,1.6410566],[-54.1524698,1.6393335],[-54.1568835,1.6427589],[-54.1623836,1.6438347],[-54.168917,1.6440041],[-54.1761338,1.6479682],[-54.1756129,1.651942],[-54.1783634,1.6574493],[-54.1822179,1.6580748],[-54.1857503,1.6537353],[-54.1875542,1.646323],[-54.1883003,1.6391849],[-54.1874105,1.6279881],[-54.1911038,1.6249093],[-54.193162,1.6282489],[-54.1974671,1.6317646],[-54.1998799,1.6398909],[-54.2008834,1.6455793],[-54.2029418,1.6490084],[-54.2101327,1.6544175],[-54.2139682,1.6535977],[-54.2192996,1.6568402],[-54.2231368,1.6624341],[-54.2283585,1.6653166],[-54.2287995,1.6705555],[-54.2301392,1.6759715],[-54.2341646,1.6775917],[-54.2380279,1.6756893],[-54.2444456,1.676129],[-54.246774,1.6819057],[-54.2493355,1.6837991],[-54.2538281,1.6838817],[-54.2636586,1.6801626],[-54.2635254,1.6854911],[-54.2627439,1.6883824],[-54.2653614,1.6919009],[-54.2692432,1.6942426],[-54.2656666,1.6957832],[-54.2695781,1.7048118],[-54.2668006,1.7080669],[-54.2705845,1.7102278],[-54.274494,1.7104922],[-54.2800836,1.7076816],[-54.2888281,1.7077571],[-54.2923593,1.708746],[-54.2908059,1.7119105],[-54.2879661,1.7129085],[-54.2829428,1.7162598],[-54.2803551,1.7207793],[-54.2816416,1.7238476],[-54.2843824,1.721674],[-54.2898896,1.7205825],[-54.2931887,1.7259964],[-54.300442,1.7238157],[-54.3027522,1.7271542],[-54.3052771,1.7293161],[-54.3097806,1.7293986],[-54.3134121,1.7334567],[-54.3132505,1.7339994],[-54.3064215,1.737172],[-54.3057753,1.7369027],[-54.3093044,1.7410503],[-54.3119391,1.7385177],[-54.3168827,1.7367923],[-54.3234408,1.7375029],[-54.3258062,1.742556],[-54.329556,1.743816],[-54.3365825,1.7401901],[-54.339111,1.7419911],[-54.3414715,1.7398184],[-54.3446622,1.7406282],[-54.3428041,1.7433388],[-54.3441968,1.7466792],[-54.347692,1.7464923],[-54.3508278,1.7473906],[-54.3517819,1.750278],[-54.3516918,1.7540727],[-54.3567789,1.7552374],[-54.3597182,1.7572183],[-54.3626651,1.7573027],[-54.3698293,1.7590964],[-54.3737747,1.7632439],[-54.3777221,1.7636871],[-54.3792484,1.7604339],[-54.3791049,1.7573636],[-54.3848369,1.7525667],[-54.3845846,1.749407],[-54.3874417,1.7451551],[-54.3925851,1.7493004],[-54.398165,1.7558838],[-54.4039456,1.7597567],[-54.4085829,1.7590259],[-54.4108923,1.7573053],[-54.4178933,1.7565694],[-54.4201947,1.7593642],[-54.4246608,1.7604403],[-54.4297741,1.7580842],[-54.4346093,1.7541004],[-54.4409447,1.7551723],[-54.4443603,1.7566112],[-54.4486124,1.7575064],[-54.4571677,1.7583028],[-54.4613644,1.7566695],[-54.4648072,1.7591926],[-54.4663882,1.7560279],[-54.4706122,1.7557483],[-54.4712753,1.7515051],[-54.4746367,1.7522204],[-54.4776933,1.7521229],[-54.4802462,1.7541959],[-54.4847214,1.7554526],[-54.4856109,1.7512961],[-54.4885047,1.7506587],[-54.491165,1.747312],[-54.4959444,1.7469426],[-54.497969,1.7496478],[-54.5018322,1.7510856],[-54.5085548,1.748274],[-54.5124208,1.7534132],[-54.5158916,1.7529564],[-54.5239703,1.7560099],[-54.5250572,1.7604326],[-54.528107,1.7649425],[-54.5305261,1.7671032],[-54.5340575,1.7678202],[-54.5369971,1.7702529],[-54.5433321,1.7696081],[-54.5547221,1.7731071],[-54.5641529,1.7742645],[-54.5668373,1.7765145],[-54.5710878,1.7775911],[-54.5709102,1.784455],[-54.5738598,1.7843591],[-54.5757539,1.77993],[-54.581054,1.7776613],[-54.5845782,1.7781964],[-54.588138,1.7807183],[-54.5942772,1.7801665],[-54.5985819,1.7818715],[-54.6019171,1.7845734],[-54.6117198,1.779317],[-54.6225014,1.7799274],[-54.6258846,1.7806443],[-54.6280602,1.7772985],[-54.6320569,1.7744015],[-54.6363341,1.7720453],[-54.6407476,1.7714044],[-54.6436397,1.7686],[-54.6484761,1.7694927],[-54.6515614,1.7716547],[-54.6711959,1.7656566],[-54.6760852,1.7684446],[-54.6790242,1.7688912],[-54.6841114,1.7671657],[-54.6871928,1.7686937],[-54.6921635,1.7678717],[-54.6943662,1.7701253],[-54.6952474,1.7734627],[-54.7004969,1.7757097],[-54.7022481,1.7722754],[-54.7062834,1.7719058],[-54.7103908,1.7722587],[-54.7185329,1.7710682],[-54.7237449,1.7713275],[-54.7261105,1.7739418],[-54.7321678,1.7734782],[-54.7368325,1.7739203],[-54.7392512,1.7765328],[-54.7447791,1.7758008],[-54.7464442,1.7864481],[-54.7526662,1.7906794],[-54.753835,1.7938367],[-54.7544217,1.797808],[-54.7525258,1.801152],[-54.7469203,1.805768],[-54.7506717,1.8142477],[-54.7489202,1.8169595],[-54.7438341,1.8192259],[-54.7384599,1.8248356],[-54.7340256,1.8319768],[-54.7406128,1.8320519],[-54.74092,1.8361138],[-54.739779,1.8392766],[-54.7431142,1.8389985],[-54.7439166,1.8428793],[-54.7484849,1.8423276],[-54.7501171,1.8465671],[-54.7531955,1.850985],[-54.7521397,1.8581185],[-54.7524705,1.8624517],[-54.7540823,1.8693986],[-54.7530882,1.87572],[-54.7543658,1.880863],[-54.7590625,1.8901515],[-54.7635315,1.8924889],[-54.7642241,1.8957377],[-54.7624718,1.8988112],[-54.7618645,1.9055837],[-54.7659191,1.90765],[-54.7664414,1.9118944],[-54.7655546,1.9166785],[-54.7691696,1.9205535],[-54.7701983,1.9256957],[-54.7689693,1.9349976],[-54.7715874,1.940499],[-54.7669227,1.94105],[-54.7650275,1.9439437],[-54.7635293,1.9503575],[-54.7605825,1.9534334],[-54.758364,1.9571375],[-54.7601361,1.960204],[-54.7558658,1.9603054],[-54.7563077,1.9636447],[-54.7538033,1.9671708],[-54.7544413,1.9705986],[-54.7559997,1.9742069],[-54.7640006,1.9787924],[-54.772144,1.9784125],[-54.7722542,1.9832874],[-54.7692257,1.9846488],[-54.76833,1.9934072],[-54.7690252,1.9962038],[-54.7808747,1.9996064],[-54.7831121,2.0017684],[-54.7865286,2.0035662],[-54.788139,2.0065414],[-54.7909708,2.0072571],[-54.7923926,2.0106846],[-54.794776,2.0134767],[-54.7949753,2.016817],[-54.7994993,2.0203269],[-54.8038049,2.0258228],[-54.8072533,2.0373695],[-54.8113362,2.0394364],[-54.8095237,2.0441359],[-54.8071955,2.0458552],[-54.8059689,2.0537112],[-54.8071111,2.0567788],[-54.8096639,2.0584884],[-54.812832,2.0628137],[-54.8111962,2.0666984],[-54.8120802,2.0710294],[-54.8061682,2.0763685],[-54.8059466,2.0807932],[-54.8091115,2.0840352],[-54.8080252,2.0884622],[-54.8115064,2.0915213],[-54.8101146,2.0945044],[-54.812697,2.0975676],[-54.8138304,2.1008142],[-54.8101733,2.1037125],[-54.8073605,2.1051644],[-54.8046921,2.1078777],[-54.8057549,2.1119373],[-54.8074186,2.1150933],[-54.8076092,2.1185231],[-54.8092213,2.1227632],[-54.8081975,2.1262859],[-54.8055036,2.1284594],[-54.803581,2.1322538],[-54.8060264,2.134506],[-54.8062543,2.1389277],[-54.8038918,2.1422739],[-54.8009704,2.1425521],[-54.8006136,2.1460735],[-54.7985292,2.1501411],[-54.795251,2.1524063],[-54.7922573,2.1536783],[-54.7896427,2.1562107],[-54.7913893,2.1613533],[-54.7868591,2.1623567],[-54.7835338,2.1640811],[-54.7814813,2.1671549],[-54.7801736,2.1695058],[-54.7832226,2.174192],[-54.7786674,2.1755571],[-54.7743895,2.1778254],[-54.7718115,2.1800883],[-54.7678915,2.1809114],[-54.7693586,2.1844292],[-54.7694771,2.1875887],[-54.7646963,2.1892252],[-54.762836,2.1920276],[-54.7635044,2.198255],[-54.7631109,2.2023191],[-54.7706367,2.2084389],[-54.773752,2.214297],[-54.7734113,2.2179098],[-54.7751126,2.2203423],[-54.7784771,2.2213289],[-54.7815869,2.2233962],[-54.7848358,2.2299776],[-54.7866449,2.2323205],[-54.7935327,2.2384414],[-54.7952799,2.2425883],[-54.7989476,2.2455587],[-54.8004175,2.2506091],[-54.8024772,2.2540352],[-54.8085849,2.2601564],[-54.8101677,2.2627715],[-54.8114203,2.266378],[-54.8113879,2.2728769],[-54.8095579,2.2801058],[-54.8099462,2.2830824],[-54.809085,2.2864242],[-54.8051669,2.28779],[-54.8029197,2.2900511],[-54.806976,2.2947356],[-54.8072223,2.2978941],[-54.8027199,2.3042247],[-54.8020305,2.3077454],[-54.7958389,2.3094806],[-54.7942494,2.3127332],[-54.7961664,2.3179651],[-54.8002482,2.3213837],[-54.8050536,2.3292246],[-54.80756,2.3416749],[-54.809639,2.3452799],[-54.8125816,2.3483409],[-54.8170868,2.3513983],[-54.8258858,2.3617551],[-54.8298636,2.3652639],[-54.840362,2.3768791],[-54.8425846,2.3800327],[-54.857832,2.3941604],[-54.8588603,2.3980399],[-54.8660832,2.402893],[-54.8680279,2.4057772],[-54.8676964,2.4089369],[-54.8723639,2.4121729],[-54.8746964,2.4153254],[-54.8762502,2.4266944],[-54.8709865,2.4359575],[-54.8711377,2.4337191],[-54.8698388,2.4307576],[-54.8689037,2.4301222],[-54.8677277,2.4299441],[-54.8645414,2.4328198],[-54.8628881,2.4295143],[-54.8588685,2.4279902],[-54.855412,2.4277758],[-54.8518022,2.4298736],[-54.8465016,2.4288786],[-54.8446515,2.4292652],[-54.8427004,2.4302765],[-54.8408692,2.4338288],[-54.8388571,2.4340167],[-54.8384199,2.4327597],[-54.8389078,2.4290499],[-54.8408256,2.4262253],[-54.8406437,2.4253183],[-54.8389696,2.4236698],[-54.8346267,2.42387],[-54.8330325,2.4225018],[-54.8312955,2.4223353],[-54.8291571,2.4213097],[-54.8258215,2.4226506],[-54.8242653,2.4220547],[-54.8224031,2.4227852],[-54.8181501,2.4226496],[-54.8165103,2.421789],[-54.8157171,2.4265067],[-54.814929,2.4278559],[-54.8150461,2.4305851],[-54.8141975,2.4316775],[-54.8090488,2.4312504],[-54.80718,2.4332348],[-54.8027775,2.4316329],[-54.8000362,2.4331358],[-54.7985252,2.4331278],[-54.7945848,2.4314431],[-54.7955747,2.4349799],[-54.7987165,2.4364557],[-54.7995541,2.4375788],[-54.7994208,2.438226],[-54.7968333,2.4393889],[-54.7979434,2.440474],[-54.799471,2.4437149],[-54.798787,2.4454495],[-54.7975377,2.4464608],[-54.7960506,2.4466988],[-54.7851447,2.4424051],[-54.7819523,2.4424157],[-54.7801677,2.4430701],[-54.7774323,2.446988],[-54.7742325,2.4483803],[-54.7734711,2.4502362],[-54.7736376,2.4539958],[-54.7723266,2.4582783],[-54.7781443,2.4575288],[-54.7798932,2.4588851],[-54.7804643,2.4608838],[-54.7782995,2.4688038],[-54.7782871,2.4730548],[-54.7762686,2.4719599],[-54.7729766,2.4719212],[-54.7710445,2.4735085],[-54.7701095,2.4756712],[-54.7651614,2.4745203],[-54.7650092,2.472726],[-54.763939,2.4706277],[-54.7640936,2.4659069],[-54.7609337,2.4635274],[-54.7564603,2.4645363],[-54.7549946,2.4657736],[-54.751462,2.4671303],[-54.7490902,2.4704527],[-54.7449445,2.4695191],[-54.7440887,2.4700392],[-54.7435556,2.4718611],[-54.7401519,2.4719844],[-54.7379791,2.4714577],[-54.7374335,2.4700504],[-54.7349846,2.4690915],[-54.7337546,2.4656504],[-54.730903,2.4633597],[-54.7292245,2.463661],[-54.7273241,2.4650759],[-54.721766,2.4663824],[-54.7195678,2.4657807],[-54.7178903,2.4619581],[-54.7151469,2.4599496],[-54.7138254,2.4600985],[-54.712189,2.4612522],[-54.7102282,2.461289],[-54.7093081,2.4601203],[-54.7019095,2.4623214],[-54.7012316,2.4619595],[-54.6964822,2.4623497],[-54.691611,2.4576021],[-54.6921088,2.4549139],[-54.6939597,2.4533309],[-54.6945853,2.4514271],[-54.6925037,2.4491923],[-54.6918382,2.4474343],[-54.6875467,2.4482019],[-54.6846533,2.4476499],[-54.6844444,2.4471667],[-54.6852624,2.446127],[-54.6865188,2.4458796],[-54.6872457,2.4431487],[-54.6880729,2.4423665],[-54.6898101,2.4417933],[-54.6916717,2.4396589],[-54.6963773,2.4365948],[-54.6988285,2.4376434],[-54.7011695,2.4373117],[-54.7028884,2.435222],[-54.7032989,2.4325224],[-54.699801,2.4313479],[-54.6992829,2.4231752],[-54.6958925,2.4213642],[-54.6928278,2.4209485],[-54.6935102,2.416023],[-54.6903256,2.4145721],[-54.6865666,2.4137411],[-54.6858056,2.4116389],[-54.6902845,2.408893],[-54.6923177,2.4086012],[-54.6951004,2.4071224],[-54.6973449,2.4072323],[-54.6997414,2.4062302],[-54.7022331,2.4072658],[-54.7053066,2.4075908],[-54.7075904,2.4071436],[-54.7092763,2.4060047],[-54.7115548,2.4074176],[-54.7136893,2.4075023],[-54.7191402,2.4038632],[-54.7186117,2.3995677],[-54.7142014,2.398822],[-54.7133087,2.3963174],[-54.7108962,2.3952298],[-54.7099397,2.3940943],[-54.7116441,2.3922056],[-54.7137094,2.3916399],[-54.7149979,2.3904947],[-54.7153982,2.3850121],[-54.7175464,2.3840782],[-54.7176306,2.3827578],[-54.7168272,2.3776077],[-54.7154181,2.3765106],[-54.7133786,2.3764058],[-54.7119968,2.3746186],[-54.7093067,2.3726527],[-54.7089082,2.3712202],[-54.7095794,2.369515],[-54.7093924,2.3675082],[-54.7077574,2.3643946],[-54.706094,2.3625753],[-54.7048863,2.3621206],[-54.7036898,2.3620941],[-54.7021907,2.363245],[-54.6971203,2.3635982],[-54.6916111,2.3617778],[-54.6916535,2.3600641],[-54.6928404,2.3594148],[-54.6932626,2.3579879],[-54.6927564,2.3561003],[-54.6939302,2.3528671],[-54.6931297,2.3515706],[-54.6902911,2.3515676],[-54.6813673,2.3551744],[-54.6801772,2.3545259],[-54.6804598,2.3519752],[-54.6793335,2.3503192],[-54.6759153,2.3498675],[-54.6740659,2.3503277],[-54.6733528,2.3511566],[-54.6745428,2.3537385],[-54.6745935,2.3551804],[-54.6717765,2.3582192],[-54.6693897,2.358444],[-54.6676305,2.3564995],[-54.6637146,2.3565113],[-54.6653915,2.3530638],[-54.6678568,2.3505702],[-54.668171,2.3488517],[-54.6666011,2.3432778],[-54.6682736,2.3407389],[-54.6679538,2.3400418],[-54.665973,2.3399039],[-54.6644015,2.3387464],[-54.6633592,2.3393153],[-54.6615441,2.3392583],[-54.660816,2.3384765],[-54.6605182,2.3354502],[-54.6624661,2.3311659],[-54.6623314,2.3278765],[-54.6611678,2.3270602],[-54.659507,2.3270916],[-54.6574129,2.3261413],[-54.6555977,2.3271763],[-54.6544212,2.3271985],[-54.6524642,2.3254692],[-54.6488898,2.3243767],[-54.6445541,2.3241468],[-54.6429791,2.3221982],[-54.6370976,2.3239661],[-54.6350816,2.3227743],[-54.6333087,2.3225622],[-54.6294779,2.3250663],[-54.6241937,2.3251477],[-54.6231641,2.3233833],[-54.6200376,2.3229377],[-54.6174771,2.3216593],[-54.6153489,2.3221063],[-54.615575,2.3233639],[-54.6186219,2.327609],[-54.6164571,2.3301073],[-54.6168306,2.3354214],[-54.6145642,2.3372729],[-54.6141027,2.3387025],[-54.6132419,2.3389973],[-54.6115693,2.3388549],[-54.6113152,2.3352505],[-54.6077845,2.3350401],[-54.606655,2.3359761],[-54.605788,2.3379178],[-54.6012619,2.3376453],[-54.6027205,2.3355449],[-54.6022826,2.3326514],[-54.5992551,2.3326991],[-54.5980368,2.3333178],[-54.5956835,2.3318525],[-54.5956594,2.3286847],[-54.5973809,2.3272832],[-54.5971849,2.3260142],[-54.5947459,2.3249672],[-54.5921047,2.3248602],[-54.5875893,2.3222727],[-54.5851718,2.3227295],[-54.5836148,2.3238608],[-54.5800456,2.3235514],[-54.5775424,2.3248387],[-54.5758292,2.3268518],[-54.5738896,2.3267077],[-54.5711057,2.3274944],[-54.5674546,2.3257295],[-54.5636009,2.3260309],[-54.5607249,2.3268993],[-54.5573731,2.3300514],[-54.5551941,2.3298137],[-54.5539048,2.3257058],[-54.5514228,2.3262475],[-54.5493194,2.3248008],[-54.5448988,2.3267275],[-54.5432875,2.3267577],[-54.5394694,2.3254392],[-54.5368689,2.3254137],[-54.5365394,2.3228286],[-54.5373066,2.3204794],[-54.5327085,2.3173322],[-54.5339566,2.3111661],[-54.5326505,2.3109345],[-54.5316738,2.3117888],[-54.5303513,2.3118325],[-54.5280712,2.3100907],[-54.5282072,2.3083055],[-54.5313591,2.3042967],[-54.5313164,2.3026567],[-54.5294777,2.3015287],[-54.5275863,2.3012934],[-54.5230365,2.2976058],[-54.5249996,2.2962733],[-54.5255596,2.2905006],[-54.5188136,2.2887274],[-54.5169719,2.2868671],[-54.5166213,2.2847048],[-54.5150872,2.28293],[-54.5136557,2.2798544],[-54.5146958,2.2780169],[-54.5181467,2.2766987],[-54.5218924,2.2769622],[-54.5248931,2.2785171],[-54.5260099,2.278542],[-54.529133,2.2756884],[-54.5362206,2.2725259],[-54.5417926,2.272446],[-54.5431556,2.2717489],[-54.5485353,2.2722857],[-54.5489625,2.269875],[-54.5445263,2.267162],[-54.5416135,2.2664148],[-54.5410388,2.2655225],[-54.5413093,2.2638574],[-54.5391543,2.263143],[-54.5363386,2.260786],[-54.5335209,2.260335],[-54.531619,2.2614004],[-54.5276279,2.2611332],[-54.5261371,2.2595021],[-54.5254471,2.2576369],[-54.5255339,2.2555032],[-54.5231427,2.2519532],[-54.5204372,2.2527741],[-54.5185099,2.2527098],[-54.5143138,2.2513946],[-54.5113781,2.2511487],[-54.5106634,2.2514865],[-54.5099995,2.2533186],[-54.5061809,2.2548606],[-54.5035643,2.2543397],[-54.5013254,2.2521706],[-54.4993376,2.2518857],[-54.4987713,2.249998],[-54.496171,2.2478957],[-54.4961512,2.2451935],[-54.4955816,2.2445294],[-54.4969997,2.2438711],[-54.4987399,2.2403974],[-54.4961197,2.2365017],[-54.4971551,2.2343066],[-54.4935152,2.2311165],[-54.4908244,2.2328149],[-54.4855507,2.2337166],[-54.4826997,2.2286872],[-54.4791492,2.2282452],[-54.4765928,2.2270757],[-54.4768244,2.2230454],[-54.478225,2.2159397],[-54.4769306,2.2123919],[-54.4735727,2.2143654],[-54.4710036,2.2116749],[-54.4672835,2.2113362],[-54.4648065,2.2089084],[-54.4623823,2.2088592],[-54.4603973,2.2077194],[-54.4573407,2.2091474],[-54.4552392,2.2090728],[-54.4530374,2.2077967],[-54.4524474,2.2058082],[-54.4487326,2.2036392],[-54.4460818,2.2042024],[-54.4438315,2.2039918],[-54.4415413,2.2050723],[-54.4391945,2.2069948],[-54.4375164,2.2092467],[-54.4304855,2.2144945],[-54.428832,2.2140983],[-54.4233216,2.214365],[-54.421775,2.2132228],[-54.4207756,2.2116286],[-54.4185746,2.2108077],[-54.4157118,2.2073152],[-54.4165874,2.2052022],[-54.4183387,2.2046121],[-54.4191192,2.2029751],[-54.4160164,2.1993773],[-54.4133894,2.1993773],[-54.4105043,2.1981704],[-54.4090048,2.2003277],[-54.4078486,2.2008329],[-54.4031638,2.2022651],[-54.4007367,2.2022185],[-54.3978922,2.2035611],[-54.3928721,2.2087065],[-54.3900837,2.2131319],[-54.3901586,2.2143084],[-54.3894787,2.2151367],[-54.3870088,2.2160219],[-54.3856811,2.2171926],[-54.3840821,2.2209331],[-54.3793094,2.2232049],[-54.3771176,2.2263932],[-54.3733901,2.2273456],[-54.3705785,2.2265314],[-54.3693934,2.2260704],[-54.3683219,2.223586],[-54.3666087,2.2240144],[-54.3640178,2.2267471],[-54.3618022,2.2241809],[-54.3591372,2.2242047],[-54.3591134,2.2196361],[-54.3600652,2.2181609],[-54.3604459,2.2133306],[-54.3616356,2.2114984],[-54.3602079,2.209571],[-54.3592755,2.2068242],[-54.3563406,2.2061384],[-54.3539849,2.2028547],[-54.3575684,2.1998137],[-54.3575233,2.197038],[-54.3580253,2.1963588],[-54.3623654,2.1941887],[-54.3620208,2.1919028],[-54.3607236,2.1896772],[-54.3609596,2.1882201],[-54.3611976,2.1876775],[-54.3630821,2.1875633],[-54.3642585,2.1867055],[-54.36186,2.1840214],[-54.3618219,2.1828793],[-54.3631735,2.1801572],[-54.3628118,2.1777777],[-54.3612699,2.1751127],[-54.3597915,2.1744788],[-54.357847,2.1748667],[-54.3540947,2.1715971],[-54.3534094,2.1703408],[-54.3520891,2.1696606],[-54.3505969,2.1704693],[-54.3499861,2.1732],[-54.3480271,2.1734388],[-54.3440535,2.1702296],[-54.3410028,2.1704282],[-54.3389752,2.1690537],[-54.3401835,2.1663408],[-54.3401395,2.1652652],[-54.3420905,2.1629954],[-54.3421833,2.162046],[-54.3411182,2.1604964],[-54.338447,2.1599166],[-54.337963,2.158115],[-54.3350303,2.1536741],[-54.3316467,2.154445],[-54.329494,2.1534952],[-54.3266981,2.1546254],[-54.324854,2.1538521],[-54.3233074,2.1540008],[-54.3214756,2.1576928],[-54.320452,2.1589085],[-54.319405,2.1591442],[-54.3163985,2.1571794],[-54.3134049,2.1575452],[-54.3120385,2.1571439],[-54.3091832,2.1538463],[-54.3081597,2.1535066],[-54.3058123,2.1546731],[-54.3043164,2.1544467],[-54.3015206,2.1526416],[-54.2931737,2.1501749],[-54.2883042,2.147053],[-54.2823967,2.1470473],[-54.280051,2.1456854],[-54.2720802,2.1457094],[-54.270775,2.143966],[-54.2688569,2.1440643],[-54.2673281,2.1434189],[-54.2657963,2.1448997],[-54.2655169,2.1466388],[-54.2648345,2.1473507],[-54.2623083,2.1478089],[-54.2593766,2.1509035],[-54.2579325,2.1536872],[-54.2545437,2.1554507],[-54.2506826,2.1525239],[-54.248402,2.1541226],[-54.2469267,2.1543327],[-54.2453961,2.1558175],[-54.2438216,2.1547406],[-54.240827,2.1565232],[-54.233366,2.157236],[-54.2327027,2.1582746],[-54.2328056,2.1611798],[-54.2321344,2.161767],[-54.2302051,2.1615131],[-54.2286036,2.1590596],[-54.2262571,2.1589306],[-54.2231488,2.1614384],[-54.2214334,2.161533],[-54.2198679,2.1605423],[-54.2180743,2.161154],[-54.2172453,2.1638353],[-54.2149749,2.1647663],[-54.2136624,2.1644485],[-54.2129117,2.162693],[-54.2092332,2.1625421],[-54.2087259,2.1611635],[-54.2077858,2.1606866],[-54.2060648,2.1620245],[-54.2036875,2.1626927],[-54.2018998,2.1661121],[-54.1998439,2.1674999],[-54.1964246,2.167332],[-54.1936473,2.1697158],[-54.1925149,2.1694634],[-54.1908999,2.1702324],[-54.1902411,2.1779573],[-54.1894879,2.178754],[-54.1873838,2.1794207],[-54.1857041,2.1782112],[-54.1841418,2.1783484],[-54.1834921,2.177235],[-54.1843523,2.1756074],[-54.1839204,2.1743225],[-54.1852149,2.1724372],[-54.1846432,2.1683457],[-54.1858517,2.1656635],[-54.1859481,2.1640117],[-54.18313,2.1608667],[-54.1833633,2.1557176],[-54.1816645,2.1548851],[-54.1817658,2.1522362],[-54.181017,2.1516021],[-54.1772853,2.1510829],[-54.1752528,2.1497126],[-54.1739999,2.1502988],[-54.171412,2.1495204],[-54.1699129,2.1510195],[-54.1693537,2.1525423],[-54.1671765,2.1527089],[-54.1669505,2.1476169],[-54.1685316,2.1458235],[-54.168215,2.1433508],[-54.1664507,2.1397288],[-54.1646043,2.1381108],[-54.1620916,2.1370448],[-54.1571268,2.1371179],[-54.1566263,2.136706],[-54.1566501,2.1337554],[-54.1556507,2.1321612],[-54.1532474,2.1322564],[-54.1515342,2.1298293],[-54.1519387,2.1277116],[-54.152486,2.1269026],[-54.1541897,2.1265508],[-54.1542673,2.1250822],[-54.1561797,2.1225043],[-54.1530997,2.1218492],[-54.1524201,2.1198679],[-54.151453,2.119062],[-54.1499662,2.1195882],[-54.1471108,2.1219311],[-54.1438002,2.1200719],[-54.1436293,2.11658],[-54.1421297,2.1176597],[-54.1391744,2.1181832],[-54.1368812,2.1196862],[-54.13543,2.121782],[-54.1327023,2.1213479],[-54.1309534,2.1203128],[-54.1283122,2.1216096],[-54.1268397,2.1237619],[-54.1249005,2.1232503],[-54.1243175,2.1235715],[-54.1222949,2.1216204],[-54.118809,2.1214538],[-54.1184878,2.1203235],[-54.1152189,2.117616],[-54.1120814,2.117671],[-54.109173,2.1148825],[-54.1092135,2.1135573],[-54.1085258,2.1126363],[-54.1064074,2.111041],[-54.1039124,2.1110663],[-54.101307,2.1120101],[-54.1025105,2.1160025],[-54.1039025,2.1168942],[-54.1063489,2.1209002],[-54.105171,2.1226419],[-54.1023157,2.1249048],[-54.1007524,2.1276388],[-54.0987608,2.1281885],[-54.0985716,2.1309408],[-54.0949542,2.132304],[-54.094811,2.1341338],[-54.0934931,2.1361663],[-54.0937395,2.1379648],[-54.0932769,2.1391737],[-54.0919492,2.1395449],[-54.0893223,2.1387883],[-54.0871264,2.1359827],[-54.083659,2.1359216],[-54.0833875,2.1402581],[-54.0871596,2.1418414],[-54.0876432,2.143407],[-54.0871012,2.1450997],[-54.0852244,2.1457053],[-54.08486,2.1489206],[-54.0843035,2.1496269],[-54.0857849,2.1520939],[-54.0878365,2.1537629],[-54.0866747,2.1554882],[-54.0860393,2.1589243],[-54.0843517,2.1618391],[-54.0824813,2.1627101],[-54.0813134,2.1646037],[-54.0811322,2.1660695],[-54.0831459,2.1691258],[-54.0822721,2.1732793],[-54.0809682,2.1746784],[-54.0777234,2.1746933],[-54.0759873,2.1771558],[-54.0739317,2.1771989],[-54.0717917,2.1790652],[-54.0733255,2.1830136],[-54.0711246,2.1856823],[-54.068423,2.1875323],[-54.0681094,2.1888396],[-54.0653126,2.1887127],[-54.0651411,2.1912821],[-54.066128,2.1918572],[-54.0661296,2.1926079],[-54.0650735,2.1965841],[-54.0586652,2.1974844],[-54.0575979,2.1955268],[-54.0580412,2.1921576],[-54.0559675,2.1902796],[-54.054807,2.1896006],[-54.0523824,2.1898458],[-54.0484395,2.1888902],[-54.0461332,2.1864638],[-54.0435558,2.1862683],[-54.0416717,2.187611],[-54.0383833,2.1874698],[-54.0375471,2.1880545],[-54.0342145,2.1877198],[-54.0324452,2.1882603],[-54.0314312,2.1870445],[-54.0293632,2.1866862],[-54.0281482,2.1855973],[-54.0264321,2.1870129],[-54.024827,2.1852814],[-54.0232439,2.1812112],[-54.0224218,2.1810684],[-54.0206569,2.1821491],[-54.0166947,2.1819183],[-54.0149636,2.1829813],[-54.0140205,2.1856343],[-54.0144469,2.1873405],[-54.01028,2.1879197],[-54.0085153,2.1891719],[-54.0057938,2.1956735],[-54.0043575,2.1965358],[-54.0024276,2.1956652],[-54.0008003,2.1964967],[-54.0003297,2.1979355],[-53.9984526,2.2000785],[-53.9980442,2.2020896],[-53.995907,2.2050382],[-53.994042,2.2053105],[-53.9879233,2.2113171],[-53.9846546,2.2120904],[-53.9812579,2.2080292],[-53.9783575,2.2065893],[-53.9750641,2.2065452],[-53.9732231,2.2070654],[-53.9718333,2.2083611],[-53.9700377,2.2123604],[-53.9684467,2.212889],[-53.9664786,2.2148016],[-53.966365,2.2166727],[-53.9638973,2.2187565],[-53.962492,2.2192791],[-53.9577252,2.2164375],[-53.9554561,2.2174103],[-53.9549816,2.2182674],[-53.9519787,2.2186323],[-53.9495952,2.2167906],[-53.947829,2.2166711],[-53.9457389,2.2147933],[-53.9441767,2.2150563],[-53.9428807,2.2163651],[-53.942217,2.2190705],[-53.9397268,2.2203059],[-53.9398059,2.2218223],[-53.9416574,2.2237701],[-53.9407503,2.2254808],[-53.9414873,2.2278067],[-53.9432746,2.2284675],[-53.943493,2.2301363],[-53.9395708,2.2343228],[-53.9366987,2.2340502],[-53.934797,2.2344973],[-53.933653,2.2354898],[-53.9334032,2.2367509],[-53.934834,2.2397619],[-53.94126,2.2437107],[-53.9409366,2.2452117],[-53.9420806,2.246677],[-53.9391478,2.248681],[-53.9371373,2.2509409],[-53.9392948,2.2536506],[-53.9400685,2.2589152],[-53.938797,2.2609738],[-53.9364784,2.2627633],[-53.9355399,2.2687171],[-53.9375196,2.2710966],[-53.9384904,2.2717247],[-53.9399562,2.2711727],[-53.9417646,2.2727907],[-53.940927,2.2754177],[-53.941479,2.2774355],[-53.9392899,2.2793961],[-53.9376719,2.2828797],[-53.9359396,2.2839076],[-53.9313862,2.2837115],[-53.929668,2.2849059],[-53.9257697,2.2852125],[-53.9221595,2.2887621],[-53.9215523,2.2864817],[-53.9177159,2.2826212],[-53.9138202,2.2821101],[-53.9089947,2.2827237],[-53.9097329,2.2790356],[-53.9112851,2.2785238],[-53.911761,2.2775244],[-53.9117848,2.273289],[-53.9108568,2.2720755],[-53.9095005,2.2721707],[-53.907607,2.27375],[-53.9008075,2.2717528],[-53.9002426,2.2723619],[-53.8967089,2.2729234],[-53.8942128,2.2762088],[-53.8921118,2.2768067],[-53.8914356,2.2753652],[-53.8916667,2.2734967],[-53.8910648,2.271748],[-53.8890079,2.2719755],[-53.8874982,2.2731148],[-53.8862267,2.2727179],[-53.8851576,2.2750039],[-53.8886507,2.2788655],[-53.8873861,2.2812474],[-53.8898711,2.2853671],[-53.88932,2.2870687],[-53.8870391,2.2889006],[-53.8859824,2.2923421],[-53.8859481,2.2935156],[-53.8882219,2.2961546],[-53.8858047,2.2978284],[-53.8858838,2.2998499],[-53.8847375,2.3018182],[-53.8846537,2.3041022],[-53.8831284,2.3087477],[-53.877336,2.308315],[-53.8743706,2.3075439],[-53.8723498,2.3088715],[-53.8692065,2.3087226],[-53.8690603,2.3079578],[-53.8674024,2.306868],[-53.8665352,2.3047571],[-53.8656728,2.3043788],[-53.8625811,2.3068566],[-53.8627032,2.3087835],[-53.8619095,2.3108333],[-53.856994,2.3122481],[-53.8548953,2.3143754],[-53.8523744,2.312422],[-53.8507118,2.3123421],[-53.8495132,2.3129785],[-53.8490239,2.3134533],[-53.8490646,2.3176872],[-53.850711,2.3194684],[-53.8507974,2.3208684],[-53.8495271,2.3224106],[-53.8455041,2.3225114],[-53.8462048,2.3240911],[-53.8460977,2.3254212],[-53.8406722,2.3249692],[-53.8382376,2.3273256],[-53.8360589,2.3272371],[-53.8349055,2.3293645],[-53.8347593,2.3317045],[-53.8328494,2.3332643],[-53.8282332,2.3340866],[-53.8272748,2.335287],[-53.8220561,2.3350752],[-53.8171531,2.3379686],[-53.8098152,2.3401556],[-53.8086255,2.3425921],[-53.8087428,2.345195],[-53.8093224,2.3460257],[-53.8091394,2.3492356],[-53.8107405,2.3513029],[-53.8105854,2.3525785],[-53.8080773,2.3531298],[-53.8056852,2.3546331],[-53.803848,2.3533138],[-53.8021275,2.3541722],[-53.8000792,2.3538394],[-53.7986042,2.3600184],[-53.7974973,2.3611427],[-53.7913516,2.3620115],[-53.78993,2.3617838],[-53.7883184,2.3601848],[-53.7873609,2.3612925],[-53.7829387,2.3608614],[-53.7819492,2.3622714],[-53.783205,2.3650886],[-53.7817526,2.3687602],[-53.7790151,2.3704469],[-53.7763386,2.3699988],[-53.7741578,2.3689225],[-53.7728539,2.3691741],[-53.7720743,2.3708236],[-53.7705194,2.371845],[-53.7697444,2.3742377],[-53.7685301,2.3751852],[-53.7658918,2.3753548],[-53.7605647,2.3736893],[-53.7574558,2.3749544],[-53.7562445,2.3736621],[-53.756196,2.3713819],[-53.7521908,2.3705905],[-53.7507329,2.369197],[-53.7492295,2.3699656],[-53.7437688,2.3692339],[-53.7420918,2.3704124],[-53.7419711,2.3724458],[-53.7414181,2.3732307],[-53.7376161,2.3737434],[-53.7352398,2.3712561],[-53.7357941,2.3700894],[-53.7367104,2.3696714],[-53.7367276,2.3678338],[-53.7385761,2.3653629],[-53.7403607,2.3648633],[-53.7424329,2.3650638],[-53.7479524,2.3624702],[-53.7497451,2.3624625],[-53.7521589,2.3606273],[-53.7524635,2.3595803],[-53.7504606,2.3574764],[-53.7479404,2.3580415],[-53.7469304,2.3577485],[-53.7465572,2.3548999],[-53.7447189,2.3542484],[-53.7421841,2.3581651],[-53.7400664,2.358641],[-53.7390075,2.3604851],[-53.7381337,2.3606164],[-53.7359512,2.3583308],[-53.7343879,2.3593123],[-53.7332862,2.3584505],[-53.7332568,2.3561335],[-53.7320575,2.3545736],[-53.7306328,2.3542675],[-53.7298974,2.3529125],[-53.7283378,2.3524938],[-53.7280339,2.3480558],[-53.7251096,2.349048],[-53.7233823,2.3488312],[-53.7221687,2.3514581],[-53.7209267,2.35073],[-53.7210409,2.3480317],[-53.721926,2.3472893],[-53.7236966,2.3431454],[-53.7249625,2.3418732],[-53.7262458,2.3380311],[-53.7303697,2.3349079],[-53.7339422,2.3350147],[-53.7382305,2.3316216],[-53.7380083,2.3301874],[-53.7356259,2.3283792],[-53.7347701,2.3247072],[-53.7369659,2.3236845],[-53.739798,2.3234323],[-53.7410316,2.3210697],[-53.7438017,2.3201267],[-53.7451701,2.3190248],[-53.7445454,2.3136122],[-53.744849,2.3123874],[-53.7468121,2.3097224],[-53.7430456,2.3093804],[-53.742118,2.308814],[-53.7412345,2.3080011],[-53.7407205,2.305831],[-53.7380365,2.3067067],[-53.7352573,2.3052409],[-53.7348956,2.3017193],[-53.7322306,2.3020239],[-53.7318118,2.3053742],[-53.7292801,2.3097334],[-53.7285395,2.3100802],[-53.726401,2.3091485],[-53.72401,2.309545],[-53.7230752,2.3105455],[-53.7225946,2.3122563],[-53.721415,2.312654],[-53.7185475,2.309363],[-53.716977,2.3104709],[-53.70872,2.3102674],[-53.707422,2.3064799],[-53.7045815,2.3053929],[-53.7043923,2.3079273],[-53.7035576,2.3094582],[-53.7037212,2.3107278],[-53.7028146,2.3118057],[-53.7003719,2.3118193],[-53.6989265,2.3107783],[-53.6968329,2.310702],[-53.6960543,2.3097055],[-53.6969304,2.3078932],[-53.6964296,2.3059095],[-53.6976368,2.3037424],[-53.6976725,2.3016062],[-53.699256,2.3001393],[-53.698566,2.2950512],[-53.6969289,2.2932238],[-53.6953648,2.2943223],[-53.6933398,2.2936649],[-53.6891482,2.2945489],[-53.6871503,2.294082],[-53.6862617,2.2932503],[-53.6840534,2.2945364],[-53.6818445,2.2942132],[-53.6816285,2.2954642],[-53.6840586,2.2973947],[-53.6822138,2.2990129],[-53.6786577,2.2976005],[-53.6774185,2.2960244],[-53.6745422,2.2965817],[-53.6725022,2.3014826],[-53.6688798,2.303823],[-53.6683991,2.3011927],[-53.6659044,2.3025317],[-53.6629294,2.3009461],[-53.6625156,2.2983573],[-53.6600281,2.2958858],[-53.6640314,2.2916568],[-53.6641825,2.2902723],[-53.6683917,2.2889253],[-53.6694268,2.2879174],[-53.6691635,2.2872194],[-53.6680528,2.2853613],[-53.6653045,2.2834696],[-53.6636698,2.2835667],[-53.6621279,2.2846236],[-53.660715,2.2841757],[-53.6602958,2.28134],[-53.6592012,2.2794598],[-53.6541605,2.2793034],[-53.6526886,2.2782841],[-53.6503079,2.2784723],[-53.649574,2.2776184],[-53.6473601,2.27778],[-53.6445515,2.275444],[-53.6419661,2.277724],[-53.6419092,2.2798808],[-53.6401719,2.2825167],[-53.6387399,2.2825766],[-53.6360334,2.2799981],[-53.6352034,2.2798591],[-53.6331837,2.2818594],[-53.6300555,2.2812883],[-53.6295576,2.2791901],[-53.6283505,2.279237],[-53.6272291,2.2779201],[-53.6256079,2.2786115],[-53.6238624,2.2786048],[-53.6236742,2.2763146],[-53.6226544,2.2753182],[-53.6205924,2.2751193],[-53.6191084,2.2726585],[-53.6168846,2.274424],[-53.6162907,2.2764105],[-53.6148582,2.2779791],[-53.6129799,2.2784581],[-53.6117842,2.2816778],[-53.6098324,2.2812288],[-53.610196,2.278855],[-53.6090421,2.278221],[-53.6076305,2.2784401],[-53.604514,2.2812672],[-53.6012665,2.2799384],[-53.5991796,2.280866],[-53.5978944,2.2800079],[-53.5978293,2.2787817],[-53.59725,2.27825],[-53.5976627,2.2767623],[-53.5937535,2.2744266],[-53.5934519,2.2732392],[-53.592383,2.2730643],[-53.5914814,2.2721043],[-53.5893537,2.2717493],[-53.5888308,2.2700604],[-53.5878461,2.269029],[-53.5882821,2.2667159],[-53.5868539,2.2633975],[-53.5815789,2.2632778],[-53.5818501,2.2666089],[-53.5813429,2.268761],[-53.5786486,2.2691981],[-53.5764386,2.2672848],[-53.5730664,2.2707977],[-53.5724675,2.2700917],[-53.5722999,2.2676851],[-53.5696137,2.2675059],[-53.5681762,2.2668137],[-53.5669999,2.26397],[-53.5607966,2.2645387],[-53.5595083,2.2641492],[-53.5587374,2.2627779],[-53.5589311,2.26096],[-53.5570637,2.2603387],[-53.5544701,2.2572353],[-53.5524404,2.2571848],[-53.5515169,2.2583532],[-53.5497143,2.2586811],[-53.5468489,2.2606191],[-53.5461228,2.2630237],[-53.5466262,2.264287],[-53.5463784,2.2658043],[-53.5443017,2.2660174],[-53.5434209,2.2677319],[-53.5392383,2.2654932],[-53.5349609,2.2652569],[-53.5344153,2.2639844],[-53.5329932,2.2631089],[-53.531056,2.2640334],[-53.5291644,2.2634029],[-53.5279955,2.2649671],[-53.5253444,2.2644134],[-53.524326,2.2650199],[-53.5242427,2.2608249],[-53.5246503,2.2599673],[-53.524271,2.2595381],[-53.5220561,2.2590727],[-53.5210662,2.2605022],[-53.5200676,2.2608821],[-53.517564,2.2594398],[-53.5157924,2.2571603],[-53.5146788,2.2576057],[-53.5100008,2.2575376],[-53.5053014,2.2587154],[-53.499769,2.2616857],[-53.497416,2.2599807],[-53.4961096,2.2607955],[-53.4954904,2.2566162],[-53.4922932,2.2565708],[-53.4913295,2.257249],[-53.4913213,2.2587904],[-53.4899917,2.2619444],[-53.4846318,2.2619786],[-53.4843001,2.2606505],[-53.4833097,2.2595798],[-53.4799957,2.2594298],[-53.4748417,2.257562],[-53.474967,2.2549366],[-53.473082,2.2551161],[-53.4718845,2.2542292],[-53.4713015,2.2522094],[-53.4692,2.2520821],[-53.4678223,2.254145],[-53.4650213,2.2522885],[-53.4614919,2.2528807],[-53.4596485,2.2548173],[-53.4592633,2.2568423],[-53.4573278,2.2570354],[-53.4568596,2.2575604],[-53.4557562,2.2605325],[-53.4543241,2.2595613],[-53.4508732,2.2594976],[-53.4504952,2.2622638],[-53.4492763,2.2647637],[-53.4480435,2.2664723],[-53.4460239,2.2670878],[-53.4455283,2.2739767],[-53.4440621,2.2759997],[-53.4459892,2.2780895],[-53.4464032,2.2794261],[-53.4476638,2.2804173],[-53.447468,2.281744],[-53.4459609,2.2832223],[-53.4436989,2.2831588],[-53.4425603,2.2819035],[-53.4403582,2.2824967],[-53.4390988,2.2835837],[-53.4374852,2.2833612],[-53.4360546,2.2845637],[-53.4353095,2.2836806],[-53.4345477,2.2838596],[-53.4315173,2.2825801],[-53.4323451,2.2882168],[-53.43126,2.2902726],[-53.4324981,2.2930627],[-53.4346579,2.2949173],[-53.432512,2.2982483],[-53.4278038,2.2954574],[-53.4275666,2.2938885],[-53.4252019,2.2918724],[-53.4249896,2.288907],[-53.421994,2.2862104],[-53.4195201,2.2879086],[-53.4178783,2.2868438],[-53.4161115,2.2888247],[-53.4117855,2.2864555],[-53.4091745,2.287455],[-53.4072268,2.2893494],[-53.406463,2.2893708],[-53.4062831,2.2926164],[-53.4048673,2.2960095],[-53.4021279,2.297496],[-53.3993446,2.3002202],[-53.3998154,2.3017696],[-53.3994593,2.303082],[-53.4002869,2.3046882],[-53.3970699,2.3053669],[-53.3950624,2.3066058],[-53.3934212,2.3066065],[-53.3921014,2.3076332],[-53.3877224,2.3070705],[-53.3854072,2.3089431],[-53.3832085,2.309105],[-53.3828183,2.3104279],[-53.3814009,2.3118083],[-53.380434,2.3114891],[-53.3792362,2.3128123],[-53.3772825,2.3133611],[-53.3738878,2.3122026],[-53.3715289,2.3126995],[-53.3707121,2.315533],[-53.369061,2.3167694],[-53.3702031,2.3209192],[-53.3700318,2.3219091],[-53.3657107,2.3223279],[-53.3645686,2.3233939],[-53.3637048,2.3257866],[-53.3595074,2.3265148],[-53.3569803,2.3288491],[-53.3589078,2.3339937],[-53.3577865,2.3374995],[-53.3579815,2.3394975],[-53.3590048,2.3415065],[-53.3586526,2.3438194],[-53.3598023,2.3449636],[-53.3589851,2.3459035],[-53.3588181,2.3471399],[-53.3546802,2.3478273],[-53.3522466,2.3472402],[-53.3510759,2.3460505],[-53.348342,2.346895],[-53.3467884,2.3457375],[-53.3460341,2.3467294],[-53.3460729,2.3484943],[-53.3447685,2.3493829],[-53.3443095,2.3509597],[-53.3433137,2.3511681],[-53.3423992,2.3506286],[-53.3399304,2.3520526],[-53.3402904,2.3493913],[-53.3394734,2.3480333],[-53.3386817,2.3473132],[-53.3367438,2.3475788],[-53.3352447,2.3466222],[-53.3339455,2.3443094],[-53.3332888,2.3424677],[-53.3335315,2.3396409],[-53.334431,2.337685],[-53.3341841,2.336202],[-53.3325036,2.3365999],[-53.3295769,2.3387843],[-53.3279636,2.3379419],[-53.3269357,2.338356],[-53.3253081,2.3370711],[-53.3245372,2.3374137],[-53.3212767,2.33699],[-53.3194795,2.3410792],[-53.3180472,2.3420704],[-53.3168846,2.3402547],[-53.3163499,2.3328963],[-53.3154629,2.3307546],[-53.3144395,2.3300761],[-53.3144231,2.329056],[-53.3134177,2.3281589],[-53.308223,2.3278657],[-53.3084141,2.3235926],[-53.3100411,2.3228084],[-53.3123297,2.3205003],[-53.3116805,2.3196685],[-53.3098156,2.3192067],[-53.3093723,2.3184518],[-53.3097874,2.3147408],[-53.308324,2.314253],[-53.3071984,2.3124036],[-53.3051251,2.311462],[-53.3040037,2.3095594],[-53.3018465,2.3098815],[-53.3015945,2.3062344],[-53.2985962,2.3081398],[-53.2971441,2.3062949],[-53.2972238,2.3038816],[-53.2957053,2.303541],[-53.2937687,2.3040405],[-53.2924678,2.3053045],[-53.2922998,2.3063266],[-53.2904276,2.3063792],[-53.2891118,2.3037477],[-53.287385,2.303191],[-53.2859811,2.3012517],[-53.2804633,2.3008989],[-53.2766723,2.2978084],[-53.2764867,2.2958953],[-53.2758611,2.2951339],[-53.2742519,2.2958357],[-53.2733746,2.2950304],[-53.2711919,2.2954109],[-53.2704756,2.2942406],[-53.2694858,2.2942688],[-53.2689759,2.2925503],[-53.2675727,2.2933979],[-53.2656882,2.2928911],[-53.2637822,2.2952753],[-53.2624545,2.2950255],[-53.2601469,2.2933791],[-53.2618883,2.2900388],[-53.2609876,2.2886088],[-53.260944,2.2857776],[-53.2616712,2.2847189],[-53.2614402,2.2795437],[-53.2616665,2.278967],[-53.262804,2.2789217],[-53.2635278,2.2774807],[-53.263412,2.2759089],[-53.2618284,2.2747101],[-53.2613763,2.273092],[-53.2587084,2.2730162],[-53.256238,2.2709187],[-53.2554496,2.2691093],[-53.2493177,2.2668036],[-53.248607,2.2669976],[-53.2481108,2.2693087],[-53.2473494,2.2698203],[-53.2464606,2.2698161],[-53.2449218,2.2685917],[-53.2396363,2.2691645],[-53.2379542,2.2702535],[-53.2366667,2.2684022],[-53.2346197,2.2676137],[-53.2318193,2.2695148],[-53.2305647,2.2693268],[-53.2301055,2.2686414],[-53.2302574,2.2658247],[-53.2293014,2.264178],[-53.2271583,2.2626068],[-53.2262846,2.262942],[-53.2255922,2.2621696],[-53.2267437,2.2585908],[-53.2257324,2.2564034],[-53.2264077,2.2545307],[-53.2297865,2.2535789],[-53.231357,2.2538169],[-53.231928,2.2521512],[-53.2315473,2.2505332],[-53.2323088,2.2483441],[-53.2338445,2.2479981],[-53.2356037,2.2458248],[-53.2377516,2.2464106],[-53.2383526,2.2487248],[-53.2401814,2.248079],[-53.2420646,2.2482965],[-53.241831,2.2452222],[-53.2441109,2.240825],[-53.2456615,2.2409558],[-53.2466807,2.2437755],[-53.2474005,2.2442824],[-53.2518003,2.2407653],[-53.2522042,2.2422774],[-53.2542043,2.2438058],[-53.256854,2.2420547],[-53.2579814,2.2423792],[-53.258336,2.2384478],[-53.2591104,2.2374801],[-53.2583901,2.236638],[-53.2564314,2.2368409],[-53.2581551,2.2340832],[-53.2557493,2.2300624],[-53.2576105,2.2280296],[-53.2588291,2.2279159],[-53.2598423,2.2271186],[-53.2595551,2.2263774],[-53.2580961,2.225584],[-53.2588394,2.2235908],[-53.2606599,2.2230333],[-53.261457,2.2197972],[-53.2630772,2.2186493],[-53.2645429,2.2182496],[-53.2677626,2.221006],[-53.2692183,2.2196536],[-53.2709214,2.219611],[-53.2715263,2.2175159],[-53.2729415,2.2165049],[-53.2726337,2.2136214],[-53.2741006,2.212575],[-53.2742869,2.2110935],[-53.2723902,2.2088255],[-53.2733635,2.2025069],[-53.2715361,2.2010649],[-53.2760071,2.1957005],[-53.2758609,2.1941872],[-53.2782407,2.1921412],[-53.2765535,2.1881616],[-53.2791849,2.185988],[-53.27721,2.1800522],[-53.2699078,2.17057],[-53.2606604,2.1627443],[-53.2552225,2.1593496],[-53.2469508,2.1510126],[-53.2344484,2.1434014],[-53.2213468,2.1372375],[-53.217544,2.1359994],[-53.2144892,2.1362944],[-53.2090177,2.135702],[-53.2025527,2.1336794],[-53.1966314,2.1300737],[-53.1920186,2.1257091],[-53.1835768,2.1221228],[-53.1813246,2.1227736],[-53.176582,2.1206985],[-53.170434,2.1144775],[-53.1663815,2.1112453],[-53.159192,2.107807],[-53.1508828,2.1053664],[-53.145478,2.1045767],[-53.1391741,2.1009381],[-53.1351278,2.0915596],[-53.1349108,2.0856212],[-53.1357398,2.0801998],[-53.1379795,2.0743333],[-53.1389618,2.0663293],[-53.1383241,2.0536721],[-53.1360449,2.0479785],[-53.1347465,2.0420396],[-53.1350141,2.0290862],[-53.1343544,2.0237543],[-53.1330392,2.0189701],[-53.131503,2.0172729],[-53.1243549,2.014465],[-53.1195367,2.0116772],[-53.1162322,2.0070231],[-53.1153228,1.9932155],[-53.1136569,1.9854462],[-53.1104586,1.9805579],[-53.1080942,1.9796813],[-53.0971038,1.9782638],[-53.093793,1.9772402],[-53.0909448,1.9751841],[-53.0835901,1.9642071],[-53.0788233,1.9532133],[-53.0782395,1.9507851],[-53.0734735,1.9448922],[-53.0700229,1.9430945],[-53.0669698,1.942742],[-53.0589177,1.9465615],[-53.0596042,1.943653],[-53.059126,1.9339267],[-53.0577,1.9284127],[-53.0560973,1.9252154],[-53.0523493,1.9137358],[-53.0503977,1.9108312],[-53.0468489,1.9096826],[-53.04242,1.907246],[-53.041911,1.8980143],[-53.0359085,1.8904254],[-53.0332352,1.884351],[-53.027108,1.874704],[-53.0248391,1.8655636],[-53.026313,1.8542543],[-53.0243196,1.8490801],[-53.0200257,1.8434254],[-53.0174353,1.8418642],[-53.0144876,1.8413562],[-53.0120086,1.8399876],[-53.0088549,1.8349628],[-53.0015404,1.827271],[-52.9994676,1.8260691],[-52.9961075,1.8221148],[-52.9949943,1.8197677],[-52.99513,1.8148868],[-52.995969,1.8125489],[-52.9979815,1.8106304],[-52.9990022,1.8078568],[-53.0039577,1.8050167],[-53.0088145,1.800179],[-53.0107619,1.7956083],[-53.0118537,1.7909069],[-53.0125165,1.7867478],[-53.0123519,1.7837629],[-53.0102704,1.7736651],[-53.0084448,1.76903],[-53.0045271,1.7623556],[-53.0018843,1.7598974],[-52.9991888,1.7585369],[-52.9948607,1.7582379],[-52.9903784,1.755304],[-52.9887985,1.7535815],[-52.9880549,1.7508657],[-52.9854038,1.7454552],[-52.9855301,1.742966],[-52.9818551,1.7313547],[-52.9797364,1.7269916],[-52.9737819,1.7177988],[-52.9713494,1.7103494],[-52.9706905,1.7055468],[-52.97121,1.7005006],[-52.9808504,1.6919554],[-52.9831562,1.6873171],[-52.9889738,1.6676759],[-52.9928488,1.6483393],[-52.9942957,1.626729],[-52.9927387,1.6167953],[-52.9905107,1.608016],[-52.9876312,1.6030422],[-52.9869152,1.6007045],[-52.9836665,1.5970706],[-52.9814735,1.5921487],[-52.9769872,1.5740259],[-52.9714451,1.5650072],[-52.9673107,1.5607698],[-52.9647128,1.5588561],[-52.9620134,1.5585781],[-52.9521259,1.5542537],[-52.9436017,1.5535089],[-52.9385724,1.5543545],[-52.9362162,1.5541924],[-52.9319929,1.5572519],[-52.9292541,1.5584549],[-52.9202221,1.5596166],[-52.9157989,1.5597156],[-52.908625,1.5578972],[-52.9061776,1.5586708],[-52.896389,1.5561809],[-52.8913744,1.5530027],[-52.8887642,1.5523151],[-52.8791199,1.5472293],[-52.8683755,1.5357277],[-52.8671204,1.5333535],[-52.8648285,1.5256713],[-52.8646025,1.5229568],[-52.8633737,1.5202128],[-52.8631057,1.5068533],[-52.8674234,1.4932023],[-52.8678688,1.48512],[-52.867547,1.4818069],[-52.8684311,1.4767276],[-52.8708535,1.4683325],[-52.8712093,1.4648254],[-52.8712148,1.4574309],[-52.8708803,1.4542245],[-52.8695982,1.4503051],[-52.8689956,1.4440858],[-52.8693599,1.4414792],[-52.8705995,1.4388459],[-52.8748996,1.4345079],[-52.8777965,1.4274548],[-52.8848094,1.4025477],[-52.890387,1.3889142],[-52.8922745,1.3858426],[-52.8963768,1.3814148],[-52.8989089,1.3796004],[-52.9059026,1.3715481],[-52.9116732,1.3618441],[-52.9148703,1.3577016],[-52.9163102,1.3528232],[-52.9165993,1.3472064],[-52.9159595,1.3412393],[-52.917126,1.3367305],[-52.9234247,1.3248945],[-52.9280849,1.3177605],[-52.930422,1.3051451],[-52.9301664,1.301973],[-52.9307076,1.2990807],[-52.9301305,1.2955776],[-52.9285401,1.2911318],[-52.9286573,1.2879807],[-52.9274949,1.2850786],[-52.9271321,1.2823757],[-52.9270474,1.278654],[-52.9284713,1.2707048],[-52.9295516,1.2679284],[-52.9323536,1.2648643],[-52.9359407,1.2643802],[-52.9511048,1.2657229],[-52.9534492,1.2655204],[-52.9570952,1.2616446],[-52.958624,1.2583701],[-52.9611566,1.2477194],[-52.9649031,1.2395902],[-52.9643804,1.2343572],[-52.9647474,1.2285532],[-52.9660089,1.223972],[-52.9702401,1.2143473],[-52.9724895,1.2061188],[-52.9717694,1.2000621],[-52.969356,1.1950002],[-52.9680979,1.1884008],[-52.9683761,1.1845127],[-52.9669467,1.1744753],[-52.9672128,1.1714201],[-52.9665729,1.1645541],[-52.9655209,1.1591971],[-52.9648402,1.1433639],[-52.9639183,1.1357835],[-52.9614041,1.128982],[-52.9600464,1.1267318],[-52.9554074,1.1243701],[-52.9457102,1.1236731],[-52.9404143,1.1218329],[-52.9372514,1.1200522],[-52.9304633,1.1150006],[-52.9127834,1.0963006],[-52.9073226,1.0933256],[-52.900428,1.0922642],[-52.8942452,1.08842],[-52.8928032,1.0859121],[-52.8910314,1.0809429],[-52.8907482,1.0713583],[-52.8932629,1.0618515],[-52.8914902,1.051553],[-52.8902386,1.0491953],[-52.8804468,1.0424121],[-52.8790162,1.0405037],[-52.8740974,1.0242572],[-52.8747389,1.0219065],[-52.8719628,1.0137814],[-52.8717636,1.0102559],[-52.8739473,1.0036542],[-52.8776215,0.9999302],[-52.8777362,0.9955557],[-52.8760658,0.9881444],[-52.8723673,0.981519],[-52.8721767,0.979178],[-52.8699693,0.9733479],[-52.8666787,0.9667561],[-52.8651708,0.9651335],[-52.8592459,0.9614243],[-52.8579529,0.9591752],[-52.8531396,0.9545279],[-52.8510045,0.9530253],[-52.8463206,0.9513094],[-52.8415016,0.9506585],[-52.8388762,0.9510329],[-52.8367187,0.9522139],[-52.8354502,0.9544938],[-52.8332656,0.9559696],[-52.8300911,0.9594912],[-52.8276338,0.9597182],[-52.8241443,0.9567884],[-52.82233,0.9448002],[-52.8221599,0.9402801],[-52.8241856,0.9302417],[-52.8271283,0.9266965],[-52.8347802,0.9130622],[-52.8372175,0.9078657],[-52.8377072,0.9047049],[-52.8368614,0.8975679],[-52.8354247,0.8950719],[-52.8333778,0.8931661],[-52.8308443,0.8928904],[-52.8284665,0.891707],[-52.8244338,0.8850591],[-52.8246474,0.8801468],[-52.8233119,0.8756227],[-52.8187646,0.8739133],[-52.8162715,0.8740237],[-52.8143536,0.8762628],[-52.8075174,0.8793312],[-52.8049283,0.87889],[-52.799774,0.8790655],[-52.7970101,0.8799697],[-52.795034,0.8814067],[-52.7915711,0.8853224],[-52.7890302,0.8859645],[-52.7869677,0.8848634],[-52.7823778,0.8791467],[-52.7795464,0.8777036],[-52.7720981,0.8761107],[-52.7684024,0.8719413],[-52.7647095,0.8647945],[-52.7615906,0.8607999],[-52.7573915,0.8576963],[-52.7551538,0.8568466],[-52.7503275,0.8570186],[-52.7481861,0.8556626],[-52.7475732,0.8533161],[-52.748652,0.8484403],[-52.7525819,0.8421143],[-52.754143,0.8375923],[-52.7569199,0.8322532],[-52.7573797,0.8298899],[-52.7555986,0.8255548],[-52.752985,0.8238141],[-52.7508073,0.8199973],[-52.7472292,0.8163723],[-52.7427682,0.8145309],[-52.7373623,0.8153412],[-52.7353114,0.8174273],[-52.7332727,0.8182639],[-52.7310041,0.8184223],[-52.7266821,0.8204896],[-52.7220588,0.8264672],[-52.7131815,0.8268432],[-52.7058393,0.8252386],[-52.6986558,0.8247697],[-52.6949381,0.8250181],[-52.6854623,0.8284163],[-52.6796889,0.829012],[-52.6753963,0.8263298],[-52.6665436,0.830917],[-52.6631771,0.8339212],[-52.6611885,0.8324839],[-52.6603349,0.830122],[-52.6630675,0.8151091],[-52.6659033,0.808415],[-52.6656536,0.8053373],[-52.6616861,0.7919576],[-52.6586407,0.7885219],[-52.651615,0.7837305],[-52.6483084,0.7794837],[-52.6447356,0.7762241],[-52.6396331,0.7748726],[-52.6344365,0.7757099],[-52.6321873,0.774514],[-52.6285446,0.7680032],[-52.6267214,0.7661121],[-52.6206119,0.761727],[-52.6187485,0.759534],[-52.6167215,0.7514597],[-52.6175315,0.7441122],[-52.6148644,0.7404597],[-52.6101584,0.7381718],[-52.5939944,0.7415245],[-52.5861767,0.7410301],[-52.5838362,0.7417291],[-52.5791561,0.740009],[-52.5773213,0.7381785],[-52.5738456,0.7318397],[-52.5727991,0.7287682],[-52.5688662,0.7249481],[-52.5659808,0.7242573],[-52.5587342,0.7248897],[-52.5562881,0.7243437],[-52.5513935,0.7219988],[-52.546547,0.7209168],[-52.5430725,0.716747],[-52.5379395,0.7039084],[-52.5330346,0.6973813],[-52.5240315,0.6927153],[-52.5221132,0.6906651],[-52.5194033,0.6832039],[-52.5144836,0.6805481],[-52.5058806,0.6780565],[-52.5038679,0.6762803],[-52.5009979,0.6722654],[-52.4981315,0.6622728],[-52.4981107,0.65968],[-52.499557,0.6571653],[-52.5071223,0.6507461],[-52.5066649,0.6479524],[-52.5035026,0.6421627],[-52.5002042,0.6405281],[-52.4969279,0.6403473],[-52.4903729,0.6389079],[-52.4862338,0.6365914],[-52.4816176,0.6318519],[-52.4801239,0.6277805],[-52.4807892,0.6163842],[-52.47832,0.6119799],[-52.4742638,0.6087901],[-52.4701785,0.6039939],[-52.4677814,0.5982869],[-52.4667877,0.5826349],[-52.463865,0.5771149],[-52.4609973,0.5740684],[-52.4571285,0.5723532],[-52.4468118,0.5721678],[-52.4422124,0.5712671],[-52.4383714,0.5698168],[-52.4327732,0.5648386],[-52.4279787,0.5579649],[-52.4237555,0.5546044],[-52.4174687,0.5516447],[-52.4147878,0.5489446],[-52.413877,0.5449531],[-52.4180539,0.5363958],[-52.4183746,0.5329217],[-52.4181793,0.5271359],[-52.4171822,0.5232447],[-52.4173741,0.5140147],[-52.416879,0.5106715],[-52.4113072,0.5040734],[-52.4073781,0.5027906],[-52.4018408,0.5022631],[-52.3958479,0.4987368],[-52.3973735,0.4940671],[-52.3973058,0.4916841],[-52.3956441,0.4869828],[-52.3937616,0.4850722],[-52.3917388,0.4839986],[-52.3891183,0.4839636],[-52.3865102,0.4848444],[-52.3841053,0.4846296],[-52.3845595,0.4823001],[-52.3871613,0.477834],[-52.3875901,0.4729624],[-52.3868096,0.4679503],[-52.3832573,0.4612309],[-52.3787078,0.4586724],[-52.377931,0.4533296],[-52.376795,0.4514436],[-52.3720504,0.4493696],[-52.3674579,0.4499074],[-52.3651243,0.4488049],[-52.3616476,0.4451628],[-52.3516531,0.4386744],[-52.3490188,0.432269],[-52.3466219,0.4329103],[-52.3371627,0.4394712],[-52.3373019,0.4355886],[-52.3385016,0.4334238],[-52.3391428,0.4305384],[-52.3380201,0.4251937],[-52.3382219,0.4224113],[-52.3397351,0.4207799],[-52.3440718,0.4185471],[-52.3455706,0.4169049],[-52.346968,0.4145304],[-52.3475279,0.4092051],[-52.3467558,0.4066773],[-52.3445173,0.4060748],[-52.3402776,0.4036702],[-52.3386251,0.4016079],[-52.3378741,0.3877695],[-52.3369612,0.3840602],[-52.3349042,0.3830573],[-52.3324956,0.3840612],[-52.3300414,0.3836955],[-52.3289917,0.3813784],[-52.3270151,0.3828117],[-52.3262654,0.3854204],[-52.3240921,0.3861269],[-52.3232401,0.3834247],[-52.3198605,0.3791618],[-52.3180767,0.377565],[-52.315537,0.378276],[-52.3143535,0.3803567],[-52.3125349,0.3818931],[-52.3087012,0.3847851],[-52.3039027,0.3871498],[-52.3032357,0.3893129],[-52.3006585,0.3886741],[-52.29966,0.3908516],[-52.29961,0.3937371],[-52.2968425,0.3968055],[-52.2957483,0.3924346],[-52.2895696,0.3830745],[-52.2884005,0.3804456],[-52.2859988,0.3778652],[-52.2814646,0.3704906],[-52.2807949,0.368001],[-52.2771863,0.3678837],[-52.2756604,0.3704994],[-52.2730444,0.3705676],[-52.2710649,0.3682414],[-52.2683744,0.3681523],[-52.266185,0.3690467],[-52.2613782,0.3683959],[-52.2530384,0.3662555],[-52.2475667,0.3659778],[-52.2424628,0.3638145],[-52.23996,0.3639957],[-52.2355533,0.3655343],[-52.2340658,0.3741413],[-52.2347315,0.3829115],[-52.2375628,0.3884659],[-52.238359,0.3912918],[-52.2340425,0.3999334],[-52.2340815,0.4022728],[-52.230932,0.4062332],[-52.2297321,0.409027],[-52.2271346,0.4108325],[-52.2254949,0.415726],[-52.2240301,0.4179982],[-52.2219257,0.4200858],[-52.2195125,0.4210741],[-52.2172824,0.4231554],[-52.2148763,0.428601],[-52.2111686,0.4330719],[-52.2073688,0.4362736],[-52.201927,0.4421767],[-52.2007459,0.4451458],[-52.2018952,0.4473119],[-52.2010789,0.449858],[-52.2015708,0.454997],[-52.2003736,0.4577102],[-52.191173,0.4636096],[-52.1827426,0.4645882],[-52.1804853,0.4638057],[-52.1770023,0.4676166],[-52.1743537,0.4686599],[-52.1706382,0.4685703],[-52.1669826,0.4692193],[-52.1644835,0.4687522],[-52.1620729,0.4702394],[-52.1586789,0.4737673],[-52.1554609,0.4743793],[-52.1534598,0.4758097],[-52.1510906,0.4803158],[-52.1480788,0.4819078],[-52.1447513,0.4871365],[-52.1399977,0.4893944],[-52.1356007,0.4902263],[-52.1283515,0.4938507],[-52.1261292,0.4936368],[-52.1221124,0.495455],[-52.1160516,0.4960492],[-52.1148632,0.49801],[-52.1151603,0.500862],[-52.1142095,0.5025851],[-52.1105849,0.5049024],[-52.1069009,0.5081704],[-52.1039299,0.5085863],[-52.1019691,0.5060907],[-52.0977265,0.5053064],[-52.0954329,0.506269],[-52.0900257,0.5061502],[-52.089075,0.5050807],[-52.0843374,0.5031231],[-52.0805066,0.5004936],[-52.0785814,0.4982001],[-52.0766919,0.4982714],[-52.0733168,0.4941003],[-52.0695853,0.494029],[-52.065616,0.4919018],[-52.0641424,0.4920326],[-52.0617419,0.4912007],[-52.0607792,0.4915691],[-52.0557999,0.4892162],[-52.0548492,0.4886814],[-52.0537796,0.4864829],[-52.0502857,0.483928],[-52.0491448,0.4821811],[-52.0438921,0.479436],[-52.041658,0.4799945],[-52.038271,0.4776297],[-52.0366429,0.4762274],[-52.0362847,0.4743788],[-52.0321864,0.4697034],[-52.0297146,0.4700242],[-52.0269813,0.4716285],[-52.0253769,0.4713908],[-52.0253769,0.4728763],[-52.0243074,0.4734705],[-52.0237726,0.4746588],[-52.0209799,0.4764414],[-52.0200529,0.4784734],[-52.0172958,0.4784021],[-52.017177,0.4792934],[-52.0162857,0.4793528],[-52.0135524,0.4773326],[-52.0133741,0.4751936],[-52.0127799,0.4748965],[-52.0117104,0.478521],[-52.0107002,0.4791033],[-52.0098089,0.4784616],[-52.0095118,0.4756095],[-52.0080858,0.475966],[-52.0086205,0.4771544],[-52.0081452,0.4776891],[-52.0069568,0.4768454],[-52.0054119,0.4768573],[-52.0033322,0.4754907],[-52.0022032,0.4756095],[-52.0013238,0.4737794],[-51.9996957,0.4736249],[-51.9977705,0.4724841],[-51.9928743,0.4722821],[-51.9923989,0.471985],[-51.991983,0.4695489],[-51.9890714,0.4670533],[-51.9884178,0.4674098],[-51.9897488,0.4685031],[-51.9896062,0.4693706],[-51.9856251,0.467291],[-51.9854468,0.4681229],[-51.9847932,0.4682417],[-51.9831294,0.4665186],[-51.9803367,0.4677069],[-51.9780788,0.4674693],[-51.9773657,0.4666374],[-51.9769498,0.4639042],[-51.9743353,0.463108],[-51.9723929,0.4616126],[-51.9709484,0.4615275],[-51.9688806,0.460458],[-51.966561,0.4603138],[-51.9635922,0.4590082],[-51.9600389,0.4591508],[-51.9571036,0.4584377],[-51.9547268,0.4588537],[-51.9521687,0.4564709],[-51.9533575,0.455587],[-51.9530643,0.4544911],[-51.9554663,0.4522288],[-51.9538949,0.4516047],[-51.9533086,0.4503595],[-51.9534195,0.4481584],[-51.9520885,0.4466638],[-51.9497355,0.4464353],[-51.9468239,0.4475643],[-51.9449225,0.4465423],[-51.9427002,0.446673],[-51.943544,0.4505352],[-51.9415356,0.451367],[-51.9378515,0.4491685],[-51.9370197,0.4491091],[-51.9364849,0.4500004],[-51.9350826,0.4502262],[-51.9345003,0.4497865],[-51.9347617,0.4483961],[-51.9320641,0.4465898],[-51.931877,0.4452514],[-51.9274531,0.4456035],[-51.9256705,0.4467324],[-51.9221766,0.4452707],[-51.9207743,0.4456035],[-51.9186887,0.4474276],[-51.9136083,0.4467918],[-51.9113069,0.4446644],[-51.9103699,0.4444686],[-51.9092706,0.4482773],[-51.9080525,0.4486338],[-51.9035069,0.4457817],[-51.9031207,0.4438209],[-51.9020689,0.4429594],[-51.9020214,0.4421037],[-51.9012371,0.4416343],[-51.9003873,0.441979],[-51.8994366,0.44085],[-51.8981472,0.4421453],[-51.8970598,0.4412362],[-51.8954307,0.4420025],[-51.8950461,0.4413109],[-51.8945269,0.4414159],[-51.8909542,0.4461123],[-51.8899295,0.4462274],[-51.8878826,0.4483868],[-51.8871664,0.4484355],[-51.8861266,0.4479505],[-51.8852947,0.4465839],[-51.8863237,0.4448725],[-51.8859483,0.4444448],[-51.8838389,0.4446231],[-51.8811947,0.4434347],[-51.8754904,0.444118],[-51.8734702,0.4426029],[-51.8725789,0.4387704],[-51.8714499,0.4381465],[-51.8683601,0.4386516],[-51.8663101,0.4378791],[-51.8622398,0.4360966],[-51.8605167,0.4336604],[-51.8576942,0.4333039],[-51.8557928,0.4322938],[-51.8549015,0.4328583],[-51.8542182,0.439632],[-51.8535942,0.4396914],[-51.8519602,0.43779],[-51.8452161,0.4383842],[-51.8424827,0.4362154],[-51.8410567,0.4358886],[-51.8390067,0.4362748],[-51.8370161,0.4377009],[-51.8349003,0.4379661],[-51.8345502,0.4387407],[-51.8322625,0.440137],[-51.8324705,0.4414145],[-51.8342234,0.4435535],[-51.8340773,0.4453366],[-51.8297075,0.4439992],[-51.8264988,0.4440586],[-51.8262017,0.4447716],[-51.8270336,0.4456035],[-51.8271524,0.4467324],[-51.8251619,0.4464947],[-51.82228,0.4475346],[-51.8202894,0.4471483],[-51.8187742,0.4477425],[-51.8164569,0.450446],[-51.8144663,0.4499707],[-51.812862,0.4486932],[-51.8094453,0.4522583],[-51.8082866,0.4518424],[-51.8080192,0.4509511],[-51.8083461,0.4498816],[-51.809891,0.4490794],[-51.8102772,0.4482476],[-51.8102475,0.4472078],[-51.8094156,0.4466136],[-51.8082272,0.4469701],[-51.8068606,0.448812],[-51.8037707,0.4505055],[-51.7989577,0.4454252],[-51.795244,0.4477425],[-51.7912926,0.4475643],[-51.7912034,0.4455738],[-51.7919462,0.4452113],[-51.7927781,0.4431673],[-51.791144,0.4402856],[-51.7901042,0.4395131],[-51.7898368,0.4364828],[-51.7880542,0.433809],[-51.7829025,0.43268],[-51.7827361,0.4286693],[-51.7804187,0.4290852],[-51.7811912,0.4280157],[-51.7804187,0.4265897],[-51.7814289,0.4254607],[-51.7797057,0.4248666],[-51.7802405,0.4224304],[-51.7784579,0.4219551],[-51.7766753,0.4233811],[-51.7747144,0.4232028],[-51.7709116,0.4185682],[-51.7694261,0.4183305],[-51.7674652,0.415835],[-51.7636029,0.415122],[-51.7631276,0.413993],[-51.7643754,0.4122699],[-51.7640189,0.4107844],[-51.7630087,0.4087048],[-51.7601685,0.4063399],[-51.7569479,0.406744],[-51.7512436,0.4057933],[-51.7489857,0.4063875],[-51.7474407,0.4058527],[-51.7442321,0.4078729],[-51.7431388,0.4066608],[-51.7415582,0.4063281],[-51.7396568,0.4043673],[-51.7382782,0.4007903],[-51.7369829,0.4010992],[-51.7332394,0.4004456],[-51.730209,0.4022876],[-51.7289612,0.4047832],[-51.7263467,0.4073382],[-51.7240293,0.40817],[-51.7213555,0.4078135],[-51.7177903,0.4096555],[-51.7166019,0.4095961],[-51.7149975,0.4070411],[-51.7127396,0.4066846],[-51.7114086,0.4042128],[-51.7101489,0.4036067],[-51.7085564,0.3992335],[-51.7073799,0.400719],[-51.7050031,0.3987463],[-51.7031255,0.3983779],[-51.7021866,0.3990434],[-51.6987046,0.3987106],[-51.6968745,0.3972965],[-51.6955673,0.3927807],[-51.6903858,0.3867081],[-51.6890905,0.3830955],[-51.6903383,0.3814317],[-51.6901363,0.3802077],[-51.6914673,0.3802434],[-51.6921684,0.3789124],[-51.6938322,0.3796254],[-51.6945809,0.3789124],[-51.6943194,0.3770348],[-51.6910989,0.3753829],[-51.6902908,0.3732558],[-51.6920258,0.3708671],[-51.6933806,0.3702016],[-51.6932261,0.3693104],[-51.6896253,0.3652105],[-51.6893995,0.3622752],[-51.6870108,0.357902],[-51.6880209,0.3572484],[-51.6880209,0.3566542],[-51.6865949,0.352792],[-51.6844557,0.3515442],[-51.6830297,0.3514254],[-51.6810094,0.3501181],[-51.6807123,0.3492269],[-51.6812471,0.3478008],[-51.6836239,0.3467313],[-51.6858818,0.3430473],[-51.6865949,0.3390663],[-51.6893638,0.3374382],[-51.6906116,0.3349069],[-51.6929052,0.3370104],[-51.697029,0.336737],[-51.69836,0.33562],[-51.6977777,0.3345148],[-51.6957455,0.335204],[-51.6951513,0.3349069],[-51.6947948,0.3330055],[-51.6920021,0.3318409],[-51.6915861,0.3307476],[-51.6898973,0.3308801],[-51.6894232,0.330403],[-51.6907542,0.3285135],[-51.6903075,0.3261372],[-51.6943789,0.3259347],[-51.6943194,0.324271],[-51.6930716,0.3225478],[-51.6939035,0.3212406],[-51.6938441,0.3196957],[-51.6916455,0.3182697],[-51.6902789,0.3154532],[-51.6886983,0.31619],[-51.6862383,0.3163088],[-51.6862978,0.3141103],[-51.6857036,0.3131596],[-51.684634,0.3125654],[-51.6834456,0.3135162],[-51.6798091,0.3089884],[-51.6794407,0.3076218],[-51.6785732,0.306683],[-51.6778364,0.306683],[-51.676541,0.3036764],[-51.6755428,0.3035932],[-51.6731422,0.3015611],[-51.6728451,0.298911],[-51.6737839,0.296867],[-51.6737245,0.2959163],[-51.67275,0.2950368],[-51.6716092,0.2944902],[-51.6700524,0.2948824],[-51.6676994,0.2928383],[-51.6638371,0.2911152],[-51.6617574,0.2909369],[-51.658727,0.2890355],[-51.6572771,0.2890949],[-51.6567067,0.286837],[-51.6540922,0.2855298],[-51.6524998,0.2853515],[-51.6514183,0.2864092],[-51.647972,0.2847574],[-51.6465816,0.2849475],[-51.64531,0.2823568],[-51.6410305,0.2796149],[-51.6398909,0.2750364],[-51.6376329,0.2739431],[-51.636088,0.2741808],[-51.6350737,0.2736935],[-51.6336637,0.2715307],[-51.6334735,0.2697243],[-51.632404,0.2690113],[-51.6301223,0.2688449],[-51.6287675,0.2667652],[-51.6253889,0.267914],[-51.6252627,0.2684116],[-51.6269374,0.2682983],[-51.6273058,0.2687736],[-51.6264977,0.2698907],[-51.627389,0.2706394],[-51.6271156,0.2722793],[-51.6256064,0.2712692],[-51.6245962,0.2721011],[-51.6228612,0.2673119],[-51.6184403,0.2611011],[-51.6174302,0.260804],[-51.6173708,0.2613388],[-51.6182027,0.261933],[-51.617549,0.2628243],[-51.6167172,0.2630025],[-51.6155525,0.2623489],[-51.6132708,0.2578925],[-51.6105018,0.2542085],[-51.6105613,0.2535786],[-51.6131757,0.2532934],[-51.6131639,0.2517723],[-51.6119042,0.2498709],[-51.6085291,0.2480289],[-51.6081964,0.2473158],[-51.6092778,0.246282],[-51.6088737,0.2452956],[-51.6055462,0.2442498],[-51.602599,0.2442736],[-51.6020405,0.2427406],[-51.5963956,0.2407203],[-51.5938405,0.2388783],[-51.5930087,0.2391754],[-51.5943397,0.2408154],[-51.5941733,0.2415046],[-51.5919153,0.2429426],[-51.5907626,0.2429426],[-51.5902516,0.2421701],[-51.5911666,0.2400667],[-51.587542,0.2360262],[-51.5827647,0.2329245],[-51.5797343,0.2321164],[-51.5809821,0.230524],[-51.5794015,0.2305596],[-51.577916,0.2323422],[-51.5741132,0.2288959],[-51.5737448,0.2279452],[-51.5741132,0.2253307],[-51.5725682,0.2249742],[-51.5722474,0.2242968],[-51.5725682,0.2235481],[-51.5755511,0.2229896],[-51.5767514,0.2165248],[-51.5751114,0.2161207],[-51.5703816,0.2175705],[-51.5693243,0.2171939],[-51.5708692,0.214829],[-51.5683498,0.2185368],[-51.5667573,0.2194994],[-51.5668402,0.2210214],[-51.5664417,0.2212538],[-51.5657119,0.2212479],[-51.5651651,0.2204363],[-51.5650332,0.2188819],[-51.5608866,0.2201054],[-51.5598171,0.2209373],[-51.558807,0.2234923],[-51.5592574,0.2247753],[-51.5586881,0.2249184],[-51.5582722,0.2239677],[-51.5574997,0.2243242],[-51.5554319,0.2268911],[-51.5544337,0.2310148],[-51.5534592,0.2321676],[-51.5510824,0.2308009],[-51.5496563,0.2312763],[-51.5457584,0.2358991],[-51.5479212,0.2400347],[-51.5486105,0.239797],[-51.5487531,0.2406645],[-51.5457346,0.2461668],[-51.5461743,0.2474146],[-51.5439045,0.247474],[-51.5435598,0.2482702],[-51.5448314,0.2558402],[-51.5463288,0.2582526],[-51.5477073,0.2591796],[-51.5477073,0.2600471],[-51.5461981,0.2624239],[-51.5439876,0.263945],[-51.5419911,0.2648482],[-51.540161,0.2644679],[-51.5395074,0.2650027],[-51.5395906,0.2663336],[-51.5331019,0.2728816],[-51.5337199,0.2761853],[-51.5349677,0.2783482],[-51.5364889,0.2797148],[-51.5316164,0.2814023],[-51.5332208,0.2833632],[-51.5339457,0.2884732],[-51.5322582,0.2902914],[-51.5310936,0.2941655],[-51.5300359,0.2957699],[-51.5279324,0.2975405],[-51.5290852,0.3051105],[-51.5302726,0.3087592],[-51.5301428,0.3125735],[-51.531672,0.3137772],[-51.5341596,0.3133579],[-51.5365839,0.3150929],[-51.5382952,0.3183253],[-51.5393173,0.323269],[-51.5382477,0.3252654],[-51.5374396,0.3255982],[-51.5362512,0.3245762],[-51.5357045,0.325004],[-51.5308796,0.331445],[-51.5308083,0.3347011],[-51.5318779,0.3366025],[-51.5332564,0.3369828],[-51.5339457,0.3383138],[-51.5346423,0.3433683],[-51.5343293,0.3476254],[-51.5322106,0.3501025],[-51.5323238,0.3507219],[-51.5336828,0.3537207],[-51.5343735,0.3538815],[-51.5353955,0.3530021],[-51.5358234,0.3533586],[-51.5360254,0.3553313],[-51.5338625,0.3637569],[-51.5331019,0.3646719],[-51.5318422,0.3642203],[-51.5314144,0.3655513],[-51.5318066,0.3680231],[-51.5309509,0.3726221],[-51.5319489,0.376162],[-51.5311886,0.3814517],[-51.5312718,0.3819508],[-51.5328286,0.3822004],[-51.5326979,0.3838522],[-51.5315927,0.3873817],[-51.5303805,0.3888909],[-51.5280513,0.3892474],[-51.5273026,0.3910538],[-51.52716,0.3967936],[-51.5256982,0.3984692],[-51.5256863,0.3994555],[-51.5274333,0.4004419],[-51.5292278,0.4000022],[-51.5308202,0.4018679],[-51.5340289,0.4031751],[-51.535039,0.4043041],[-51.5341477,0.406859],[-51.5359897,0.4081662],[-51.5363463,0.4097111],[-51.5345756,0.4125394],[-51.5352529,0.414417],[-51.5357283,0.4147617],[-51.5365839,0.4142863],[-51.5368216,0.4169601],[-51.5362736,0.4191938],[-51.5369644,0.4196836],[-51.5362182,0.4200501],[-51.535529,0.4194084],[-51.5346433,0.419582],[-51.5338689,0.4210277],[-51.5320617,0.4204597],[-51.5286023,0.4213891],[-51.5252978,0.4246419],[-51.5206508,0.4257261],[-51.5177594,0.4282561],[-51.5151261,0.4295985],[-51.5140934,0.4333676],[-51.514713,0.4377563],[-51.5128542,0.441577],[-51.5130607,0.4440037],[-51.5120281,0.4473081],[-51.512183,0.4496315],[-51.5111503,0.4525229],[-51.5109438,0.4571697],[-51.5102726,0.4590284],[-51.5067615,0.4618682],[-51.499946,0.4637785],[-51.4945761,0.467496],[-51.49233526154099,0.46795158550247085],[-51.4931304,0.467909],[-51.4919428,0.469458],[-51.4918912,0.4732787],[-51.4906004,0.4754988],[-51.4855404,0.4790097],[-51.4833718,0.4783902],[-51.4775372,0.4784418],[-51.4748007,0.4762217],[-51.4733033,0.4764798],[-51.4691727,0.4831402],[-51.4693792,0.4893876],[-51.4708249,0.4946024],[-51.4695858,0.4958931],[-51.4649388,0.4979067],[-51.4638545,0.4991459],[-51.4608598,0.5058063],[-51.4493972,0.5041025],[-51.4484162,0.5057547],[-51.4477966,0.5087493],[-51.4464025,0.5098335],[-51.4440274,0.5099368],[-51.4418588,0.5096786],[-51.431429,0.5050835],[-51.4287957,0.5050318],[-51.4255428,0.5035345],[-51.4225481,0.5005916],[-51.4204828,0.4976486],[-51.4177462,0.4957382],[-51.4157325,0.4913496],[-51.4135639,0.488355],[-51.4126862,0.4851539],[-51.411447,0.4842761],[-51.4035988,0.4841729],[-51.3989002,0.4864446],[-51.3962152,0.4865995],[-51.3843397,0.4895425],[-51.380777,0.4892844],[-51.3779888,0.4877354],[-51.36854,0.486961],[-51.3670942,0.4856185],[-51.3622407,0.4843278],[-51.3571807,0.4801456],[-51.3457182,0.4753439],[-51.3432398,0.4724526],[-51.3365791,0.4699227],[-51.3355981,0.4680639],[-51.3337393,0.4668248],[-51.3307446,0.4671346],[-51.3290407,0.4692514],[-51.3217604,0.4745695],[-51.3116404,0.4749309],[-51.3074065,0.4729173],[-51.3052895,0.4712651],[-51.3041536,0.467909],[-51.3026046,0.465947],[-51.2986289,0.4650693],[-51.2965635,0.4637785],[-51.2933623,0.4627975],[-51.2869082,0.4623328],[-51.2844814,0.4593899],[-51.2758587,0.4534523],[-51.2674942,0.4529876],[-51.2664615,0.4532974],[-51.2653256,0.4556208],[-51.2628964,0.4536514],[-51.2614858,0.4569641],[-51.2608527,0.4572323],[-51.2575728,0.4494248],[-51.2580362,0.4483553],[-51.259498,0.4473927],[-51.2616371,0.4474284],[-51.2619223,0.4458954],[-51.2587493,0.442972],[-51.2551484,0.4420807],[-51.2526528,0.4404051],[-51.252118,0.4390504],[-51.253758,0.4364479],[-51.253865,0.4350575],[-51.2509415,0.4321341],[-51.2487667,0.4318846],[-51.2479824,0.432562],[-51.2463068,0.4308507],[-51.2458789,0.4290682],[-51.2475714,0.4265769],[-51.2477328,0.4247901],[-51.2472337,0.4229006],[-51.2451303,0.4196563],[-51.2453442,0.4157347],[-51.2435972,0.414273],[-51.2386773,0.4133461],[-51.2382138,0.4118131],[-51.238606,0.4073924],[-51.2359677,0.4043264],[-51.2346129,0.4038629],[-51.2325451,0.4041838],[-51.2300139,0.4033638],[-51.2276699,0.4002598],[-51.2237748,0.398337],[-51.2211722,0.3981588],[-51.2189974,0.3990144],[-51.2173931,0.3982301],[-51.2160383,0.3949502],[-51.2135427,0.3929894],[-51.212794,0.3916703],[-51.2129366,0.3870713],[-51.2103879,0.3852941],[-51.2087836,0.3826916],[-51.2075357,0.37795],[-51.2089618,0.3743492],[-51.2097105,0.370285],[-51.2066088,0.3653651],[-51.2059671,0.3635113],[-51.2059314,0.3596966],[-51.2084983,0.3504986],[-51.2116357,0.3476821],[-51.2123488,0.3430118],[-51.2120992,0.3414432],[-51.2098175,0.3389476],[-51.2082131,0.3355607],[-51.2098888,0.3312112],[-51.2083914,0.3280026],[-51.2089618,0.3225836],[-51.2063949,0.3170577],[-51.2050401,0.3159881],[-51.201261,0.3156316],[-51.1942376,0.3175924],[-51.1900307,0.3171646],[-51.1865011,0.3155603],[-51.1849325,0.3117456],[-51.1832568,0.3099274],[-51.1789073,0.3090005],[-51.1764117,0.3067901],[-51.1713491,0.3078953],[-51.1696734,0.3134212],[-51.168283,0.3148116],[-51.1660013,0.3151681],[-51.1608318,0.3175568],[-51.1534162,0.3169864],[-51.1492449,0.3150612],[-51.1440754,0.3147403],[-51.143505,0.3142769],[-51.1432662,0.3127743],[-51.1426958,0.3138011],[-51.1411842,0.3113483],[-51.1391306,0.3113768],[-51.1393017,0.308981],[-51.1358221,0.3103263],[-51.1351566,0.3115622],[-51.1330175,0.3121802],[-51.1298801,0.3145569],[-51.1288343,0.3157928],[-51.1282164,0.318122],[-51.1294048,0.3209266],[-51.1293572,0.3241115],[-51.1304981,0.3280379],[-51.1313537,0.3293213],[-51.1347193,0.3312322],[-51.1366017,0.3345121],[-51.1365732,0.3368223],[-51.1344911,0.3393037],[-51.1345767,0.3419561],[-51.1332932,0.3445801],[-51.1287583,0.3475462],[-51.1269329,0.3501131],[-51.1265621,0.3514821],[-51.1269329,0.3542487],[-51.1262769,0.3551613],[-51.1252501,0.3553039],[-51.125079,0.3567015],[-51.1261628,0.3614074],[-51.1230825,0.3672542],[-51.1226832,0.3694503],[-51.1212286,0.3715609],[-51.1193462,0.3719887],[-51.1167507,0.3754397],[-51.1159521,0.3795182],[-51.1159711,0.3826935],[-51.1144975,0.3832164],[-51.1139628,0.3852545],[-51.114961,0.3869657],[-51.116708,0.3929907],[-51.1164584,0.3965202],[-51.1136775,0.3986236],[-51.1123228,0.4011311],[-51.1122633,0.4036979],[-51.1107897,0.4044704],[-51.1086863,0.4074651],[-51.1076167,0.410531],[-51.1066541,0.4112084],[-51.1033028,0.4114936],[-51.1024828,0.4139535],[-51.1007003,0.4148092],[-51.0995594,0.4161282],[-51.098062,0.4198359],[-51.0932847,0.4281783],[-51.0878656,0.4311016],[-51.0857978,0.4335615],[-51.0824465,0.4357006],[-51.0808778,0.4374118],[-51.0780257,0.4372692],[-51.074817,0.4398361],[-51.0709309,0.4394439],[-51.0697544,0.4401569],[-51.0658327,0.4406561],[-51.0622319,0.4424386],[-51.0606988,0.4421534],[-51.0582745,0.4401926],[-51.0556363,0.4374831],[-51.0536398,0.4342389],[-51.0527485,0.430353],[-51.053818,0.4275722],[-51.0542458,0.423401],[-51.0524989,0.4214402],[-51.0516433,0.421155],[-51.0482827,0.4233493],[-51.0402392,0.4299862],[-51.0368166,0.4301763],[-51.0302092,0.4280373],[-51.0291634,0.4284651],[-51.028688,0.4293207],[-51.0284028,0.433884],[-51.0307321,0.4376392],[-51.0331089,0.4546566],[-51.029306,0.4593625],[-51.0281651,0.4596952],[-51.0268817,0.4594575],[-51.0234591,0.4557498],[-51.0154255,0.4561301],[-51.0143322,0.4572234],[-51.0143688,0.46119],[-51.0117543,0.469865],[-51.0111007,0.4790154],[-51.0018906,0.4964842],[-50.9993356,0.4970784],[-50.9953544,0.4953552],[-50.9941066,0.4953552],[-50.97533,0.5030201],[-50.9698039,0.4994551],[-50.9591678,0.5019506],[-50.9404505,0.4965436],[-50.9330825,0.5036737],[-50.9289372,0.510003],[-50.9280297,0.5100102],[-50.9263497,0.5116261],[-50.9251928,0.514634],[-50.9266274,0.517642],[-50.9276455,0.5178734],[-50.9297281,0.5167628],[-50.9316718,0.5169941],[-50.9336617,0.5183824],[-50.9352815,0.5206037],[-50.9368603,0.5214284],[-50.9400944,0.5195394],[-50.9413902,0.519817],[-50.9417142,0.5226399],[-50.9425935,0.524167],[-50.9462032,0.5246298],[-50.949998,0.5237042],[-50.9516178,0.5240282],[-50.954811,0.5277303],[-50.9545333,0.5304143],[-50.9550371,0.5314734],[-50.9565696,0.5314324],[-50.9592537,0.5293963],[-50.9620767,0.5300904],[-50.9630486,0.5309234],[-50.9629097,0.5324968],[-50.9634651,0.5337],[-50.9678615,0.5340702],[-50.9682317,0.535042],[-50.9676301,0.5381888],[-50.9689722,0.5400398],[-50.9706382,0.5402249],[-50.9718877,0.5391606],[-50.9736926,0.5389292],[-50.9758677,0.5422611],[-50.9766081,0.5454079],[-50.9790146,0.5483233],[-50.9820311,0.5493414],[-50.983735,0.5479994],[-50.9875761,0.5476292],[-50.9878538,0.5483696],[-50.9871133,0.5501744],[-50.9904454,0.5572083],[-50.9920651,0.5643812],[-50.9972946,0.5661397],[-50.9980643,0.5668656],[-50.9980864,0.5675887],[-50.996425,0.5679663],[-50.9962302,0.5700269],[-50.9966004,0.5708136],[-50.9999325,0.5721093],[-51.0004878,0.5731736],[-50.9992846,0.5793746],[-50.9974797,0.5807629],[-50.9976648,0.5828916],[-50.9984516,0.5842336],[-50.9978499,0.5860847],[-50.9981557,0.5875867],[-50.9973558,0.5944206],[-50.996693,0.5967281],[-50.9955823,0.5975148],[-50.9952771,0.5991645],[-50.9933984,0.5989368],[-50.991047,0.6014946],[-50.9908606,0.6031117],[-50.9897075,0.603138],[-50.9894804,0.6042968],[-50.9881352,0.6042536],[-50.98787,0.6068645],[-50.989057,0.6077881],[-50.9881315,0.6137577],[-50.9886405,0.6168119],[-50.9872985,0.6188017],[-50.9882703,0.6268074],[-50.9916949,0.6364327],[-50.991631,0.6381921],[-50.993967,0.6410988],[-50.9955849,0.6443301],[-50.9955761,0.645978],[-50.9943822,0.652051],[-50.993344,0.653141],[-50.993967,0.654231],[-50.9937074,0.6565149],[-50.992202,0.6576049],[-50.991631,0.6598888],[-50.989918,0.6612902],[-50.988776,0.6636779],[-50.9900218,0.6651832],[-50.9898142,0.6661694],[-50.9909043,0.668038],[-50.989918,0.6685051],[-50.9895547,0.6700104],[-50.9871668,0.6732805],[-50.9816125,0.677381],[-50.9798476,0.6866202],[-50.9778232,0.6882812],[-50.9739544,0.6962076],[-50.9131759,0.7280937],[-50.9104663,0.7350453],[-50.9051899,0.74107],[-50.9044412,0.7439932],[-50.9058672,0.7478432],[-50.9112507,0.753654],[-50.9117855,0.7609264],[-50.915799,0.7675214],[-50.9160952,0.7697432],[-50.9155768,0.771891],[-50.9143917,0.7739646],[-50.908022,0.7811485],[-50.9000228,0.7866289],[-50.8973645,0.7841444],[-50.8953338,0.781237],[-50.8865713,0.7732873],[-50.8868372,0.7980493],[-50.8790368,0.7998765],[-50.8710659,0.8036829],[-50.8634385,0.8083555],[-50.8482139,0.8190117],[-50.8435885,0.8205738],[-50.8323178,0.8220621],[-50.8215094,0.8262545],[-50.8182483,0.8263477],[-50.8146145,0.831565],[-50.8116329,0.8342668],[-50.80744,0.8365027],[-50.804272,0.8407883],[-50.8009177,0.8425585],[-50.7994269,0.8430243],[-50.7974703,0.8426516],[-50.7954204,0.8435833],[-50.7916934,0.842279],[-50.7861455,0.8386284],[-50.7840658,0.8311423],[-50.7831508,0.8303937],[-50.7826517,0.8288965],[-50.7764958,0.8256525],[-50.7757471,0.8239889],[-50.7753311,0.8239057],[-50.7744993,0.8252366],[-50.7732514,0.8242384],[-50.7687593,0.8224917],[-50.7645999,0.8229076],[-50.7623538,0.822159],[-50.757529,0.8227412],[-50.7556988,0.8242384],[-50.7509763,0.8258309],[-50.7487766,0.8248755],[-50.7453362,0.8220058],[-50.7437069,0.8191575],[-50.7426195,0.8191254],[-50.740377,0.8175712],[-50.738926,0.8186014],[-50.7367156,0.8178599],[-50.7354856,0.8189757],[-50.7350685,0.8182663],[-50.7289221,0.8176033],[-50.7269897,0.8180382],[-50.7256492,0.817444],[-50.7240734,0.817671],[-50.7223859,0.8188771],[-50.7214292,0.8173145],[-50.7170469,0.8171682],[-50.7113598,0.8192477],[-50.7099372,0.8207546],[-50.7090737,0.8202342],[-50.7053838,0.8217379],[-50.7043823,0.821066],[-50.7019563,0.8224517],[-50.7011098,0.8241038],[-50.699825,0.8236562],[-50.6996219,0.8252166],[-50.6984508,0.8254977],[-50.6985644,0.8270361],[-50.6969883,0.8272961],[-50.6954709,0.8310591],[-50.6941399,0.8321405],[-50.6939735,0.8327227],[-50.694639,0.8333881],[-50.6943487,0.8339444],[-50.6926838,0.8341936],[-50.690287,0.8362644],[-50.688198,0.8371398],[-50.6861876,0.8369406],[-50.6845574,0.8352199],[-50.6844186,0.8342841],[-50.6833862,0.8337407],[-50.6807835,0.8391941],[-50.6791226,0.8406014],[-50.677969,0.8404202],[-50.6739405,0.8423167],[-50.6725272,0.8465747],[-50.6689638,0.8460432],[-50.6667714,0.8474987],[-50.66505,0.8505488],[-50.6653158,0.8511467],[-50.6670794,0.8514789],[-50.6670069,0.8538102],[-50.6649715,0.8547947],[-50.6642588,0.853768],[-50.6635824,0.85407],[-50.6639085,0.8566429],[-50.6644038,0.8572046],[-50.665654,0.8568965],[-50.6654909,0.8582072],[-50.6643192,0.8605325],[-50.6611846,0.8635463],[-50.66049,0.8669648],[-50.6609007,0.8688975],[-50.660327,0.8696283],[-50.6583882,0.8702322],[-50.6589439,0.8721348],[-50.6584788,0.8735239],[-50.6559844,0.8731736],[-50.6541665,0.8748104],[-50.650754,0.8745628],[-50.6504641,0.8752453],[-50.6511707,0.8772505],[-50.6494615,0.8777096],[-50.6480723,0.8788511],[-50.6470032,0.878229],[-50.6455718,0.8741823],[-50.6443155,0.8738078],[-50.642419,0.874895],[-50.6417667,0.8760184],[-50.6420748,0.8772566],[-50.643772,0.8786276],[-50.6437055,0.880349],[-50.642866,0.8808563],[-50.6400212,0.8800832],[-50.6393689,0.8788692],[-50.6394474,0.8769546],[-50.6408124,0.8729502],[-50.6397615,0.8718207],[-50.6378892,0.8721831],[-50.636947,0.8716939],[-50.6364336,0.8703168],[-50.6372308,0.8680277],[-50.6364034,0.8667352],[-50.6353162,0.8666265],[-50.6336673,0.8678767],[-50.6329788,0.8688854],[-50.6327735,0.8707155],[-50.6320245,0.8714644],[-50.6285335,0.8719415],[-50.6221666,0.869448],[-50.6178567,0.8655783],[-50.617524,0.863582],[-50.6187718,0.8623343],[-50.6186886,0.8617521],[-50.6173576,0.8605044],[-50.6156107,0.8611698],[-50.6117761,0.866414],[-50.6118078,0.867123],[-50.6137805,0.8694045],[-50.6130319,0.8714007],[-50.6114513,0.8733138],[-50.6105362,0.8781382],[-50.6116177,0.8824634],[-50.6102311,0.8867966],[-50.6115345,0.8880363],[-50.613939,0.8880443],[-50.6129487,0.8922784],[-50.6071255,0.8919457],[-50.6047131,0.8911139],[-50.6029661,0.8900326],[-50.6007201,0.8872877],[-50.5974758,0.8798017],[-50.5980581,0.8775559],[-50.5978085,0.8743951],[-50.5967271,0.8729811],[-50.5943106,0.8719394],[-50.5964656,0.8707749],[-50.5993376,0.86662],[-50.5993811,0.8657882],[-50.5984344,0.8643385],[-50.5960616,0.8646633],[-50.5929836,0.8627502],[-50.5896561,0.8624175],[-50.5839697,0.8652794],[-50.581184,0.8679319],[-50.580438,0.8702064],[-50.5774988,0.8738248],[-50.5754785,0.8846379],[-50.5763104,0.8849944],[-50.5779742,0.8842814],[-50.5791626,0.8844003],[-50.5802321,0.8854697],[-50.5792814,0.8871332],[-50.5710339,0.8860876],[-50.5728165,0.8844359],[-50.5729235,0.8829744],[-50.5688235,0.8760825],[-50.565496,0.8747754],[-50.5583656,0.87026],[-50.556892,0.8705571],[-50.5568207,0.872993],[-50.5537665,0.8752032],[-50.5507599,0.8753695],[-50.5488585,0.8763201],[-50.5463628,0.8765578],[-50.5429165,0.8754883],[-50.5422034,0.8748942],[-50.5414904,0.8727553],[-50.5348354,0.8728742],[-50.53436,0.8785778],[-50.5318861,0.8799602],[-50.5286335,0.8795492],[-50.5270569,0.8801234],[-50.5255341,0.8821861],[-50.5199804,0.8870144],[-50.5190297,0.8896286],[-50.5200993,0.8925992],[-50.5190295,0.8955698],[-50.5140384,0.8979463],[-50.510337,0.9019371],[-50.509305,0.9044918],[-50.5060762,0.9068582],[-50.5038182,0.9104229],[-50.5014414,0.9167206],[-50.5015603,0.9171959],[-50.5034616,0.9171962],[-50.5048877,0.9178496],[-50.5059574,0.9193348],[-50.5061946,0.9221868],[-50.5016194,0.9261668],[-50.4993618,0.9278303],[-50.4957371,0.9286031],[-50.4903894,0.9254541],[-50.4866458,0.927177],[-50.4786836,0.926108],[-50.4714339,0.9225431],[-50.4704237,0.9212363],[-50.4704243,0.9193348],[-50.4693548,0.9180277],[-50.4655519,0.9175524],[-50.4605606,0.9195724],[-50.455094,0.9230183],[-50.4546282,0.9244179],[-50.4558666,0.9271774],[-50.4533113,0.9301478],[-50.4510534,0.9316925],[-50.449152,0.9321678],[-50.4473694,0.9314548],[-50.4449332,0.9281281],[-50.4434477,0.9271772],[-50.4421405,0.927296],[-50.439526,0.9301478],[-50.4383376,0.9349007],[-50.4359608,0.9396537],[-50.435842,0.9411984],[-50.4376246,0.9455949],[-50.4378622,0.9471396],[-50.4373869,0.9484466],[-50.4366739,0.9492784],[-50.4294246,0.9518925],[-50.4293058,0.9527243],[-50.4270478,0.955576],[-50.4234827,0.9572395],[-50.4196798,0.9610419],[-50.4183726,0.9605666],[-50.417303,0.9593784],[-50.4125194,0.9575506],[-50.4130546,0.9560467],[-50.412807,0.9545613],[-50.4116929,0.9529521],[-50.4057505,0.9489911],[-50.4040174,0.9450301],[-50.404265,0.9404502],[-50.4033984,0.9382222],[-50.4010462,0.935499],[-50.3988179,0.9345087],[-50.3962181,0.9321569],[-50.3943611,0.9315379],[-50.3890378,0.9345087],[-50.3879236,0.9347563],[-50.3866856,0.9342611],[-50.3861904,0.9327758],[-50.3865618,0.9310428],[-50.3890378,0.9265867],[-50.388914,0.9253488],[-50.3879236,0.9243586],[-50.3850763,0.9238635],[-50.3812385,0.9244824],[-50.3749248,0.9272056],[-50.3691063,0.9315379],[-50.3683635,0.9330233],[-50.3687349,0.9346325],[-50.3703443,0.9369843],[-50.3699729,0.9389648],[-50.3682397,0.9404502],[-50.3642782,0.941688],[-50.3622974,0.9414405],[-50.3605642,0.9400789],[-50.358831,0.9361179],[-50.3559837,0.9330233],[-50.3481844,0.9290623],[-50.3438515,0.9262153],[-50.3417469,0.9255964],[-50.3406327,0.9259678],[-50.3392709,0.9265867],[-50.3364236,0.9320331],[-50.3325858,0.9368606],[-50.3308527,0.9419356],[-50.3294909,0.9437923],[-50.3272625,0.9447826],[-50.3186732,0.9457396],[-50.3145138,0.9456208],[-50.3072798,0.9443472],[-50.1861695,1.0504527],[-50.1906482,1.0509694],[-50.191854,1.0523473],[-50.1930597,1.0549307],[-50.1930597,1.0588919],[-50.1897869,1.0649198],[-50.1897869,1.0757701],[-50.1885673,1.0823767],[-50.1874098,1.0852425],[-50.1798925,1.0963614],[-50.177098,1.0992934],[-50.1745147,1.1004747],[-50.1718722,1.100915],[-50.166059,1.1006258],[-50.1637761,1.1022928],[-50.1599865,1.1031057],[-50.1527517,1.1028095],[-50.1503401,1.1017761],[-50.1487898,1.1026373],[-50.1474118,1.1050484],[-50.1450002,1.1076318],[-50.1420718,1.1134874],[-50.140866,1.1176208],[-50.1393294,1.1295249],[-50.1383355,1.1313329],[-50.1365596,1.1327764],[-50.1274098,1.1356287],[-50.1243776,1.1388732],[-50.12209,1.1399823],[-50.1177836,1.140182],[-50.1129604,1.1389765],[-50.1114101,1.1396653],[-50.1062424,1.144832],[-50.1036586,1.149482],[-50.1002135,1.1532709],[-50.0943567,1.1553375],[-50.0919451,1.1574042],[-50.087811,1.1641208],[-50.0847104,1.1716985],[-50.0816098,1.1742818],[-50.0816098,1.1797929],[-50.0790259,1.1808262],[-50.0781646,1.1839262],[-50.0755808,1.1894372],[-50.070621,1.1970684],[-50.0690192,1.2022367],[-50.0672095,1.2167556],[-50.055401,1.216158],[-50.0418293,1.2142264],[-50.0221019,1.2166027],[-49.9878761,1.2218304],[-49.948659,1.2320483],[-49.901625,1.2402934],[-49.9003135,1.2128682],[-49.8978532,1.2104268],[-49.8970682,1.2063379],[-49.8975781,1.1915839],[-49.894451,1.1821584],[-49.891652,1.178761],[-49.888246,1.176638],[-49.8854819,1.1737208],[-49.883083,1.169077],[-49.8860731,1.1111501],[-49.8862534,1.0879242],[-49.8839911,1.0819811],[-49.8836279,1.0776466],[-49.8856545,1.0661198],[-49.88467,1.0471377],[-49.8857792,1.0348113],[-49.887607,1.0229341],[-49.8897824,1.013597],[-49.8938028,1.0096088],[-49.909392,0.9993742],[-49.9179764,0.9915722],[-49.9274107,0.9846554],[-49.9307144,0.9806208],[-49.9345496,0.9709924],[-49.9376914,0.9662236],[-49.9441401,0.9593579],[-49.9567455,0.9495338],[-49.9668027,0.9437079],[-49.9744801,0.9417402],[-49.989014,0.9395151],[-50.0024735,0.9064127],[-49.9966017,0.901156],[-49.9921652,0.8960981],[-49.9897817,0.8918922],[-49.9861348,0.8833451],[-49.986217,0.8803009],[-49.9876153,0.8760135],[-49.9895948,0.873673],[-49.9954424,0.8701759],[-50.011201,0.8642767],[-50.0168774,0.8612795],[-50.0202612,0.85877],[-50.0225749,0.8548808],[-50.0253578,0.8481123],[-50.0367518,0.8325227],[-50.0485421,0.8194487],[-50.0717319,0.7961971],[-50.0907989,0.7751763],[-50.097362,0.7670499],[-50.1119061,0.7603954],[-50.1168753,0.7595545],[-50.1337048,0.7546451],[-50.153397,0.7497434],[-50.1661412,0.754426],[-50.1753713,0.7529204],[-50.1962147,0.7482165],[-50.2116891,0.7462436],[-50.2203937,0.7431222],[-50.2274773,0.7369692],[-50.2312447,0.7301393],[-50.229057,0.7193223],[-50.2260218,0.6962486],[-50.2478258,0.6918984],[-50.2587016,0.6907582],[-50.2937677,0.6832809],[-50.3285877,0.6743485],[-50.3472365,0.6668437],[-50.35857,0.6600921],[-50.3757381,0.6474212],[-50.3978871,0.6325752],[-50.4251247,0.6115752],[-50.4365469,0.600107],[-50.4523199,0.5709615],[-50.4584577,0.5528819],[-50.4609842,0.5477952],[-50.4672645,0.5309222],[-50.4697826,0.5211976],[-50.4711688,0.5130276],[-50.4712839,0.4996793],[-50.4762092,0.4814998],[-50.4859901,0.458905],[-50.4893651,0.4533597],[-50.5039997,0.4350876],[-50.507654,0.4176106],[-50.5107393,0.4126562],[-50.5189528,0.3938351],[-50.5211396,0.3820946],[-50.5238924,0.3723908],[-50.5392766,0.3457966],[-50.544518,0.3317369],[-50.5529526,0.3124955],[-50.556148,0.3067173],[-50.5663551,0.2916972],[-50.5797636,0.2699946],[-50.590395,0.2579439],[-50.5963071,0.2503658],[-50.599668,0.2493574],[-50.6067783,0.2457364],[-50.6152245,0.2379565],[-50.623601,0.2317763],[-50.6448219,0.2087487],[-50.6681975,0.1850345],[-50.6904393,0.1684767],[-50.7009796,0.1616068],[-50.7187524,0.1469676],[-50.7233648,0.1443183],[-50.7264617,0.1416011],[-50.7322886,0.1386179],[-50.7435088,0.1304852],[-50.7619561,0.120978],[-50.7667803,0.1196233],[-50.7847969,0.112112],[-50.8035186,0.1063234],[-50.822708,0.1018891],[-50.848999,0.0942903],[-50.8719155,0.0892237],[-50.8797787,0.0867826],[-50.8898185,0.0845142],[-50.9001908,0.0811728],[-50.9210933,0.0761336],[-50.9341696,0.0696812],[-50.9462399,0.0627093],[-50.9654996,0.0493969],[-50.9687059,0.0462534],[-50.9748326,0.0417932],[-50.9792534,0.0374034],[-50.985116,0.0294201],[-50.9898666,0.019345],[-50.992178,0.0129537],[-50.9969123,0.0034511],[-51.0004732,-0.0003456],[-51.0074756,-0.0003456],[-51.0108074,-0.0045001],[-51.0173382,-0.0107236],[-51.0236443,-0.0193126],[-51.0396426,-0.0435004],[-51.0598716,-0.0679158],[-51.0656742,-0.0762263],[-51.0689259,-0.0791257],[-51.0808362,-0.0864433],[-51.0923965,-0.0888919],[-51.0970345,-0.0883594],[-51.0997284,-0.091258],[-51.1132027,-0.0966079],[-51.1264528,-0.0981075],[-51.1416432,-0.100739],[-51.1477866,-0.1026716],[-51.151361,-0.1031859],[-51.158782,-0.1031875],[-51.1748986,-0.1045348],[-51.1810052,-0.106658],[-51.1883891,-0.1102357],[-51.2003095,-0.1135871],[-51.2115658,-0.1185581],[-51.2163629,-0.1186128],[-51.219704,-0.124303],[-51.2234227,-0.127782],[-51.2350362,-0.1436392],[-51.2409806,-0.1562141],[-51.257174,-0.1805519],[-51.2599766,-0.186994],[-51.2724507,-0.204322],[-51.2762585,-0.2104564],[-51.2794838,-0.2140902],[-51.2895955,-0.2280768],[-51.296536,-0.2418273],[-51.3000924,-0.2466348],[-51.3024816,-0.2526427],[-51.3069007,-0.2560917],[-51.3149509,-0.2589056],[-51.3230321,-0.2637693],[-51.3321183,-0.2737844],[-51.3390097,-0.284577],[-51.3477828,-0.2996133],[-51.3544518,-0.3185241],[-51.362004,-0.3588207],[-51.3625053,-0.3681079],[-51.3643091,-0.3713156],[-51.3683699,-0.3762575],[-51.3785635,-0.3875805],[-51.3957855,-0.4049706],[-51.4037713,-0.4147375],[-51.4166756,-0.4243499],[-51.4207255,-0.4289932],[-51.4222598,-0.4319227],[-51.4236695,-0.4366112],[-51.4251572,-0.4469056],[-51.4284336,-0.461943],[-51.4324792,-0.4733425],[-51.440711,-0.4870692],[-51.4481454,-0.497471],[-51.4514848,-0.5040504],[-51.4577885,-0.513234],[-51.4647564,-0.5194528],[-51.4743202,-0.5307873],[-51.4803988,-0.5367257],[-51.4846183,-0.5434323],[-51.4867025,-0.5456097],[-51.4936439,-0.5503487],[-51.5008724,-0.5539089],[-51.5106715,-0.5630204],[-51.5151162,-0.5660446],[-51.5262175,-0.5801995],[-51.5392883,-0.5933408],[-51.5581197,-0.6098108],[-51.5716431,-0.6231372],[-51.5955362,-0.6504378],[-51.6122048,-0.676253],[-51.6200592,-0.6911579],[-51.6293686,-0.7048619],[-51.6340104,-0.7105308],[-51.6424554,-0.7242427],[-51.647772,-0.7347842],[-51.6549514,-0.7460018],[-51.6564859,-0.7493641],[-51.6622039,-0.7582686],[-51.6654811,-0.7618948],[-51.6714298,-0.7761039],[-51.6792049,-0.7852519],[-51.6834486,-0.7940294],[-51.6842565,-0.8063752],[-51.6858113,-0.8118422],[-51.6860689,-0.818475],[-51.6882053,-0.8232067],[-51.6888748,-0.8445472],[-51.6909527,-0.8538125],[-51.6916186,-0.8669336],[-51.6913744,-0.8856848],[-51.6904861,-0.8925129],[-51.693936,-0.9083802],[-51.6955895,-0.924719],[-51.6899225,-0.9755906],[-51.6897636,-0.9975876],[-51.687099,-1.0048698],[-51.6856469,-1.0128623],[-51.686228,-1.0293855],[-51.6881858,-1.0392483],[-51.6993145,-1.0597889],[-51.700427,-1.0632109],[-51.7043365,-1.067741],[-51.724994,-1.0872781],[-51.7554288,-1.1141725],[-51.7655218,-1.1244072],[-51.7723973,-1.1324073],[-51.7793719,-1.1375926],[-51.7783994,-1.1404123],[-51.7844523,-1.1442829],[-51.7884588,-1.1476053],[-51.7988107,-1.1519195],[-51.8090963,-1.1571011],[-51.8337406,-1.1591481],[-51.8392306,-1.1590394],[-51.84448,-1.1596769],[-51.8521229,-1.1617514],[-51.8820126,-1.166347],[-51.8872859,-1.1663971]],[[-50.70458955385551,0.2983195590377639],[-50.7045895,0.2983193],[-50.6448219,0.2087487],[-50.70458955385551,0.2983195590377639]],[[-51.9553946,-0.8696475],[-51.9552418961182,-0.8696347789596959],[-51.9593757,-0.8675681],[-51.9553946,-0.8696475]],[[-51.9377469,-0.8694099],[-51.9379846,-0.8703011],[-51.9375686,-0.8722023],[-51.9377469,-0.8694099]],[[-51.93532178213014,-0.8698009864621291],[-51.9366179,-0.8692911],[-51.9377469,-0.8694099],[-51.93532178213014,-0.8698009864621291]],[[-51.95780026017528,-0.8419741987320836],[-51.9579593,-0.8423813],[-51.9559628,-0.8477047],[-51.95780026017528,-0.8419741987320836]],[[-51.956310781304396,-0.8391705908870816],[-51.9567709,-0.8393393],[-51.95718072291343,-0.8403883418231562],[-51.956310781304396,-0.8391705908870816]],[[-51.9514468,-0.8391016],[-51.9553448,-0.8388164],[-51.95625125760442,-0.8391487656695549],[-51.9514468,-0.8391016]],[[-51.9393252,-0.8110109],[-51.93930719079123,-0.8108359684775082],[-51.9405611,-0.814338],[-51.9393252,-0.8110109]],[[-52.5129835,0.309912],[-52.5126032,0.3095317],[-52.512216096811905,0.30957090201912846],[-52.5129835,0.309912]],[[-52.5719291,0.4072457],[-52.57173934188705,0.4074757032357707],[-52.5735928,0.4066753],[-52.5719291,0.4072457]],[[-52.5703604,0.4091471],[-52.57048699247051,0.4093957009731664],[-52.571180788402614,0.4081527183408339],[-52.5703604,0.4091471]],[[-52.5716777,0.411734],[-52.5727847,0.4125221],[-52.570979625713775,0.4103631289979238],[-52.5716777,0.411734]],[[-52.58989822555073,0.43989992346433504],[-52.5880437,0.4370024],[-52.5876159,0.4368122],[-52.58989822555073,0.43989992346433504]],[[-52.5908484,0.4411854],[-52.59389061128825,0.44422752923929193],[-52.59048591505468,0.44069499964025777],[-52.5908484,0.4411854]],[[-52.59417318128141,0.44629727817690845],[-52.5947463,0.4453209],[-52.594518800700605,0.4450302089126697],[-52.59417318128141,0.44629727817690845]],[[-52.5922744,0.4476501],[-52.5934628,0.4475075],[-52.59370585365519,0.4470934282256008],[-52.5922744,0.4476501]],[[-52.5933678,0.4611498],[-52.5966002,0.4616252],[-52.59299248451714,0.46082813323937355],[-52.5933678,0.4611498]],[[-52.6112302,0.494935],[-52.611477154396844,0.4951290196940484],[-52.6095189,0.4919879],[-52.6112302,0.494935]],[[-52.63332347782217,0.4973661587139807],[-52.6333819,0.4971215],[-52.63297583474274,0.4967360956256481],[-52.63332347782217,0.4973661587139807]],[[-52.671522426599665,0.564071984302195],[-52.6716483,0.5634787],[-52.6707926,0.5601039],[-52.671522426599665,0.564071984302195]],[[-52.6708877,0.5652375],[-52.6713155,0.5650473],[-52.671455994661024,0.5643851007052815],[-52.6708877,0.5652375]],[[-52.6720286,0.5698482],[-52.6731694,0.5707514],[-52.6702698,0.5675191],[-52.6720286,0.5698482]],[[-52.6803262,0.7622636],[-52.6808929570707,0.7627375757873416],[-52.6784248,0.7597919],[-52.6803262,0.7622636]],[[-52.72380232080405,0.7824218103428282],[-52.7233345,0.7822243],[-52.7189156,0.7814962],[-52.72380232080405,0.7824218103428282]],[[-52.7308808,0.7879281],[-52.7260084,0.7833532],[-52.725091005753356,0.7829658832099045],[-52.7308808,0.7879281]],[[-52.7544705,0.8077724],[-52.7539357,0.8069406],[-52.7516183,0.8049205],[-52.7544705,0.8077724]],[[-51.4785683,0.4524942],[-51.4780454,0.4566297],[-51.47825352218398,0.45708151662454183],[-51.4785683,0.4524942]],[[-51.47544377644437,0.44608001884033305],[-51.4752884,0.4468851],[-51.4754785,0.448026],[-51.47544377644437,0.44608001884033305]],[[-51.4768095,0.4429873],[-51.4758113,0.4441757],[-51.47565724723761,0.44497392251749085],[-51.4768095,0.4429873]],[[-51.4901671,0.4319118],[-51.4876952,0.4284418],[-51.4908801,0.4332903],[-51.4901671,0.4319118]],[[-51.2062054,0.082946],[-51.2065121,0.0841653],[-51.2088795,0.0889031],[-51.2062054,0.082946]],[[-51.20717902077911,0.08146216224996608],[-51.2066611,0.0820531],[-51.2062054,0.082946],[-51.20717902077911,0.08146216224996608]],[[-51.22907742030071,0.032614026964261],[-51.2294623,0.0331889],[-51.23072277207309,0.03345258834152337],[-51.22907742030071,0.032614026964261]],[[-51.2339101,0.0234982],[-51.23434847230427,0.021449876931245716],[-51.2327027,0.0261922],[-51.2339101,0.0234982]],[[-51.8237797,-0.8602009],[-51.8223536,-0.8638251],[-51.8238985,-0.8593691],[-51.8237797,-0.8602009]],[[-51.822413,-0.8590126],[-51.8233638,-0.8589532],[-51.8238985,-0.8593691],[-51.822413,-0.8590126]],[[-51.8129059,-0.8654886],[-51.8181942,-0.8615079],[-51.822413,-0.8590126],[-51.8129059,-0.8654886]],[[-51.81114548731382,-0.8718029709683964],[-51.8121928,-0.8666769],[-51.8115986,-0.8711923],[-51.81114548731382,-0.8718029709683964]],[[-51.8090436,-0.8735688],[-51.8106328635546,-0.8724938464548014],[-51.810232,-0.8730341],[-51.8090436,-0.8735688]],[[-51.8045277,-0.8722617],[-51.80723070702367,-0.8733919160576008],[-51.8066074,-0.8733311],[-51.8045277,-0.8722617]],[[-51.7282326,-0.859072],[-51.72912201156263,-0.8585161879358992],[-51.7289457,-0.8587749],[-51.7282326,-0.859072]],[[-51.726530042677474,-0.8572369089754228],[-51.7266877,-0.8585373],[-51.7263906,-0.8576461],[-51.726530042677474,-0.8572369089754228]],[[-51.5754639,0.1645162],[-51.5778807,0.1621715],[-51.5782135,0.161292],[-51.5754639,0.1645162]],[[-51.5769062,0.1557304],[-51.57644791428085,0.1543346832171685],[-51.5782135,0.161292],[-51.5769062,0.1557304]],[[-51.57478126002147,0.1492588599397065],[-51.573246,0.1445832],[-51.5716844,0.1415334],[-51.57478126002147,0.1492588599397065]],[[-51.5349796,0.0630594],[-51.5333159,0.0547406],[-51.53281161797557,0.05395393022597018],[-51.5349796,0.0630594]],[[-50.6567841,0.5944369],[-50.6547526062761,0.5927096386519867],[-50.65707448996287,0.5949104283639834],[-50.6567841,0.5944369]],[[-50.65342711471366,0.5927311371374316],[-50.65397969997497,0.592551578894607],[-50.6536111,0.5924762],[-50.65342711471366,0.5927311371374316]],[[-50.646665951764625,0.5972248395585957],[-50.6511155,0.5959342],[-50.6471581,0.5968611],[-50.646665951764625,0.5972248395585957]],[[-50.6444129,0.599927],[-50.646267718178066,0.5975191681746115],[-50.6455181,0.5980732],[-50.6444129,0.599927]],[[-50.6268205,0.6775073],[-50.6264996,0.6757961],[-50.62672669313189,0.678621636764437],[-50.6268205,0.6775073]],[[-50.61583258684543,0.6974040467543332],[-50.6168023,0.6906975],[-50.6162675,0.6923374],[-50.61583258684543,0.6974040467543332]],[[-50.6159466,0.701428],[-50.61561173537275,0.6999769199485909],[-50.6155545,0.7006437],[-50.6159466,0.701428]],[[-50.6222927,0.7063832],[-50.6208309,0.7042442],[-50.62216069104939,0.7067089255911934],[-50.6222927,0.7063832]],[[-50.6129532,0.7530254],[-50.6143793,0.7520985],[-50.6113845,0.7533462],[-50.6129532,0.7530254]],[[-50.58003843258784,0.7345080285686758],[-50.582043,0.7344523],[-50.580704,0.734153],[-50.58003843258784,0.7345080285686758]],[[-50.52049877884985,0.7592038741482914],[-50.52048067607192,0.7579457691667104],[-50.5204009,0.7581053],[-50.52049877884985,0.7592038741482914]],[[-50.5205435,0.7623119],[-50.52053847141796,0.7619624241268169],[-50.5198305,0.7629536],[-50.5205435,0.7623119]],[[-50.518480326822264,0.7626679654348639],[-50.5186896,0.7628466],[-50.5198305,0.7629536],[-50.518480326822264,0.7626679654348639]],[[-50.50201681877325,0.7542319658359558],[-50.5035375,0.7541127],[-50.5023254,0.7540414],[-50.50201681877325,0.7542319658359558]],[[-50.4982611,0.7553247],[-50.49858006042667,0.7553663035339133],[-50.4978332,0.754184],[-50.4982611,0.7553247]]]}}]}