{"type":"FeatureCollection","features":[{"type":"Feature","properties":{"geometry_key":"area|area_conc_urb_rio_de_janeiro","type":"area_estudo","area_col":"area_conc_urb_rio_de_janeiro","area_label":"Rio de Janeiro - Grande Conc. Urbana","label":"Rio de Janeiro - Grande Conc. Urbana"},"geometry":{"type":"MultiPolygon","coordinates":[[[[-44.0121359,-23.0869317],[-44.0107176,-23.0853386],[-44.0104218,-23.0854973],[-44.011316,-23.087048],[-44.0121359,-23.0869317]]],[[[-44.1368141,-23.042613],[-44.1360897,-23.0436025],[-44.1391669,-23.0437607],[-44.1395716,-23.0429411],[-44.1386148,-23.0416246],[-44.1366657,-23.0404464],[-44.1368141,-23.042613]]],[[[-44.1617964,-23.0405871],[-44.1620109,-23.0396912],[-44.1602666,-23.0369274],[-44.1590262,-23.0367912],[-44.1592655,-23.0375157],[-44.1582872,-23.0412465],[-44.1590334,-23.0420084],[-44.1603154,-23.0408189],[-44.1617964,-23.0405871]]],[[[-44.1247269,-23.0412722],[-44.1293084,-23.0421995],[-44.130499,-23.0415443],[-44.1309291,-23.0384912],[-44.1293161,-23.036876],[-44.1297808,-23.0360121],[-44.129042,-23.0359882],[-44.1286148,-23.0368941],[-44.1247945,-23.0377191],[-44.1247306,-23.0386639],[-44.1232136,-23.0397454],[-44.1247269,-23.0412722]]],[[[-44.1122768,-23.0380395],[-44.111564,-23.0379905],[-44.1119356,-23.0387215],[-44.1122768,-23.0380395]]],[[[-44.112397,-23.0364341],[-44.112222,-23.037316],[-44.1127954,-23.0375043],[-44.1130076,-23.0369002],[-44.112397,-23.0364341]]],[[[-44.1101264,-23.0258192],[-44.1104792,-23.0259674],[-44.1104077,-23.0254799],[-44.1101264,-23.0258192]]],[[[-44.1105741,-23.0247739],[-44.1103107,-23.0245941],[-44.1103788,-23.0249118],[-44.1105741,-23.0247739]]],[[[-43.9542112,-23.0249628],[-43.9534581,-23.0236676],[-43.9549217,-23.0234516],[-43.9532587,-23.0224512],[-43.9524507,-23.0235874],[-43.951602,-23.023484],[-43.9509879,-23.0255229],[-43.9531581,-23.0261095],[-43.9542112,-23.0249628]]],[[[-44.1088482,-23.0232565],[-44.1087301,-23.0234655],[-44.1090344,-23.0233359],[-44.1088482,-23.0232565]]],[[[-44.1098031,-23.0221191],[-44.1096561,-23.0237435],[-44.1104743,-23.0238775],[-44.1109728,-23.0231693],[-44.1098031,-23.0221191]]],[[[-43.94809,-23.0239671],[-43.9472307,-23.0224225],[-43.9458685,-23.0218659],[-43.946032,-23.0207891],[-43.9440309,-23.0200805],[-43.9439546,-23.0226512],[-43.944955,-23.0242269],[-43.9477262,-23.0246293],[-43.94809,-23.0239671]]],[[[-43.9446034,-23.0192918],[-43.9441342,-23.0184823],[-43.9432064,-23.0189326],[-43.9446034,-23.0192918]]],[[[-43.9397871,-23.0161538],[-43.9401092,-23.0166371],[-43.9405967,-23.0161446],[-43.9397871,-23.0161538]]],[[[-43.9402633,-23.0153194],[-43.9404493,-23.0154384],[-43.9407136,-23.0151351],[-43.9402633,-23.0153194]]],[[[-43.965464,-23.0153239],[-43.9660622,-23.0152827],[-43.9654175,-23.0150236],[-43.965464,-23.0153239]]],[[[-43.96494,-23.0136707],[-43.9655062,-23.013445],[-43.9644978,-23.0126785],[-43.96494,-23.0136707]]],[[[-43.9304315,-23.0119256],[-43.9301401,-23.0123146],[-43.930271,-23.0131018],[-43.9304315,-23.0119256]]],[[[-44.0767642,-23.0119841],[-44.0773332,-23.0121679],[-44.0767966,-23.0117058],[-44.0767642,-23.0119841]]],[[[-43.9246691,-23.0075932],[-43.9249612,-23.0077838],[-43.9251768,-23.0073865],[-43.9246691,-23.0075932]]],[[[-43.9525508,-23.0098979],[-43.9539008,-23.0074823],[-43.9534056,-23.005938],[-43.9550505,-23.0060647],[-43.9541574,-23.0049112],[-43.9525595,-23.0046595],[-43.9491525,-23.0059241],[-43.9506742,-23.0089727],[-43.9525508,-23.0098979]]],[[[-43.9483762,-23.0040502],[-43.9482983,-23.0042286],[-43.9485782,-23.0047544],[-43.9483762,-23.0040502]]],[[[-43.9452842,-23.0038933],[-43.9447698,-23.0037886],[-43.9445715,-23.0040364],[-43.944981,-23.0044781],[-43.9452842,-23.0038933]]],[[[-43.947162,-23.0037694],[-43.9459797,-23.0035056],[-43.9462276,-23.0042657],[-43.9473093,-23.0046762],[-43.947162,-23.0037694]]],[[[-44.0472703,-23.0114695],[-44.047558,-23.0102386],[-44.0504013,-23.0095025],[-44.0508853,-23.0078919],[-44.0531519,-23.0071182],[-44.0531174,-23.0055756],[-44.0517597,-23.0037675],[-44.0526315,-23.0038446],[-44.0524974,-23.0033047],[-44.049429,-23.0007981],[-44.0469504,-23.0021721],[-44.0427814,-23.0000541],[-44.0397906,-23.0001783],[-44.038733,-22.9993327],[-44.0385021,-22.9982116],[-44.0372355,-22.9980265],[-44.0348271,-22.9962583],[-44.0337341,-22.9970865],[-44.0336607,-22.9998253],[-44.0303761,-23.0000686],[-44.0297891,-22.9981189],[-44.0301681,-22.996081],[-44.0296798,-22.9960248],[-44.0290206,-22.9985369],[-44.0295278,-23.0037556],[-44.0307855,-23.0059869],[-44.0298001,-23.0064348],[-44.0298876,-23.0076704],[-44.0343644,-23.0092932],[-44.0380795,-23.0116932],[-44.039829,-23.0100363],[-44.0418048,-23.0104548],[-44.041092,-23.0097203],[-44.0419284,-23.0086151],[-44.041053,-23.0070134],[-44.0429033,-23.0061175],[-44.0450438,-23.0078909],[-44.0472703,-23.0114695]]],[[[-43.9436588,-23.004077],[-43.9434312,-23.0036379],[-43.9431325,-23.0036517],[-43.9432284,-23.003954],[-43.9436588,-23.004077]]],[[[-43.9482195,-23.0035389],[-43.9479565,-23.0033872],[-43.9478047,-23.0039346],[-43.9482195,-23.0035389]]],[[[-43.9535639,-23.0016431],[-43.9532108,-23.0007249],[-43.9519972,-23.0009391],[-43.9530328,-23.0017963],[-43.953352,-23.0037406],[-43.9548144,-23.0023827],[-43.9535639,-23.0016431]]],[[[-43.9254189,-23.0017636],[-43.9265574,-23.0027434],[-43.926759,-23.0044396],[-43.9281447,-23.0051475],[-43.9292585,-23.0068079],[-43.9302052,-23.0067571],[-43.9300243,-23.0075359],[-43.931237,-23.0076512],[-43.9315691,-23.0088973],[-43.9307729,-23.009554],[-43.9304564,-23.0117893],[-43.934347,-23.0139615],[-43.9345962,-23.0152335],[-43.9354545,-23.0150821],[-43.9354407,-23.0131852],[-43.9336269,-23.0102115],[-43.9346864,-23.0087091],[-43.937623,-23.0074106],[-43.9375003,-23.0042756],[-43.9379968,-23.0035703],[-43.9373918,-23.003688],[-43.9371349,-23.0029886],[-43.9377016,-22.9998979],[-43.9369617,-22.99812],[-43.9348141,-22.9980213],[-43.9319512,-22.9968978],[-43.9308997,-22.9926043],[-43.9293217,-22.9914422],[-43.9287644,-22.9899176],[-43.9274642,-22.988897],[-43.9262939,-22.9889526],[-43.9258709,-22.9901161],[-43.9230368,-22.9914955],[-43.9215799,-22.990753],[-43.9212133,-22.9893542],[-43.9203058,-22.988799],[-43.9177212,-22.9884874],[-43.9166266,-22.9905216],[-43.9182693,-22.9930443],[-43.917185,-22.9945215],[-43.9206074,-22.9971394],[-43.9222721,-22.9972243],[-43.9249903,-22.9998224],[-43.9256582,-23.0010202],[-43.9254189,-23.0017636]]],[[[-44.0445564,-22.9893444],[-44.0448321,-22.9884284],[-44.0435989,-22.9869215],[-44.0425046,-22.986515],[-44.0407268,-22.9877032],[-44.0401595,-22.9890695],[-44.0412927,-22.9907595],[-44.0445564,-22.9893444]]],[[[-43.9185664,-22.9866442],[-43.9192699,-22.9874198],[-43.9225865,-22.9882717],[-43.9232812,-22.9871157],[-43.9224917,-22.9858145],[-43.9193538,-22.9850002],[-43.9185664,-22.9866442]]],[[[-43.9226668,-22.9828036],[-43.9237991,-22.9841673],[-43.9234297,-22.9823055],[-43.9226668,-22.9828036]]],[[[-43.9346592,-22.9813142],[-43.9349676,-22.9818871],[-43.936243,-22.9823213],[-43.9351398,-22.9811039],[-43.9346592,-22.9813142]]],[[[-44.0067336,-22.9650632],[-44.007052,-22.9653896],[-44.0067338,-22.9649546],[-44.0067336,-22.9650632]]],[[[-44.0063492,-22.9645455],[-44.0062482,-22.9643063],[-44.0060715,-22.9645986],[-44.0063492,-22.9645455]]],[[[-43.9995066,-22.9618267],[-44.0002059,-22.9627057],[-44.001402,-22.9631083],[-44.0006578,-22.9618712],[-43.9995066,-22.9618267]]],[[[-43.947203,-22.9593193],[-43.9466163,-22.960148],[-43.947006,-22.9610944],[-43.9499216,-22.9603096],[-43.950931,-22.9605579],[-43.9519096,-22.9599453],[-43.947203,-22.9593193]]],[[[-43.9980702,-22.9603616],[-43.9984062,-22.9601657],[-43.9980787,-22.9600316],[-43.9980702,-22.9603616]]],[[[-43.9273035,-22.947313],[-43.9280514,-22.9486184],[-43.9290103,-22.9488859],[-43.9285099,-22.9477358],[-43.9273035,-22.947313]]],[[[-44.0082636,-22.9469113],[-44.0080444,-22.9477036],[-44.009097,-22.9479828],[-44.0093081,-22.9470904],[-44.0082636,-22.9469113]]],[[[-43.9223785,-22.9441707],[-43.9223762,-22.9449292],[-43.9236936,-22.945669],[-43.9233051,-22.9445265],[-43.9223785,-22.9441707]]],[[[-43.9671652,-22.9455818],[-43.9672657,-22.9448556],[-43.9665509,-22.9439789],[-43.9672965,-22.9434109],[-43.965566,-22.9435144],[-43.9671652,-22.9455818]]],[[[-43.9617452,-22.9443147],[-43.9633929,-22.944921],[-43.963763,-22.9439808],[-43.9617846,-22.9430022],[-43.9612278,-22.9433889],[-43.9617452,-22.9443147]]],[[[-44.0209221,-22.9611294],[-44.0213334,-22.9626484],[-44.0240877,-22.9635103],[-44.0247873,-22.9622008],[-44.0261748,-22.962309],[-44.0305245,-22.9642689],[-44.0303463,-22.9652561],[-44.0309342,-22.965335],[-44.0312119,-22.9665663],[-44.0318292,-22.9668246],[-44.0312893,-22.9671117],[-44.0319481,-22.9675566],[-44.0317004,-22.9685928],[-44.0327782,-22.9711357],[-44.0321678,-22.9758532],[-44.0327831,-22.9780688],[-44.032329,-22.9789281],[-44.0326291,-22.9810598],[-44.0335741,-22.9802932],[-44.0343072,-22.9810168],[-44.0340358,-22.9814412],[-44.0374546,-22.9820124],[-44.0429403,-22.9845313],[-44.0472935,-22.9845043],[-44.0522589,-22.9819712],[-44.0553575,-22.9816852],[-44.0559608,-22.9805709],[-44.052685,-22.9730671],[-44.0475152,-22.9708199],[-44.0451944,-22.9672451],[-44.0446374,-22.9654287],[-44.0418477,-22.9630784],[-44.0426546,-22.9600971],[-44.0450893,-22.9584183],[-44.0459078,-22.9565821],[-44.0440664,-22.9541978],[-44.0400406,-22.9525199],[-44.0401388,-22.9490585],[-44.041513,-22.9468478],[-44.0486825,-22.9412923],[-44.0504918,-22.9420725],[-44.0537747,-22.9422934],[-44.0544849,-22.9433767],[-44.0543368,-22.9446341],[-44.0580504,-22.9443981],[-44.0589413,-22.9454963],[-44.0607148,-22.9458944],[-44.0610471,-22.9477813],[-44.0625046,-22.9495654],[-44.0658263,-22.9495273],[-44.0678758,-22.9509698],[-44.0721804,-22.9513504],[-44.0747799,-22.9523366],[-44.0787693,-22.9559876],[-44.0800425,-22.958652],[-44.0813277,-22.9594999],[-44.0810226,-22.9607112],[-44.0801608,-22.9614561],[-44.0814241,-22.965539],[-44.0804131,-22.9661856],[-44.0803249,-22.9675301],[-44.0794341,-22.9689185],[-44.0773502,-22.9694544],[-44.0760441,-22.969099],[-44.0765789,-22.9717628],[-44.0756499,-22.9729791],[-44.076037,-22.974263],[-44.0775565,-22.9749776],[-44.078547,-22.9763017],[-44.0774344,-22.9775889],[-44.0776236,-22.9788052],[-44.0812278,-22.9845762],[-44.0813126,-22.9852113],[-44.0804431,-22.9861024],[-44.0816274,-22.9873246],[-44.0822161,-22.9890164],[-44.0817255,-22.9911322],[-44.082975,-22.9935987],[-44.0839826,-22.993479],[-44.0843204,-22.9924143],[-44.0874124,-22.9924721],[-44.0900901,-22.993887],[-44.0937867,-22.9942264],[-44.0961004,-22.9956112],[-44.0969546,-22.9969344],[-44.0966723,-22.9980573],[-44.0955961,-22.9990301],[-44.0947123,-22.9987057],[-44.0957791,-22.9995776],[-44.0951051,-23.0020481],[-44.0959409,-23.0048576],[-44.0995269,-23.0092009],[-44.1023665,-23.0092496],[-44.1039304,-23.0104285],[-44.1041218,-23.0127296],[-44.1051224,-23.0135173],[-44.1047435,-23.014603],[-44.1059547,-23.0157226],[-44.1077227,-23.0154267],[-44.1133457,-23.0232034],[-44.1162938,-23.0237667],[-44.1195383,-23.0254424],[-44.121778,-23.0253517],[-44.1244014,-23.0263049],[-44.1262646,-23.0278104],[-44.1264177,-23.0286833],[-44.1265213,-23.028041],[-44.127384,-23.0288029],[-44.1271313,-23.0306694],[-44.1298794,-23.0311911],[-44.1298006,-23.0324835],[-44.1366189,-23.0332474],[-44.1446907,-23.036032],[-44.1468871,-23.0350028],[-44.1503408,-23.0360366],[-44.1507763,-23.0380751],[-44.152201,-23.0406204],[-44.1538549,-23.0409633],[-44.1535797,-23.0383961],[-44.1543572,-23.0361712],[-44.154769,-23.0358175],[-44.1552513,-23.0362254],[-44.1558724,-23.0353906],[-44.1573777,-23.0349175],[-44.1558285,-23.0352493],[-44.1552178,-23.0357625],[-44.1547383,-23.0354713],[-44.1566108,-23.0339633],[-44.1596355,-23.0332757],[-44.1593603,-23.0325978],[-44.1602243,-23.0317827],[-44.1613856,-23.0318627],[-44.1656601,-23.0339368],[-44.165572,-23.0297354],[-44.1661852,-23.0286037],[-44.1647875,-23.0258671],[-44.1655896,-23.0213377],[-44.1653808,-23.0184968],[-44.1661793,-23.0152514],[-44.1653379,-23.0136567],[-44.1632154,-23.011903],[-44.1632403,-23.0082814],[-44.165174,-23.0050029],[-44.1676989,-23.003356],[-44.1686426,-22.9996383],[-44.1685189,-22.9962063],[-44.1697711,-22.994583],[-44.1723779,-22.9886535],[-44.1724248,-22.9841651],[-44.1750582,-22.9821537],[-44.1788612,-22.9804995],[-44.1788303,-22.9783507],[-44.1780728,-22.9775622],[-44.178197,-22.9730073],[-44.1794487,-22.9701417],[-44.1807473,-22.9693688],[-44.1818655,-22.9670488],[-44.1839828,-22.9588015],[-44.1876557,-22.9518279],[-44.1883162,-22.9492801],[-44.1874294,-22.9406797],[-44.19,-22.9345933],[-44.1918455,-22.9318517],[-44.1931077,-22.9281033],[-44.1915952,-22.9273392],[-44.1873722,-22.9268904],[-44.1824042,-22.925473],[-44.1802713,-22.9272224],[-44.1781177,-22.9280641],[-44.175227,-22.9281996],[-44.1745978,-22.9277112],[-44.1742819,-22.9250202],[-44.1730574,-22.9226174],[-44.1739212,-22.9218201],[-44.1740627,-22.9206485],[-44.1724102,-22.9191509],[-44.1741326,-22.9156889],[-44.1726032,-22.9141331],[-44.1698433,-22.9126737],[-44.1698964,-22.9108065],[-44.1678271,-22.9066897],[-44.1661322,-22.9057737],[-44.1654772,-22.9040412],[-44.1646137,-22.9035013],[-44.1620835,-22.9038394],[-44.1579334,-22.9032988],[-44.1551234,-22.902163],[-44.1551902,-22.9001223],[-44.1534116,-22.8986574],[-44.1520163,-22.893631],[-44.1502331,-22.8929189],[-44.1490776,-22.8900017],[-44.1442209,-22.887048],[-44.1429511,-22.8851005],[-44.143199,-22.8830106],[-44.1397647,-22.8807336],[-44.1342719,-22.8785289],[-44.1333392,-22.8775535],[-44.129067,-22.8764929],[-44.1277805,-22.877222],[-44.1263834,-22.8754744],[-44.1247074,-22.8749968],[-44.1242367,-22.8727206],[-44.1220056,-22.871201],[-44.118817,-22.8673356],[-44.1186323,-22.8645328],[-44.1191355,-22.8627367],[-44.1175165,-22.8608101],[-44.1139743,-22.8596632],[-44.1130688,-22.8598855],[-44.1118659,-22.8590827],[-44.1116613,-22.8600184],[-44.1130625,-22.8610802],[-44.1119406,-22.8645934],[-44.1096131,-22.8654606],[-44.1078928,-22.867626],[-44.1042735,-22.868944],[-44.1025634,-22.870942],[-44.1023714,-22.8726807],[-44.0993298,-22.8739852],[-44.0982506,-22.8761037],[-44.0944849,-22.8776716],[-44.092754,-22.8800374],[-44.0909064,-22.8809302],[-44.0884689,-22.8836432],[-44.085767,-22.8826908],[-44.082347,-22.8803478],[-44.0792082,-22.8793712],[-44.0762914,-22.8795243],[-44.0713064,-22.8781674],[-44.0641873,-22.8806079],[-44.0585524,-22.8782493],[-44.0570507,-22.8787088],[-44.0515149,-22.8777056],[-44.0478247,-22.8813138],[-44.0461412,-22.8819394],[-44.045259,-22.8829853],[-44.0434273,-22.8827428],[-44.0415823,-22.8832336],[-44.0362284,-22.8793317],[-44.0327483,-22.8788472],[-44.027714,-22.8759056],[-44.0263273,-22.8734815],[-44.0182628,-22.8706739],[-44.0172084,-22.8675964],[-44.0140881,-22.8645373],[-44.0110403,-22.8624506],[-44.0093778,-22.8625262],[-44.0090427,-22.8614367],[-44.0094441,-22.8608537],[-44.0071154,-22.859338],[-44.0037864,-22.8590424],[-44.0005472,-22.8530691],[-44.001007,-22.851901],[-43.9990894,-22.8450801],[-43.994635,-22.8429855],[-43.9910696,-22.84339],[-43.9902289,-22.8423512],[-43.9910615,-22.8467771],[-43.9895603,-22.8473453],[-43.9884476,-22.846485],[-43.9851148,-22.8489692],[-43.9836802,-22.849168],[-43.9818146,-22.8477375],[-43.9810233,-22.8479002],[-43.9776636,-22.8499795],[-43.9762456,-22.8524723],[-43.9741819,-22.8545241],[-43.9753385,-22.8575804],[-43.9776259,-22.8598494],[-43.9776664,-22.8616732],[-43.9789422,-22.8624676],[-43.9804114,-22.8659568],[-43.9773253,-22.8686638],[-43.9768495,-22.8704716],[-43.9734621,-22.871819],[-43.9728811,-22.8732823],[-43.9741341,-22.8750899],[-43.973957,-22.8761841],[-43.9731616,-22.877403],[-43.9710167,-22.8784959],[-43.9684215,-22.8811029],[-43.967868,-22.8826718],[-43.96681,-22.8833555],[-43.9671649,-22.8849257],[-43.9648722,-22.8863523],[-43.9601419,-22.885626],[-43.9588206,-22.887665],[-43.9577834,-22.887822],[-43.9502833,-22.8871259],[-43.940507,-22.8837131],[-43.93904986547305,-22.88131824604885],[-43.9395621,-22.8787027],[-43.937436,-22.8787931],[-43.9341834,-22.8774144],[-43.933772,-22.8748718],[-43.9314964,-22.8747447],[-43.9297249,-22.874009],[-43.929471,-22.8727177],[-43.9263965,-22.8696756],[-43.9251598,-22.8634544],[-43.92154,-22.861265],[-43.9198645,-22.8584542],[-43.9179981,-22.8570311],[-43.9170394,-22.8526314],[-43.914299,-22.8504438],[-43.9124547,-22.8497877],[-43.9127725,-22.8480752],[-43.9101907,-22.8447487],[-43.9109911,-22.8431207],[-43.9108957,-22.8405342],[-43.9133538,-22.8370891],[-43.9090776,-22.833681],[-43.908255,-22.8315767],[-43.9057609,-22.8302416],[-43.9037913,-22.8300812],[-43.9018764,-22.8316937],[-43.8996746,-22.8317414],[-43.8994035,-22.8327158],[-43.8984782,-22.8331771],[-43.8975592,-22.8328657],[-43.8966713,-22.8313415],[-43.894451,-22.8309934],[-43.8943837,-22.8301338],[-43.8913563,-22.8284817],[-43.8901339,-22.8257281],[-43.8884989,-22.8240973],[-43.8882553,-22.8234285],[-43.8890015,-22.8221085],[-43.8866426,-22.8208107],[-43.8865167,-22.8198921],[-43.8847081,-22.8185803],[-43.883267,-22.8177364],[-43.8803966,-22.8172891],[-43.8790465,-22.8160594],[-43.8785824,-22.8131616],[-43.8800848,-22.8114736],[-43.8777096,-22.8101255],[-43.8725963,-22.8091538],[-43.8698686,-22.8069581],[-43.8622057,-22.8057982],[-43.8586482,-22.8027942],[-43.8527911,-22.8018137],[-43.849447,-22.8018737],[-43.8437524,-22.7996628],[-43.8424251,-22.7985306],[-43.8381009,-22.7980185],[-43.8377599,-22.7958622],[-43.8352431,-22.795131],[-43.8324789,-22.7931946],[-43.8311256,-22.7913019],[-43.8301545,-22.7879007],[-43.8281341,-22.785973],[-43.8250429,-22.7846629],[-43.8223742,-22.7822351],[-43.8217443,-22.7801398],[-43.8195849,-22.7781053],[-43.8201424,-22.7771181],[-43.8164226,-22.7751861],[-43.8124511,-22.7717824],[-43.8144317,-22.7698967],[-43.8159068,-22.7703882],[-43.8196782,-22.7694492],[-43.8211255,-22.7669484],[-43.8221812,-22.7663933],[-43.8241348,-22.766554],[-43.8258034,-22.7673834],[-43.8273788,-22.7669944],[-43.8289606,-22.7678711],[-43.8299867,-22.767366],[-43.8305744,-22.7669294],[-43.830643,-22.7650639],[-43.8318168,-22.763134],[-43.8352686,-22.7635116],[-43.8359598,-22.762953],[-43.8350851,-22.7610661],[-43.837341,-22.759522],[-43.8376766,-22.7586269],[-43.8386888,-22.7583319],[-43.839835,-22.7559053],[-43.8388782,-22.7543135],[-43.8355222,-22.7519306],[-43.8361263,-22.7499484],[-43.8352531,-22.7469943],[-43.8359409,-22.7453331],[-43.832257,-22.7418298],[-43.8316471,-22.7404315],[-43.833588,-22.7376421],[-43.833622,-22.7356718],[-43.8328025,-22.7334482],[-43.8313468,-22.7330043],[-43.8306494,-22.7316531],[-43.832772,-22.7311503],[-43.8326066,-22.7298366],[-43.8281535,-22.7251497],[-43.8224043,-22.7203031],[-43.8178034,-22.7176031],[-43.8161161,-22.7157849],[-43.8162997,-22.7142888],[-43.8146286,-22.7132541],[-43.8125285,-22.7105239],[-43.8105741,-22.7101056],[-43.8087993,-22.7108982],[-43.807799,-22.7105541],[-43.8038804,-22.7058986],[-43.7995124,-22.703307],[-43.7984948,-22.7013224],[-43.7972582,-22.701427],[-43.7960247,-22.7006119],[-43.7912752,-22.6957221],[-43.788217,-22.6948444],[-43.7877283,-22.693813],[-43.7860344,-22.6935947],[-43.7841527,-22.692357],[-43.7853696,-22.6926694],[-43.789948,-22.6910279],[-43.7921259,-22.6917751],[-43.7928758,-22.6912216],[-43.7930832,-22.6900344],[-43.7951165,-22.6895662],[-43.7983563,-22.689846],[-43.800091,-22.691018],[-43.8030791,-22.6912723],[-43.8067803,-22.6896691],[-43.8091153,-22.6900771],[-43.8096566,-22.6894587],[-43.8096329,-22.6881515],[-43.8128318,-22.6867389],[-43.8154749,-22.6870788],[-43.8156686,-22.6859494],[-43.8143196,-22.6818694],[-43.8162674,-22.6816903],[-43.8199221,-22.6793964],[-43.8181412,-22.6747958],[-43.8166886,-22.6736549],[-43.8173667,-22.6721965],[-43.8167852,-22.6685758],[-43.8176128,-22.6660558],[-43.8202087,-22.6648354],[-43.8223909,-22.6626485],[-43.823636,-22.6626681],[-43.8249451,-22.6595994],[-43.8239641,-22.6591204],[-43.8245202,-22.6576778],[-43.8267815,-22.657711],[-43.8269633,-22.6558637],[-43.8293802,-22.6562288],[-43.8309522,-22.6552967],[-43.833964,-22.6562078],[-43.8351901,-22.6543215],[-43.8374871,-22.6527383],[-43.8408408,-22.6481258],[-43.8396952,-22.6480594],[-43.8339807,-22.6443221],[-43.8294147,-22.6429304],[-43.8290152,-22.6422165],[-43.8254045,-22.641889],[-43.8247256,-22.6408931],[-43.8219418,-22.6394444],[-43.8202192,-22.6377146],[-43.8203417,-22.6370598],[-43.8194635,-22.6375711],[-43.8178374,-22.6372642],[-43.8154479,-22.6339576],[-43.8115721,-22.6339824],[-43.8085491,-22.6310917],[-43.8067872,-22.6310659],[-43.8056839,-22.6290652],[-43.8036401,-22.6296665],[-43.8026464,-22.6292973],[-43.8003497,-22.6276773],[-43.7984562,-22.6252174],[-43.7971056,-22.6245759],[-43.7968905,-22.6228931],[-43.7941249,-22.6207707],[-43.7947991,-22.6168191],[-43.7923483,-22.6147345],[-43.7905856,-22.6148899],[-43.7891391,-22.612452],[-43.7875016,-22.6116496],[-43.78491,-22.612147],[-43.7826939,-22.6109627],[-43.7813368,-22.6122511],[-43.778471,-22.6111123],[-43.7767927,-22.6111546],[-43.777336,-22.6082613],[-43.7762272,-22.6082705],[-43.7744607,-22.6070026],[-43.7740579,-22.6074836],[-43.7724223,-22.607497],[-43.7719771,-22.60726],[-43.7721685,-22.6059426],[-43.7706491,-22.6059193],[-43.7707368,-22.6034669],[-43.7702326,-22.6022054],[-43.7726074,-22.5996815],[-43.7724485,-22.5977347],[-43.7715323,-22.5973182],[-43.7710846,-22.5963523],[-43.7714719,-22.5955243],[-43.7696595,-22.5940939],[-43.7670477,-22.5949409],[-43.7650139,-22.5935463],[-43.7648888,-22.5922652],[-43.7625049,-22.5918258],[-43.7614355,-22.5900203],[-43.7585312,-22.5887584],[-43.7581151,-22.5877883],[-43.7569048,-22.5874238],[-43.756273,-22.5863292],[-43.7549295,-22.5861284],[-43.7542087,-22.5839035],[-43.7522459,-22.5835618],[-43.7515672,-22.5820437],[-43.7496419,-22.5820993],[-43.7493978,-22.5810861],[-43.7471251,-22.5803215],[-43.7459399,-22.5787257],[-43.7438205,-22.5783994],[-43.7441614,-22.5767022],[-43.7400329,-22.575831],[-43.7402448,-22.5738806],[-43.738977,-22.5734248],[-43.7388463,-22.5722546],[-43.7360806,-22.5717959],[-43.7351299,-22.5705011],[-43.7353189,-22.5688325],[-43.7332864,-22.5684783],[-43.7310202,-22.5654907],[-43.7300036,-22.5652545],[-43.7286862,-22.5635737],[-43.7271468,-22.5630948],[-43.7243002,-22.5645827],[-43.72346,-22.5643763],[-43.7225909,-22.5620283],[-43.7237923,-22.5602461],[-43.7234701,-22.5599281],[-43.7246161,-22.5571825],[-43.7221225,-22.5563581],[-43.7207133,-22.5553821],[-43.7201334,-22.5542015],[-43.7151697,-22.5524686],[-43.7124421,-22.5495451],[-43.7115094,-22.5495375],[-43.7120015,-22.5511354],[-43.7092548,-22.5562866],[-43.7106634,-22.55869],[-43.7107659,-22.5601583],[-43.7122449,-22.5610308],[-43.7123175,-22.5626729],[-43.7118984,-22.5634053],[-43.7096817,-22.5637532],[-43.7088414,-22.5631724],[-43.707727,-22.5648332],[-43.7047355,-22.5639902],[-43.7031324,-22.5618533],[-43.7001663,-22.5612291],[-43.6977138,-22.5592891],[-43.695249,-22.5584722],[-43.6954967,-22.5568377],[-43.693576,-22.5548995],[-43.6926448,-22.5550533],[-43.691105,-22.5541417],[-43.6909368,-22.551561],[-43.6872993,-22.5515499],[-43.6872335,-22.5527559],[-43.6859143,-22.5542225],[-43.6817546,-22.5553668],[-43.6814939,-22.5571074],[-43.6825621,-22.5579267],[-43.6827262,-22.5591782],[-43.6842697,-22.5590913],[-43.686272,-22.5618919],[-43.6883798,-22.5624001],[-43.6883597,-22.5646733],[-43.6912341,-22.5667056],[-43.6912691,-22.5679731],[-43.6900285,-22.5702502],[-43.6875142,-22.5699717],[-43.6891931,-22.5727949],[-43.689216,-22.5740134],[-43.6897687,-22.5737682],[-43.6916916,-22.5757891],[-43.6688325,-22.5847352],[-43.6673332,-22.5867509],[-43.6657573,-22.5848186],[-43.6625161,-22.5841842],[-43.6615976,-22.5829537],[-43.6618216,-22.5820774],[-43.6599731,-22.5821958],[-43.6590809,-22.5806421],[-43.6617671,-22.5772529],[-43.6619427,-22.5755689],[-43.6613702,-22.5748312],[-43.6619377,-22.5731241],[-43.6633667,-22.571942],[-43.6651212,-22.5719711],[-43.6666645,-22.5701746],[-43.6677632,-22.570317],[-43.6687897,-22.5690945],[-43.6696176,-22.5691795],[-43.6709155,-22.5703987],[-43.6725264,-22.5694622],[-43.6745783,-22.5704007],[-43.6753882,-22.5695212],[-43.6747799,-22.5672832],[-43.6721723,-22.5659062],[-43.6718948,-22.5646278],[-43.6722954,-22.5639694],[-43.6693401,-22.5635101],[-43.6676887,-22.5622304],[-43.6667574,-22.5608569],[-43.6672998,-22.5591368],[-43.6658218,-22.5588055],[-43.6643366,-22.557604],[-43.6650792,-22.5557848],[-43.6639626,-22.5548362],[-43.6659748,-22.5539313],[-43.6662134,-22.5529231],[-43.6654983,-22.5518893],[-43.6665614,-22.5499791],[-43.668606,-22.5482913],[-43.6676005,-22.5475646],[-43.6647483,-22.5485334],[-43.662218,-22.5474109],[-43.6620093,-22.5467911],[-43.6606744,-22.547578],[-43.660496,-22.5482677],[-43.6585094,-22.548028],[-43.6562685,-22.5474172],[-43.6551474,-22.5460959],[-43.6543508,-22.5464619],[-43.653978,-22.5475183],[-43.6512773,-22.5455184],[-43.6511814,-22.5447162],[-43.6492557,-22.5449286],[-43.6461029,-22.543114],[-43.6448049,-22.5431739],[-43.644085,-22.5441485],[-43.6424421,-22.5433037],[-43.6421623,-22.541417],[-43.6414847,-22.5405384],[-43.6401691,-22.5408459],[-43.6393183,-22.5398304],[-43.6378179,-22.539483],[-43.6370083,-22.5407992],[-43.6371797,-22.5419863],[-43.6359718,-22.5414284],[-43.6351498,-22.5398962],[-43.632941,-22.5400985],[-43.6324671,-22.538841],[-43.6297683,-22.540613],[-43.6283726,-22.5394755],[-43.626419,-22.5406084],[-43.62364,-22.5393366],[-43.5974462,-22.5680737],[-43.6013182,-22.5732268],[-43.6178595,-22.5885643],[-43.6253065,-22.5925351],[-43.6263498,-22.5942696],[-43.6298905,-22.596086],[-43.6322271,-22.5984161],[-43.6399845,-22.6031379],[-43.6426105,-22.6080245],[-43.6445747,-22.6091367],[-43.6470507,-22.6091657],[-43.6489512,-22.6114599],[-43.6582708,-22.6181597],[-43.6587436,-22.6190299],[-43.6605762,-22.619649],[-43.6612963,-22.6192381],[-43.6227298,-22.6422221],[-43.6288252,-22.6257241],[-43.6269036,-22.6228429],[-43.6220812,-22.6181226],[-43.6217284,-22.6165988],[-43.6202265,-22.6149229],[-43.61834,-22.6142208],[-43.6168757,-22.6113869],[-43.611818,-22.6076777],[-43.608273,-22.6071559],[-43.6054536,-22.6051564],[-43.6034468,-22.6049432],[-43.6022267,-22.6024454],[-43.6021787,-22.5995295],[-43.5970941,-22.5976476],[-43.5952652,-22.5959807],[-43.5926509,-22.595351],[-43.5899228,-22.5937651],[-43.586562,-22.5894292],[-43.5845016,-22.5882585],[-43.5837252,-22.5871538],[-43.5837854,-22.5858764],[-43.5855521,-22.5831201],[-43.5852966,-22.5826805],[-43.5830724,-22.5807886],[-43.5807876,-22.5806728],[-43.5805793,-22.5789763],[-43.5790924,-22.579036],[-43.5780419,-22.5776737],[-43.5771322,-22.5774106],[-43.5747016,-22.5777969],[-43.5738753,-22.5786571],[-43.5722175,-22.5783854],[-43.5704848,-22.5771449],[-43.5687364,-22.5779234],[-43.5670401,-22.5769926],[-43.5645341,-22.576658],[-43.5636365,-22.5777082],[-43.5641186,-22.5791486],[-43.5634068,-22.5802629],[-43.560517,-22.5792791],[-43.5589341,-22.5755715],[-43.5596199,-22.5738305],[-43.558794,-22.5727748],[-43.5590787,-22.5717474],[-43.5603263,-22.5715122],[-43.5608975,-22.5708017],[-43.5607037,-22.5677454],[-43.5599813,-22.567146],[-43.5561779,-22.5674081],[-43.5551797,-22.5692925],[-43.5531079,-22.5698416],[-43.5513175,-22.5730509],[-43.5505349,-22.5734415],[-43.5489299,-22.572451],[-43.5471223,-22.5722178],[-43.5428916,-22.5692152],[-43.541494,-22.5651719],[-43.5383861,-22.5686262],[-43.5365667,-22.5697649],[-43.5350056,-22.5684034],[-43.5335872,-22.565685],[-43.5323254,-22.5661276],[-43.5300037,-22.5659348],[-43.5263149,-22.5691443],[-43.5239829,-22.5687405],[-43.5219071,-22.5671113],[-43.5191347,-22.5707472],[-43.5182384,-22.5711127],[-43.5156014,-22.5696523],[-43.5113748,-22.5717821],[-43.5100482,-22.5718323],[-43.5087609,-22.5706225],[-43.5088081,-22.5691797],[-43.5071997,-22.5673877],[-43.5069439,-22.5657584],[-43.5007469,-22.5638423],[-43.5010981,-22.5615558],[-43.4978019,-22.5591863],[-43.4981227,-22.557473],[-43.4974946,-22.556684],[-43.4983181,-22.5543946],[-43.4966234,-22.5531905],[-43.4919351,-22.5517623],[-43.4920772,-22.5494971],[-43.4912514,-22.5484953],[-43.4897798,-22.5496202],[-43.4883795,-22.5491124],[-43.4878681,-22.5482647],[-43.4865751,-22.5490659],[-43.4846076,-22.5471477],[-43.484485,-22.5457916],[-43.4834801,-22.5456026],[-43.4829116,-22.544687],[-43.4815703,-22.5445958],[-43.4802551,-22.5430812],[-43.4742119,-22.5409328],[-43.4692435,-22.5361594],[-43.4679027,-22.536002],[-43.4633124,-22.5383059],[-43.4624713,-22.5382201],[-43.458813,-22.5346631],[-43.4574427,-22.5319957],[-43.4464973,-22.5269618],[-43.4457892,-22.5260125],[-43.4440726,-22.5283129],[-43.4406797,-22.5306669],[-43.4394557,-22.5300747],[-43.4364411,-22.5303007],[-43.4351998,-22.5297977],[-43.433869,-22.5306586],[-43.4331951,-22.5320998],[-43.4311135,-22.5332138],[-43.4274785,-22.5341012],[-43.423836,-22.5337808],[-43.4232253,-22.5363667],[-43.4195032,-22.5380526],[-43.4157589,-22.5349484],[-43.4141884,-22.5345795],[-43.4129608,-22.5349231],[-43.4098837,-22.5318017],[-43.4056382,-22.534603],[-43.4030039,-22.5341438],[-43.4014326,-22.5327921],[-43.40142427469829,-22.53340247361761],[-43.3996056,-22.5321862],[-43.395876,-22.5311399],[-43.3924624,-22.5321856],[-43.3891305,-22.5322989],[-43.3878823,-22.5311738],[-43.384663,-22.5304736],[-43.3803258,-22.526801],[-43.3792938,-22.5233972],[-43.3749664,-22.5206352],[-43.3712122,-22.5225576],[-43.3697948,-22.5259008],[-43.367383,-22.5268311],[-43.3645693,-22.525917],[-43.3604042,-22.5258425],[-43.3562734,-22.5221821],[-43.3537397,-22.5229365],[-43.3450445,-22.5204597],[-43.3378188,-22.5202722],[-43.3355776,-22.5188768],[-43.3330179,-22.5194767],[-43.3319659,-22.5192206],[-43.3301322,-22.5167447],[-43.3303519,-22.5154219],[-43.3318545,-22.5140037],[-43.3321842,-22.5125177],[-43.3281576,-22.5109155],[-43.3204621,-22.500474],[-43.3171623,-22.4970469],[-43.3147664,-22.4954174],[-43.3126288,-22.4953408],[-43.311574,-22.4931301],[-43.3077952,-22.4903414],[-43.3074362,-22.4894447],[-43.3041562,-22.4871587],[-43.3031046,-22.485635],[-43.300489,-22.4835647],[-43.2975772,-22.4789141],[-43.2967115,-22.4757525],[-43.2953954,-22.4755036],[-43.2418201,-22.5093931],[-43.241006,-22.5108873],[-43.2385224,-22.5115226],[-43.2378135,-22.5137292],[-43.2367107,-22.5134537],[-43.2371608,-22.5144862],[-43.2367219,-22.5155529],[-43.2352936,-22.5155554],[-43.2335624,-22.5165754],[-43.2325155,-22.5144468],[-43.2315981,-22.5143859],[-43.2306319,-22.5147307],[-43.2303457,-22.5170066],[-43.228798,-22.5177498],[-43.2265929,-22.5162394],[-43.2259407,-22.5175711],[-43.2250296,-22.51802],[-43.2256234,-22.5201175],[-43.2248025,-22.5212801],[-43.2223881,-22.5215657],[-43.2254064,-22.5249375],[-43.2245746,-22.5270229],[-43.2265156,-22.5295004],[-43.230877,-22.5276082],[-43.2312269,-22.5243814],[-43.2342529,-22.522748],[-43.2365291,-22.5231981],[-43.2402952,-22.5253435],[-43.2460052,-22.5270316],[-43.2607019,-22.5553568],[-43.2581115,-22.5549806],[-43.2607948,-22.5612641],[-43.2554874,-22.5733326],[-43.2556632,-22.5722685],[-43.225009984729965,-22.563634096234907],[-43.1981498,-22.5531358],[-43.1826089,-22.5532197],[-43.1620464,-22.5471541],[-43.1489214,-22.5396975],[-43.1462374,-22.5394976],[-43.1435544,-22.5379122],[-43.1391709,-22.5373924],[-43.1359117,-22.5363441],[-43.1322887,-22.5349035],[-43.131274,-22.5337909],[-43.1263901,-22.5343928],[-43.1228002,-22.5310121],[-43.1179353,-22.5306526],[-43.1141065,-22.53415],[-43.1117268,-22.5341582],[-43.1107072,-22.53485],[-43.1052543,-22.5322956],[-43.102784,-22.528939],[-43.0989525,-22.5264917],[-43.0981035,-22.5246591],[-43.0959861,-22.5228957],[-43.0939912,-22.5218287],[-43.089461,-22.5210378],[-43.0870431,-22.5171492],[-43.0844681,-22.5162383],[-43.0817017,-22.5142478],[-43.0816036,-22.5136371],[-43.0787435,-22.5128532],[-43.0781258,-22.5117681],[-43.0763235,-22.5109818],[-43.0769971,-22.5099027],[-43.075525,-22.5071546],[-43.0725964,-22.5047772],[-43.0706302,-22.5005333],[-43.0720275,-22.4965175],[-43.0745139,-22.4942945],[-43.0747685,-22.4935594],[-43.0741484,-22.4929153],[-43.0761561,-22.4919509],[-43.0767761,-22.4901678],[-43.0800453,-22.4901077],[-43.0810936,-22.4895662],[-43.0791353,-22.4869621],[-43.0753704,-22.4868657],[-43.073013,-22.4857302],[-43.0661244,-22.4860073],[-43.0630315,-22.4840381],[-43.061547,-22.4857659],[-43.0626384,-22.4834356],[-43.0613233,-22.482977],[-43.0597092,-22.4837344],[-43.0579215,-22.4813399],[-43.0563677,-22.4808548],[-43.0550168,-22.4813327],[-43.0543483,-22.4803762],[-43.0557751,-22.476655],[-43.0581321,-22.475083],[-43.0566052,-22.4719044],[-43.0548945,-22.4704357],[-43.0553086,-22.4677623],[-43.0540418,-22.4673305],[-43.053308,-22.4661979],[-43.0502516,-22.4652237],[-43.0501844,-22.4636005],[-43.0489551,-22.4633414],[-43.0473087,-22.4602076],[-43.0436045,-22.4595011],[-43.0403841,-22.456427],[-43.0394568,-22.4581154],[-43.0360368,-22.4594651],[-43.0350127,-22.4624882],[-43.0337679,-22.4614361],[-43.0317386,-22.4619519],[-43.0298554,-22.460711],[-43.0276222,-22.4612661],[-43.0255697,-22.4603134],[-43.0249502,-22.4607898],[-43.0243915,-22.46281],[-43.022206,-22.4621142],[-43.0202769,-22.4623749],[-43.0197782,-22.463266],[-43.0193772,-22.4630077],[-43.0182006,-22.4647661],[-43.0170429,-22.465119],[-43.0164912,-22.467102],[-43.0148011,-22.4657517],[-43.0128542,-22.4654157],[-43.009574,-22.4627703],[-43.0056323,-22.4616333],[-43.0040075,-22.4606118],[-42.999821,-22.4596747],[-42.9960919,-22.4616746],[-42.9948625,-22.4613909],[-42.9899911,-22.4624839],[-42.9882001,-22.4621641],[-42.9847971,-22.4626586],[-42.984445,-22.4632564],[-42.9827776,-22.463591],[-42.9820766,-22.4661509],[-42.9808365,-22.4671625],[-42.9806901,-22.4680926],[-42.9781592,-22.4686112],[-42.9767711,-22.4700021],[-42.9766872,-22.4709371],[-42.9738128,-22.4704947],[-42.9705864,-22.4711724],[-42.9697322,-22.4703272],[-42.968926,-22.4678117],[-42.965615,-22.4662483],[-42.9637797,-22.4641573],[-42.9611521,-22.4642149],[-42.9593979,-22.465641],[-42.9558404,-22.4657474],[-42.9555243,-22.4647295],[-42.9560934,-22.4623404],[-42.9541013,-22.4595002],[-42.955333,-22.4588335],[-42.9551438,-22.4577407],[-42.9524889,-22.4568311],[-42.9478577,-22.4564965],[-42.9453868,-22.455188],[-42.9429511,-22.4573192],[-42.9407713,-22.4571701],[-42.9356344,-22.4526664],[-42.9338034,-22.4493371],[-42.9299112,-22.4480972],[-42.9266445,-22.4504569],[-42.9265993,-22.4529741],[-42.9249047,-22.4539726],[-42.9192914,-22.4523706],[-42.9181886,-22.4510065],[-42.9206815,-22.4561065],[-42.9212071,-22.4625385],[-42.9229814,-22.4694947],[-42.9214978,-22.4759829],[-42.9200636,-22.4767393],[-42.9155605,-22.48127],[-42.91475,-22.4840299],[-42.9139136,-22.4843664],[-42.9135588,-22.4863753],[-42.9113911,-22.4879982],[-42.9109079,-22.4911732],[-42.9090418,-22.4917359],[-42.9074932,-22.4950354],[-42.9072058,-22.4971074],[-42.9061575,-22.498205],[-42.9021149,-22.5008919],[-42.8996284,-22.500504],[-42.8979525,-22.5009753],[-42.8970755,-22.5020022],[-42.8959881,-22.5014213],[-42.89507,-22.5017187],[-42.8940134,-22.5024745],[-42.8951987,-22.5033202],[-42.8945749,-22.503189],[-42.8948206,-22.5037351],[-42.8939153,-22.5041258],[-42.8923818,-22.5038762],[-42.8919429,-22.5027793],[-42.8912763,-22.5026221],[-42.8902424,-22.504781],[-42.88945,-22.504858],[-42.8898695,-22.5050808],[-42.8888967,-22.5061214],[-42.8883831,-22.5083707],[-42.889361,-22.5110859],[-42.8885715,-22.5114947],[-42.8891655,-22.5119136],[-42.8881255,-22.512157],[-42.8895288,-22.5129672],[-42.8894943,-22.5138512],[-42.8901284,-22.5135395],[-42.8921478,-22.5149935],[-42.8917172,-22.5156337],[-42.8942513,-22.515686],[-42.8942796,-22.517054],[-42.8955612,-22.5182296],[-42.8955941,-22.5174432],[-42.8968791,-22.5182657],[-42.8984788,-22.518054],[-42.8989945,-22.5191388],[-42.8984206,-22.5204557],[-42.8961913,-22.5213678],[-42.8963985,-22.5227411],[-42.896036,-22.5225188],[-42.895649,-22.52329],[-42.8950525,-22.5224989],[-42.8951636,-22.5232246],[-42.8945155,-22.5229457],[-42.8930477,-22.5241223],[-42.893384,-22.5250337],[-42.8920128,-22.5254169],[-42.8916198,-22.5268871],[-42.8928061,-22.5281895],[-42.8923494,-22.5286833],[-42.8927924,-22.5306476],[-42.8917514,-22.5325523],[-42.8917656,-22.5336683],[-42.8910061,-22.534439],[-42.8912518,-22.5377608],[-42.8888105,-22.5390863],[-42.8872279,-22.5411865],[-42.8858177,-22.5480227],[-42.8758991,-22.5538387],[-42.8748197,-22.557021],[-42.8711707,-22.5589763],[-42.8655513,-22.5678682],[-42.8655835,-22.5716248],[-42.869243,-22.5729087],[-42.8753301,-22.5764957],[-42.8831508,-22.5821271],[-42.8875934,-22.5921783],[-42.9071327,-22.6011935],[-42.9106983,-22.619299],[-42.9101666,-22.6203161],[-42.903182,-22.6254834],[-42.8993394,-22.6389506],[-42.905592,-22.6543801],[-42.906713671260164,-22.655161408103133],[-42.9038233,-22.6549273],[-42.8883176,-22.6497858],[-42.8795428,-22.6454062],[-42.8700547,-22.6433143],[-42.8641671,-22.6433305],[-42.8583444,-22.6418221],[-42.8525359,-22.6397451],[-42.845187,-22.6361812],[-42.8246889,-22.6390865],[-42.8029236,-22.6355523],[-42.7977157,-22.6387864],[-42.7902805,-22.6345787],[-42.7896327,-22.6346505],[-42.7839672,-22.6402291],[-42.747222,-22.6865326],[-42.7088972,-22.7234154],[-42.7059176,-22.7239246],[-42.7052422,-22.7232348],[-42.7035438,-22.72507],[-42.7035247,-22.7259678],[-42.7015972,-22.7260088],[-42.7002283,-22.7269797],[-42.6979826,-22.7336798],[-42.6981997,-22.738047],[-42.696432,-22.7415454],[-42.6951225,-22.742004],[-42.6956323,-22.7442107],[-42.6944905,-22.7473771],[-42.6943879,-22.752519],[-42.693957,-22.753456],[-42.6901219,-22.7562434],[-42.6879311,-22.756792],[-42.6864842,-22.7589967],[-42.6869118,-22.7601534],[-42.6893104,-22.7608288],[-42.6903382,-22.7617418],[-42.6856659,-22.7662977],[-42.6857019,-22.767216],[-42.6848581,-22.7679401],[-42.6809221,-22.7697667],[-42.6763382,-22.7695198],[-42.6757478,-22.7705699],[-42.6755447,-22.7739688],[-42.6790897,-22.7763422],[-42.6822603,-22.780124],[-42.6854161,-22.7801078],[-42.6860249,-22.782981],[-42.6879538,-22.7843806],[-42.6882528,-22.7859945],[-42.6861578,-22.7878597],[-42.688101,-22.7928994],[-42.6863836,-22.7937153],[-42.685618,-22.793219],[-42.6840087,-22.7937274],[-42.6830942,-22.7947607],[-42.6794761,-22.7947091],[-42.6799682,-22.7963977],[-42.6779526,-22.797781],[-42.6755862,-22.7975648],[-42.6751362,-22.7963354],[-42.672542,-22.7959704],[-42.6718646,-22.7967427],[-42.6701228,-22.7964008],[-42.6687259,-22.7972179],[-42.6673715,-22.7969077],[-42.6637326,-22.7982727],[-42.662367,-22.7982475],[-42.6612251,-22.7990153],[-42.6592983,-22.7989908],[-42.6582054,-22.8009212],[-42.6590911,-22.8022278],[-42.6667511,-22.8022202],[-42.6667284,-22.8033063],[-42.6632655,-22.8040405],[-42.6657798,-22.8069873],[-42.6666673,-22.8101997],[-42.6691753,-22.8106484],[-42.66997,-22.811632],[-42.6702462,-22.8129376],[-42.6697371,-22.8154094],[-42.6675763,-22.8162799],[-42.665831,-22.8160079],[-42.6654411,-22.8164752],[-42.6661549,-22.817057],[-42.6651555,-22.8175214],[-42.6652904,-22.8196621],[-42.6665041,-22.8199184],[-42.6673708,-22.8206987],[-42.6671748,-22.821381],[-42.6682602,-22.8219798],[-42.6659214,-22.8223829],[-42.6653107,-22.8231863],[-42.6632161,-22.8226985],[-42.6642632,-22.8244511],[-42.6628918,-22.8251052],[-42.6626453,-22.8261939],[-42.6599065,-22.8249072],[-42.6593087,-22.8252277],[-42.658818,-22.8241046],[-42.6579466,-22.8240411],[-42.6567315,-22.8256634],[-42.6561575,-22.8284274],[-42.6573281,-22.8301287],[-42.6574382,-22.83122],[-42.6602139,-22.8332089],[-42.6641607,-22.8390263],[-42.6674954,-22.8414836],[-42.6689144,-22.8446417],[-42.6664691,-22.8457007],[-42.6618358,-22.8466003],[-42.6606932,-22.8475063],[-42.6609407,-22.8484525],[-42.6601196,-22.8490767],[-42.6563977,-22.8477239],[-42.6547805,-22.847971],[-42.6506421,-22.8471446],[-42.648141,-22.8461754],[-42.6460792,-22.8445983],[-42.6450586,-22.8451472],[-42.6436855,-22.8476229],[-42.6439844,-22.8494171],[-42.6433563,-22.8512722],[-42.64525739680455,-22.854974364594778],[-42.6419238,-22.8536572],[-42.6378241,-22.8529992],[-42.6364791,-22.8494356],[-42.6320662,-22.845481],[-42.6355702,-22.8418231],[-42.6359914,-22.8398161],[-42.6346755,-22.8382398],[-42.6342931,-22.8368721],[-42.6307737,-22.8350775],[-42.6286251,-22.8328748],[-42.6271733,-22.8326263],[-42.6263741,-22.8333907],[-42.6236572,-22.8317975],[-42.6226954,-22.8303775],[-42.6185417,-22.8295832],[-42.6161245,-22.8285438],[-42.6123041,-22.8247762],[-42.611976,-22.8231928],[-42.6091446,-22.8221824],[-42.608799,-22.821472],[-42.6010085,-22.8200137],[-42.6017667,-22.8166443],[-42.5999788,-22.8152589],[-42.5982348,-22.8155134],[-42.5971364,-22.8146768],[-42.5951118,-22.8144226],[-42.5934754,-22.8123447],[-42.5922217,-22.8123522],[-42.5879379,-22.809303],[-42.5872456,-22.8081492],[-42.5813511,-22.8057369],[-42.5788653,-22.8059886],[-42.5695409,-22.8040062],[-42.5674747,-22.804195],[-42.5660902,-22.8060935],[-42.562567,-22.8071345],[-42.5604551,-22.8114272],[-42.55948,-22.8118667],[-42.5578357,-22.8114531],[-42.5561156,-22.8117678],[-42.5540388,-22.8148095],[-42.5531578,-22.8150612],[-42.5496703,-22.8139521],[-42.5456899,-22.8141802],[-42.5379703,-22.8120824],[-42.5326212,-22.8086841],[-42.5319499,-22.8087681],[-42.5274883,-22.8183358],[-42.5265959,-22.8179903],[-42.5264466,-22.8163545],[-42.525408,-22.8175193],[-42.5220824,-22.8191406],[-42.5192493,-22.8223872],[-42.5187063,-22.823823],[-42.5154853,-22.8257014],[-42.5128963,-22.8255377],[-42.5111213,-22.8242312],[-42.509266,-22.8258543],[-42.5063386,-22.8267989],[-42.5035922,-22.8257495],[-42.5017493,-22.8288682],[-42.4983648,-22.8309175],[-42.492232,-22.8295073],[-42.4907726,-22.8283741],[-42.4871966,-22.8275607],[-42.4846365,-22.8286817],[-42.4837301,-22.8299118],[-42.4779053,-22.8260761],[-42.4774072,-22.8230132],[-42.4761268,-22.8227269],[-42.4724083,-22.8202546],[-42.469538,-22.8206987],[-42.4641573,-22.8190208],[-42.4625408,-22.8194919],[-42.4617359,-22.8190893],[-42.4598351,-22.820715],[-42.4542623,-22.8190079],[-42.4527128,-22.8205834],[-42.4506476,-22.8207765],[-42.44907,-22.8224662],[-42.4477197,-22.8230287],[-42.4468128,-22.8227507],[-42.3699335,-22.8353968],[-42.3825986,-22.883775],[-42.385118,-22.8869579],[-42.3868398,-22.8929113],[-42.386283,-22.8959341],[-42.3833496,-22.9001009],[-42.3827769,-22.9018662],[-42.3798212,-22.9061435],[-42.377951,-22.9077318],[-42.3816365,-22.935685],[-42.3968656,-22.9360604],[-42.4062689,-22.9352933],[-42.4291019,-22.9347439],[-42.4557655,-22.9348771],[-42.4742011,-22.9378176],[-42.4782952,-22.9366681],[-42.487402,-22.9359278],[-42.4888759,-22.9362398],[-42.489065,-22.9377003],[-42.49052,-22.9371992],[-42.4919855,-22.9382758],[-42.4935847,-22.9374503],[-42.4940152,-22.9363254],[-42.4960877,-22.9367369],[-42.4957188,-22.9355753],[-42.4966051,-22.9350429],[-42.5185322,-22.9333733],[-42.5666977,-22.9327026],[-42.6016147,-22.9336362],[-42.625805,-22.9355614],[-42.6506237,-22.9387387],[-42.6694015,-22.9423419],[-42.6780414,-22.944936],[-42.6818158,-22.9471587],[-42.6824805,-22.9500371],[-42.6814843,-22.9510509],[-42.6824524,-22.9523657],[-42.6824108,-22.9534472],[-42.6817669,-22.9539931],[-42.6826556,-22.9575632],[-42.684263,-22.9595073],[-42.6854155,-22.9596913],[-42.6875187,-22.9613081],[-42.688205,-22.9606923],[-42.6899609,-22.9621034],[-42.6935332,-22.9613671],[-42.6954389,-22.958004],[-42.7026317,-22.9565952],[-42.7215721,-22.9560233],[-42.7331058,-22.9564613],[-42.7543891,-22.9584972],[-42.8282876,-22.9623198],[-42.8707092,-22.9656493],[-42.890606,-22.9688709],[-42.9097789,-22.9741301],[-42.9177002,-22.9749446],[-42.9284851,-22.9744663],[-42.9500294,-22.9714427],[-42.9668363,-22.9700059],[-42.9948839,-22.9693969],[-43.0046864,-22.9697186],[-43.0118395,-22.9706584],[-43.0133178,-22.9714464],[-43.0132406,-22.9725199],[-43.0144251,-22.9740972],[-43.0137539,-22.9767776],[-43.0140716,-22.9770959],[-43.0194493,-22.9767117],[-43.0201441,-22.9759518],[-43.0218587,-22.9760393],[-43.0242807,-22.9751069],[-43.024175,-22.9803007],[-43.0278432,-22.9808912],[-43.0297665,-22.9800011],[-43.0302466,-22.9790466],[-43.0301834,-22.9755995],[-43.0337294,-22.9747238],[-43.0365671,-22.9747267],[-43.0380998,-22.9759655],[-43.0396564,-22.9744926],[-43.0409245,-22.9753062],[-43.0410021,-22.9760048],[-43.0434269,-22.9767658],[-43.0440794,-22.9783985],[-43.0459136,-22.980041],[-43.047315,-22.9805648],[-43.0486317,-22.9801509],[-43.0490563,-22.980921],[-43.0517146,-22.9818183],[-43.0515908,-22.9810904],[-43.052262,-22.98107],[-43.0524266,-22.9800193],[-43.0517278,-22.9775641],[-43.0494948,-22.9768311],[-43.0477828,-22.9745833],[-43.0477195,-22.9736564],[-43.0464243,-22.9740321],[-43.0457447,-22.9724856],[-43.0469414,-22.9688329],[-43.0505115,-22.9645108],[-43.0544254,-22.9624981],[-43.0579726,-22.9615053],[-43.0675443,-22.95948],[-43.0698555,-22.9599644],[-43.0700248,-22.9582412],[-43.0722362,-22.957626],[-43.0724853,-22.9568273],[-43.0854241,-22.9549349],[-43.0957183,-22.9541737],[-43.0964848,-22.9550214],[-43.0984776,-22.9556042],[-43.0990771,-22.9550639],[-43.0980247,-22.9547256],[-43.0979455,-22.9540959],[-43.0996391,-22.9527842],[-43.1010697,-22.952597],[-43.1032702,-22.9543615],[-43.1055806,-22.9544966],[-43.1059178,-22.9532075],[-43.1104297,-22.9536496],[-43.1110673,-22.9525581],[-43.11087,-22.9516658],[-43.1142776,-22.9515152],[-43.1139085,-22.9506895],[-43.111134,-22.9500771],[-43.1120408,-22.9467428],[-43.1133843,-22.9450473],[-43.1181867,-22.9458721],[-43.1204027,-22.9453638],[-43.1197383,-22.9439672],[-43.1204553,-22.9434202],[-43.1177275,-22.9429368],[-43.1156001,-22.9412421],[-43.116168,-22.9400543],[-43.1156069,-22.9391248],[-43.1174468,-22.9367357],[-43.1203158,-22.9383532],[-43.128998,-22.9391557],[-43.133649,-22.9387966],[-43.1353009,-22.9379751],[-43.1340203,-22.9373006],[-43.1310243,-22.9375948],[-43.1270797,-22.9355045],[-43.1259532,-22.9342981],[-43.1270116,-22.9331455],[-43.1271274,-22.9320998],[-43.1227296,-22.9296831],[-43.1228513,-22.9289965],[-43.1237703,-22.9285701],[-43.1228627,-22.9278892],[-43.1230404,-22.927067],[-43.1245592,-22.9263467],[-43.1233198,-22.9250419],[-43.1246228,-22.9241062],[-43.1238729,-22.9228864],[-43.1214178,-22.9222636],[-43.119678,-22.9226389],[-43.1198068,-22.9259658],[-43.1177484,-22.9279866],[-43.1178982,-22.9292403],[-43.1167083,-22.9310567],[-43.1160139,-22.9311688],[-43.1148655,-22.9301957],[-43.1155273,-22.9293453],[-43.1143125,-22.9282586],[-43.1139325,-22.9285771],[-43.113148,-22.9281569],[-43.1118711,-22.9294365],[-43.1132828,-22.9315359],[-43.1142082,-22.9320052],[-43.1130174,-22.9344533],[-43.1117768,-22.9353732],[-43.1094816,-22.9339162],[-43.1085491,-22.9346428],[-43.1084124,-22.9355697],[-43.1075639,-22.9355737],[-43.1076202,-22.9341944],[-43.105293,-22.9356712],[-43.1021414,-22.9345042],[-43.0986248,-22.9315746],[-43.0957087,-22.9252639],[-43.0951275,-22.9231196],[-43.0958448,-22.921623],[-43.0952638,-22.9216698],[-43.0946486,-22.9208417],[-43.0957821,-22.9155471],[-43.0965457,-22.9155771],[-43.0969563,-22.9148128],[-43.0971657,-22.9154429],[-43.0992852,-22.914717],[-43.0998203,-22.9137811],[-43.0995861,-22.9146748],[-43.1005002,-22.9140566],[-43.1017115,-22.9150447],[-43.1035084,-22.9142658],[-43.1040648,-22.9146993],[-43.1038347,-22.9152232],[-43.1057781,-22.9153554],[-43.1060417,-22.9147828],[-43.1081017,-22.9157153],[-43.1110183,-22.9153319],[-43.1116239,-22.9144401],[-43.1101232,-22.9133859],[-43.1104092,-22.911082],[-43.1158899,-22.9047914],[-43.1180068,-22.9043973],[-43.1206134,-22.9057562],[-43.1229209,-22.9051026],[-43.1245666,-22.9053785],[-43.1255157,-22.9063009],[-43.125499,-22.9080813],[-43.1297365,-22.9084466],[-43.1303745,-22.9093951],[-43.129596,-22.9105786],[-43.1309689,-22.9113096],[-43.1314873,-22.9111528],[-43.1311433,-22.9102296],[-43.1315687,-22.9095791],[-43.1304926,-22.9092679],[-43.1304204,-22.908519],[-43.1328812,-22.9075435],[-43.1344313,-22.9061688],[-43.1358185,-22.9033634],[-43.1375739,-22.9033083],[-43.1362111,-22.9025604],[-43.1352618,-22.8997491],[-43.135679,-22.8977207],[-43.1291957,-22.8954655],[-43.12696,-22.8960174],[-43.1245722,-22.8945739],[-43.1243907,-22.8925131],[-43.1254383,-22.8924705],[-43.1254328,-22.891553],[-43.1289631,-22.8917403],[-43.1289594,-22.887313],[-43.1307724,-22.8869186],[-43.1312197,-22.8844061],[-43.1340627,-22.8849268],[-43.134257,-22.8835585],[-43.1349897,-22.8833401],[-43.1345626,-22.8815742],[-43.13178,-22.8774583],[-43.1282486,-22.8764306],[-43.1281047,-22.8769617],[-43.1217927,-22.877702],[-43.1201275,-22.8804777],[-43.1193814,-22.8803671],[-43.1208467,-22.8811272],[-43.1202024,-22.8816464],[-43.1208854,-22.8820242],[-43.1188729,-22.8813301],[-43.12028,-22.8823964],[-43.1196061,-22.8825316],[-43.1200998,-22.883053],[-43.1144468,-22.8813095],[-43.114514,-22.879246],[-43.1163773,-22.878312],[-43.1179072,-22.8767112],[-43.1174543,-22.8761974],[-43.1151783,-22.8772244],[-43.1164176,-22.8752977],[-43.1178441,-22.8743159],[-43.1196596,-22.8742944],[-43.1252016,-22.8723236],[-43.1235741,-22.8714252],[-43.1196161,-22.8673207],[-43.1160444,-22.8654478],[-43.115771,-22.8646823],[-43.1138392,-22.8645403],[-43.1134242,-22.8649978],[-43.1138939,-22.86672],[-43.1145748,-22.8669841],[-43.112326,-22.8682003],[-43.112193,-22.8689462],[-43.1121214,-22.8707228],[-43.1130483,-22.8711925],[-43.1132907,-22.8724728],[-43.112629,-22.873578],[-43.1126321,-22.8769933],[-43.1131739,-22.8778599],[-43.1117115,-22.8775088],[-43.1112604,-22.8737495],[-43.1105655,-22.8727063],[-43.1121455,-22.866114],[-43.1116071,-22.8653567],[-43.1095851,-22.8658407],[-43.1099366,-22.8653051],[-43.109004,-22.864598],[-43.110235,-22.8624316],[-43.1076807,-22.8635552],[-43.1076769,-22.8603333],[-43.1034475,-22.8558806],[-43.1034169,-22.8549212],[-43.1021965,-22.8539677],[-43.1005498,-22.8511419],[-43.1004969,-22.8493816],[-43.1027171,-22.85101],[-43.103853,-22.8510773],[-43.1042348,-22.8497526],[-43.1031201,-22.8484381],[-43.1033231,-22.8475099],[-43.102184,-22.8445659],[-43.0993852,-22.8428409],[-43.0974867,-22.8427418],[-43.0972433,-22.8400462],[-43.0962595,-22.8399819],[-43.096214,-22.8391762],[-43.0975934,-22.8397003],[-43.098152,-22.8381417],[-43.096871,-22.8366464],[-43.09747,-22.8382147],[-43.0968314,-22.8381873],[-43.0968508,-22.837678],[-43.0956129,-22.8377205],[-43.0952213,-22.8362686],[-43.0965853,-22.8358742],[-43.0951899,-22.835699],[-43.0958767,-22.8337973],[-43.0974897,-22.834162],[-43.0977341,-22.8337133],[-43.0970777,-22.8334255],[-43.0968556,-22.83235],[-43.0979129,-22.8317558],[-43.0982338,-22.8307371],[-43.0974524,-22.8302093],[-43.0969261,-22.8278696],[-43.0946816,-22.8255793],[-43.0922453,-22.8248787],[-43.0897532,-22.8231465],[-43.090074,-22.8223903],[-43.0892538,-22.8229898],[-43.0895839,-22.8220476],[-43.0890734,-22.8226904],[-43.0879078,-22.8223268],[-43.0869496,-22.8213666],[-43.0869808,-22.8206565],[-43.0863493,-22.8214891],[-43.0848769,-22.8213281],[-43.0820829,-22.8200513],[-43.0744205,-22.8134459],[-43.0707221,-22.8075532],[-43.0678318,-22.8059484],[-43.0650793,-22.8029319],[-43.0656265,-22.8021358],[-43.0681336,-22.8010116],[-43.0700766,-22.8009635],[-43.0708982,-22.8018664],[-43.0741428,-22.8004363],[-43.0756324,-22.8005648],[-43.0769356,-22.7992843],[-43.0789438,-22.7991317],[-43.079917,-22.7964024],[-43.0797863,-22.7938693],[-43.0815323,-22.7893856],[-43.0807999,-22.7890125],[-43.0805464,-22.7873399],[-43.0786386,-22.7848829],[-43.0753249,-22.7840163],[-43.0702582,-22.7807879],[-43.0683784,-22.7786477],[-43.0677606,-22.7765497],[-43.0676151,-22.7724773],[-43.0687703,-22.769893],[-43.0679772,-22.7698129],[-43.0677588,-22.7691305],[-43.0667034,-22.7694522],[-43.0653711,-22.7681937],[-43.0638281,-22.7648069],[-43.062544,-22.7647367],[-43.0612296,-22.7635357],[-43.0555271,-22.761088],[-43.0531755,-22.7592458],[-43.0493522,-22.7574502],[-43.0466358,-22.7571685],[-43.0394146,-22.7503377],[-43.0379053,-22.7499707],[-43.0373428,-22.750439],[-43.0326849,-22.7475959],[-43.0294023,-22.7476182],[-43.0279775,-22.7466037],[-43.0262372,-22.7434822],[-43.0286099,-22.7415763],[-43.0293758,-22.7393602],[-43.0287833,-22.736493],[-43.029447,-22.7355578],[-43.0297677,-22.7330433],[-43.0290658,-22.7302572],[-43.0295669,-22.7295287],[-43.0291613,-22.7262947],[-43.0266014,-22.7267326],[-43.0259267,-22.7261008],[-43.0269948,-22.7232321],[-43.0286095,-22.7212893],[-43.031058,-22.7197801],[-43.0316041,-22.7185006],[-43.031279,-22.7182766],[-43.0336923,-22.7178664],[-43.0343672,-22.7165888],[-43.0338103,-22.7147207],[-43.0354509,-22.7122198],[-43.0352806,-22.7088168],[-43.0341935,-22.7070438],[-43.0328292,-22.7056176],[-43.0308965,-22.7056339],[-43.030074,-22.7048019],[-43.0326822,-22.7029194],[-43.0369825,-22.701517],[-43.037207,-22.7007754],[-43.0361365,-22.6982],[-43.0325681,-22.6937605],[-43.0334118,-22.6932343],[-43.0342936,-22.6934343],[-43.0358401,-22.6923496],[-43.0389125,-22.6926168],[-43.03910987815622,-22.691978826070365],[-43.0395522,-22.6937584],[-43.0403427,-22.6936767],[-43.0404615,-22.6926312],[-43.0420213,-22.6920796],[-43.0426607,-22.6921206],[-43.0432643,-22.6932125],[-43.0456094,-22.6919672],[-43.0468911,-22.6936811],[-43.0478912,-22.6927626],[-43.0513496,-22.692737],[-43.0529124,-22.6913505],[-43.0527905,-22.6907448],[-43.0538468,-22.6894727],[-43.0524045,-22.6872591],[-43.0530964,-22.6861905],[-43.0554795,-22.6877309],[-43.0556499,-22.6869848],[-43.0542059,-22.6852077],[-43.0546889,-22.6847078],[-43.0575529,-22.6853525],[-43.0578019,-22.6859137],[-43.059774,-22.6865747],[-43.0621922,-22.6863858],[-43.0662084,-22.6874068],[-43.067058,-22.6888177],[-43.0663574,-22.6867526],[-43.0684292,-22.6848116],[-43.0735602,-22.6818226],[-43.0808296,-22.6799047],[-43.0827301,-22.6783768],[-43.082646,-22.6777017],[-43.0846409,-22.6769586],[-43.0858017,-22.6774648],[-43.0860067,-22.6781266],[-43.084497,-22.6786822],[-43.0845631,-22.6796607],[-43.0870491,-22.680755],[-43.0872967,-22.6823864],[-43.0883907,-22.6831677],[-43.0905442,-22.6830034],[-43.0931102,-22.6845679],[-43.0927001,-22.6862941],[-43.0945888,-22.6862915],[-43.0947198,-22.6858088],[-43.1004127,-22.6859606],[-43.1059209,-22.6889343],[-43.1055749,-22.6899924],[-43.1076096,-22.6937468],[-43.1068367,-22.6953672],[-43.1081366,-22.6952969],[-43.1085416,-22.6941654],[-43.1110381,-22.6934093],[-43.1119256,-22.6936169],[-43.1118438,-22.694612],[-43.1124408,-22.6949995],[-43.1157396,-22.6963765],[-43.1176099,-22.6986864],[-43.1174505,-22.7019072],[-43.1164281,-22.703553],[-43.1176367,-22.7060963],[-43.1173525,-22.7068537],[-43.1188983,-22.7086131],[-43.1215788,-22.7098811],[-43.1235049,-22.7116223],[-43.1242159,-22.7134547],[-43.1271629,-22.7141339],[-43.1277338,-22.7150181],[-43.1339363,-22.7150404],[-43.1348287,-22.7143364],[-43.1342008,-22.713177],[-43.1349163,-22.7120528],[-43.1365476,-22.7108205],[-43.1402345,-22.7098468],[-43.1402832,-22.7091239],[-43.1415805,-22.7086366],[-43.151794,-22.7080015],[-43.1610266,-22.7098661],[-43.1649273,-22.7113551],[-43.1668866,-22.7127006],[-43.1667051,-22.7141076],[-43.1671446,-22.7136903],[-43.1686209,-22.7140214],[-43.1828637,-22.7210568],[-43.1857286,-22.721906],[-43.1912982,-22.721914],[-43.1938914,-22.7226072],[-43.1947401,-22.7220395],[-43.1972172,-22.7239199],[-43.1990573,-22.724407],[-43.1994877,-22.7251232],[-43.2013216,-22.7251897],[-43.2036784,-22.7267618],[-43.2060709,-22.7263897],[-43.2076583,-22.7272838],[-43.2113065,-22.7260309],[-43.2145629,-22.7277431],[-43.2145715,-22.7286194],[-43.2122484,-22.7292295],[-43.2117498,-22.7313834],[-43.2136083,-22.7347627],[-43.214376,-22.7348721],[-43.216715,-22.7372645],[-43.2216506,-22.7399132],[-43.2266166,-22.7412276],[-43.2312279,-22.7398264],[-43.2320761,-22.7401893],[-43.2322521,-22.7415086],[-43.2336354,-22.7412129],[-43.2345975,-22.7414445],[-43.2350133,-22.7422837],[-43.2381868,-22.7428017],[-43.2405596,-22.7459225],[-43.2444681,-22.7468781],[-43.2447898,-22.7480444],[-43.2426958,-22.7493439],[-43.2446323,-22.7511095],[-43.2477001,-22.7515962],[-43.2478381,-22.7530039],[-43.2490811,-22.7539355],[-43.2518981,-22.7531654],[-43.2516481,-22.7541908],[-43.2522813,-22.7547504],[-43.2578794,-22.7564137],[-43.2573821,-22.7576906],[-43.2592339,-22.7605145],[-43.2609558,-22.7603633],[-43.2621808,-22.7592854],[-43.2626002,-22.7596072],[-43.2619425,-22.7616131],[-43.2646403,-22.7599553],[-43.264847,-22.7607771],[-43.2632233,-22.7630343],[-43.2634396,-22.7636944],[-43.2652507,-22.7635542],[-43.2669397,-22.7623708],[-43.2653523,-22.7654313],[-43.2666231,-22.7660981],[-43.2681345,-22.7656331],[-43.2672652,-22.7672697],[-43.2697729,-22.7675166],[-43.2693628,-22.7683284],[-43.2702031,-22.7702468],[-43.2721241,-22.7721757],[-43.2732082,-22.7724893],[-43.2728417,-22.7736653],[-43.2739871,-22.7731086],[-43.2741671,-22.7737769],[-43.2731561,-22.7745376],[-43.2752956,-22.7761976],[-43.2750464,-22.7768804],[-43.2766307,-22.7792134],[-43.27863,-22.7804863],[-43.2776615,-22.7822071],[-43.2763581,-22.7832107],[-43.2761687,-22.7847268],[-43.2754138,-22.7856672],[-43.2771709,-22.7873248],[-43.2767999,-22.790608],[-43.2761157,-22.7908368],[-43.2764035,-22.7894129],[-43.2757808,-22.7890876],[-43.2721031,-22.7916927],[-43.2728671,-22.7923273],[-43.2757342,-22.7921221],[-43.2761374,-22.7926434],[-43.2725078,-22.7934089],[-43.2709247,-22.7961283],[-43.2705054,-22.7988794],[-43.2711442,-22.7990695],[-43.2712459,-22.8008418],[-43.2716767,-22.801049],[-43.2736433,-22.7993919],[-43.2728799,-22.8011436],[-43.2731366,-22.8023206],[-43.2723007,-22.8037966],[-43.2727381,-22.8097934],[-43.2763947,-22.8076655],[-43.2728312,-22.8098291],[-43.2735418,-22.8101522],[-43.2733024,-22.8106948],[-43.2715289,-22.813056],[-43.2668898,-22.8234842],[-43.2647968,-22.8264697],[-43.2642343,-22.8264434],[-43.2633006,-22.8278288],[-43.2559068,-22.8341368],[-43.2550247,-22.8352468],[-43.2549123,-22.836451],[-43.2539085,-22.8373219],[-43.2531039,-22.8371119],[-43.2529713,-22.8375563],[-43.2521652,-22.8374627],[-43.2481506,-22.8392173],[-43.2477379,-22.8399353],[-43.245319,-22.8404835],[-43.243236,-22.8422557],[-43.2421995,-22.8473282],[-43.2414517,-22.8475331],[-43.2382287,-22.8543901],[-43.2365296,-22.8620282],[-43.2336518,-22.8637188],[-43.2324375,-22.8692072],[-43.2317697,-22.8682513],[-43.2300161,-22.8677875],[-43.2262096,-22.8691535],[-43.2256973,-22.8705855],[-43.2261527,-22.872373],[-43.2258588,-22.8734673],[-43.2266671,-22.8741249],[-43.2256696,-22.8741428],[-43.2247298,-22.8753011],[-43.2237836,-22.8744694],[-43.224116,-22.8736725],[-43.2226233,-22.8731189],[-43.2215798,-22.8743478],[-43.2208863,-22.8740437],[-43.2213877,-22.8729085],[-43.2188835,-22.8721051],[-43.2181885,-22.8734115],[-43.219746,-22.8753709],[-43.2188647,-22.8747475],[-43.217017,-22.8757994],[-43.2165364,-22.8735543],[-43.212732,-22.8728209],[-43.2127566,-22.8720543],[-43.2138088,-22.8711691],[-43.2099188,-22.8669991],[-43.2044321,-22.8717054],[-43.204016,-22.8713384],[-43.202978,-22.8721575],[-43.20189,-22.8710456],[-43.2013857,-22.8714609],[-43.2133439,-22.8842795],[-43.2137685,-22.8838991],[-43.2159724,-22.8863438],[-43.2108437,-22.8976064],[-43.209681,-22.8976741],[-43.1958862,-22.8920373],[-43.190783,-22.8921139],[-43.1808292,-22.8954761],[-43.1801863,-22.8950427],[-43.1790662,-22.8922806],[-43.1783173,-22.8925366],[-43.1795273,-22.8956368],[-43.1770238,-22.8958765],[-43.1762833,-22.8987563],[-43.1750913,-22.90029],[-43.1740652,-22.9006325],[-43.1756008,-22.8983897],[-43.1734018,-22.9010106],[-43.1738241,-22.9012845],[-43.1733466,-22.9020807],[-43.1728009,-22.9017796],[-43.1692417,-22.9045596],[-43.1627844,-22.9042638],[-43.1617898,-22.9047845],[-43.1611572,-22.9129159],[-43.1617988,-22.9144281],[-43.161642,-22.9167896],[-43.1626108,-22.9172488],[-43.1656653,-22.9156231],[-43.1672166,-22.9176909],[-43.1660552,-22.9154302],[-43.1692983,-22.9142836],[-43.1712864,-22.914773],[-43.1727099,-22.9166067],[-43.1726583,-22.9183708],[-43.1716131,-22.919776],[-43.1704239,-22.9198759],[-43.1694204,-22.9191288],[-43.1695684,-22.9167624],[-43.1675572,-22.9191463],[-43.1681115,-22.9219159],[-43.1676446,-22.9225288],[-43.1702308,-22.927522],[-43.1712692,-22.9324076],[-43.1711164,-22.9351267],[-43.1691638,-22.9358158],[-43.1685094,-22.9369444],[-43.1686341,-22.9387159],[-43.1710446,-22.9419131],[-43.1742553,-22.9441925],[-43.1754877,-22.9442486],[-43.1786615,-22.9430233],[-43.180155,-22.9451868],[-43.1803779,-22.9479346],[-43.1796894,-22.948722],[-43.1776792,-22.9488723],[-43.171142,-22.9519604],[-43.1708777,-22.9514431],[-43.1701957,-22.9517402],[-43.1699952,-22.9523106],[-43.1651361,-22.9477111],[-43.1638651,-22.948109],[-43.1632213,-22.9477375],[-43.1638492,-22.9459382],[-43.1619856,-22.9433751],[-43.1580589,-22.9434492],[-43.1577477,-22.9411612],[-43.1539576,-22.9388614],[-43.1521785,-22.938573],[-43.1515322,-22.9388988],[-43.1520952,-22.9394689],[-43.1511408,-22.9406504],[-43.1523017,-22.9418633],[-43.1545274,-22.9419969],[-43.1558254,-22.9433271],[-43.1557944,-22.9441809],[-43.1549435,-22.9470248],[-43.1509855,-22.9489222],[-43.1510742,-22.9498183],[-43.150235,-22.9509286],[-43.1565953,-22.9533049],[-43.1598039,-22.9533482],[-43.1609402,-22.952836],[-43.1644409,-22.9547235],[-43.1643366,-22.9564095],[-43.1625965,-22.957423],[-43.1610189,-22.9570878],[-43.1596806,-22.9576882],[-43.1600613,-22.9581829],[-43.1592062,-22.9588607],[-43.1604479,-22.9611116],[-43.1586774,-22.9631003],[-43.159596,-22.9644145],[-43.1625485,-22.965274],[-43.1641635,-22.9647545],[-43.1647732,-22.9635955],[-43.1671973,-22.9638926],[-43.1769287,-22.9683585],[-43.1852959,-22.9742249],[-43.1883651,-22.9784699],[-43.189265,-22.9836348],[-43.1881577,-22.9857869],[-43.185347,-22.985384],[-43.1835237,-22.9860149],[-43.186473,-22.9866766],[-43.1892169,-22.9882089],[-43.1906029,-22.9897606],[-43.1901156,-22.9906964],[-43.1916733,-22.9907716],[-43.1920021,-22.9895623],[-43.1952466,-22.9884332],[-43.2070823,-22.9872281],[-43.2196719,-22.9871369],[-43.226668,-22.988537],[-43.2269568,-22.9901837],[-43.2296182,-22.9912206],[-43.2309825,-22.990795],[-43.2317135,-22.9914398],[-43.2331447,-22.9936038],[-43.231843,-22.9951663],[-43.2339683,-22.9951685],[-43.2340139,-22.9961223],[-43.2397177,-22.9988009],[-43.2407815,-23.0004151],[-43.2456506,-23.0010411],[-43.2478172,-22.9998233],[-43.2520698,-22.999111],[-43.2553159,-22.9998317],[-43.2653828,-23.0001762],[-43.2747269,-23.002277],[-43.2757007,-23.0029768],[-43.2757437,-23.0044682],[-43.2771991,-23.0057074],[-43.281585,-23.0062664],[-43.2869078,-23.0098938],[-43.2873937,-23.0110746],[-43.2864171,-23.0144139],[-43.2855011,-23.0149965],[-43.2864327,-23.0164498],[-43.2873845,-23.0148424],[-43.2883774,-23.0153368],[-43.2924432,-23.0153436],[-43.2934923,-23.0166694],[-43.2963196,-23.0168098],[-43.2968733,-23.0158839],[-43.3028478,-23.0163379],[-43.3070557,-23.0160003],[-43.3244731,-23.0127623],[-43.3359425,-23.011363],[-43.3576048,-23.0111214],[-43.3775185,-23.0122199],[-43.3986838,-23.0143491],[-43.4198019,-23.0176446],[-43.4455964,-23.0229183],[-43.4577925,-23.0261741],[-43.4663045,-23.0291912],[-43.4689641,-23.0308873],[-43.4706982,-23.0332505],[-43.4735918,-23.0318559],[-43.4775908,-23.031735],[-43.4928009,-23.0353181],[-43.497525,-23.0378219],[-43.4982452,-23.0371334],[-43.5001011,-23.0409109],[-43.5009707,-23.0410733],[-43.50303,-23.0401215],[-43.5070652,-23.0424894],[-43.5068365,-23.0456701],[-43.5085352,-23.0475738],[-43.5133424,-23.0487077],[-43.5230126,-23.0485413],[-43.5343866,-23.0502917],[-43.5363652,-23.0520759],[-43.5362961,-23.0524995],[-43.5354812,-23.0524608],[-43.5349653,-23.0535565],[-43.5368806,-23.0560563],[-43.5398566,-23.0563557],[-43.5413982,-23.0582756],[-43.5419596,-23.0582957],[-43.5420984,-23.0591186],[-43.5438069,-23.0594119],[-43.5453821,-23.0588111],[-43.5464175,-23.059179],[-43.5478414,-23.0609514],[-43.5489318,-23.0607076],[-43.5500521,-23.0630955],[-43.5477438,-23.0646334],[-43.5484056,-23.0652279],[-43.5508551,-23.0652803],[-43.551708,-23.0664232],[-43.5519564,-23.0673394],[-43.5512979,-23.0688508],[-43.5522914,-23.0698246],[-43.5527994,-23.0715199],[-43.5524886,-23.072213],[-43.5509514,-23.0722646],[-43.5488224,-23.0733174],[-43.5506605,-23.0740989],[-43.5519806,-23.0756314],[-43.5518327,-23.0761826],[-43.5536866,-23.0760605],[-43.5537003,-23.0742164],[-43.5543609,-23.0740283],[-43.5541368,-23.0726433],[-43.5564287,-23.073865],[-43.5609015,-23.074315],[-43.5626989,-23.0756008],[-43.5635766,-23.0750353],[-43.5646141,-23.0755287],[-43.5647895,-23.075118],[-43.5664226,-23.0751568],[-43.5668214,-23.0735752],[-43.5688371,-23.0741884],[-43.5724564,-23.0731393],[-43.5715334,-23.0724013],[-43.5677233,-23.0714577],[-43.5677109,-23.0689637],[-43.569089,-23.0662934],[-43.5678827,-23.0643362],[-43.5663405,-23.0634393],[-43.5656493,-23.0616187],[-43.5639055,-23.0608971],[-43.5615986,-23.0581511],[-43.5628257,-23.0568863],[-43.562373,-23.0531564],[-43.5635121,-23.0528996],[-43.5644143,-23.0513169],[-43.5685962,-23.0506551],[-43.5697871,-23.0496244],[-43.5718445,-23.0489968],[-43.5735461,-23.0472426],[-43.5780745,-23.0456081],[-43.5786198,-23.0449132],[-43.5771713,-23.04365],[-43.5777867,-23.0433467],[-43.5777188,-23.042422],[-43.5796577,-23.0396315],[-43.5853795,-23.0351928],[-43.5894132,-23.0350584],[-43.5942573,-23.0323949],[-43.5977395,-23.027723],[-43.5993496,-23.024646],[-43.599564,-23.0228836],[-43.602673,-23.0219934],[-43.6072881,-23.0215753],[-43.6141027,-23.0176301],[-43.6212987,-23.010658],[-43.6229159,-23.0078702],[-43.6242696,-23.008543],[-43.6277818,-23.0065982],[-43.6321879,-23.0056033],[-43.6345238,-23.0063925],[-43.6369768,-23.0054532],[-43.6385636,-23.0062458],[-43.6432255,-23.0011172],[-43.6438709,-23.0015172],[-43.6445575,-23.0011735],[-43.6460301,-23.0020165],[-43.6479398,-23.0008995],[-43.6532004,-23.0027751],[-43.6523133,-23.0013406],[-43.6526302,-23.0006228],[-43.6529735,-23.0000824],[-43.6542273,-23.0000414],[-43.6567098,-22.994503],[-43.6589721,-22.9916438],[-43.6659296,-22.9853258],[-43.6742791,-22.9803094],[-43.679829,-22.9808719],[-43.6815226,-22.9818897],[-43.6836279,-22.9843626],[-43.6874758,-22.9859968],[-43.688949,-22.9882027],[-43.6887847,-22.9903807],[-43.6894754,-22.9919027],[-43.693762,-22.986124],[-43.6958285,-22.9846104],[-43.6993855,-22.9861705],[-43.7006032,-22.9857035],[-43.7003748,-22.9850628],[-43.7044755,-22.9779102],[-43.7065661,-22.9749282],[-43.7109637,-22.970579],[-43.7141449,-22.9690384],[-43.7179748,-22.9709405],[-43.718048,-22.971805],[-43.7196353,-22.9730222],[-43.7185187,-22.9720021],[-43.7194277,-22.9719281],[-43.71933,-22.9713207],[-43.7202166,-22.9708977],[-43.7178596,-22.9695858],[-43.7187024,-22.9666963],[-43.7204154,-22.9656587],[-43.7246529,-22.9607031],[-43.7315845,-22.9579102],[-43.7333806,-22.9556878],[-43.7411254,-22.9508744],[-43.7462805,-22.9458873],[-43.7479016,-22.9458753],[-43.7545584,-22.9413451],[-43.7656271,-22.9362889],[-43.7678967,-22.9345696],[-43.768395,-22.9326398],[-43.7724503,-22.9331054],[-43.7740441,-22.9327601],[-43.7810182,-22.9282794],[-43.7809369,-22.9270057],[-43.7843279,-22.9242711],[-43.7878299,-22.9246554],[-43.7899642,-22.9257033],[-43.791072,-22.9234411],[-43.7937419,-22.9214338],[-43.7951542,-22.9188912],[-43.7954619,-22.9194621],[-43.7961019,-22.919113],[-43.7952404,-22.9176278],[-43.7960258,-22.9170753],[-43.797929,-22.9162529],[-43.8008678,-22.9167366],[-43.8008775,-22.9182608],[-43.8019315,-22.919846],[-43.8010367,-22.9225552],[-43.8014366,-22.9245116],[-43.8028246,-22.9247904],[-43.8059346,-22.9242665],[-43.8076223,-22.9234098],[-43.8066664,-22.9187659],[-43.8102224,-22.917569],[-43.8172826,-22.9206703],[-43.8320353,-22.9311906],[-43.8422823,-22.9321672],[-43.8416824,-22.9318202],[-43.8438007,-22.9294859],[-43.8457101,-22.9295266],[-43.8493574,-22.9316336],[-43.8504312,-22.9299274],[-43.8482391,-22.9287263],[-43.8492193,-22.9263916],[-43.8530373,-22.9270136],[-43.8528433,-22.9261205],[-43.8511689,-22.9252448],[-43.8522129,-22.9244979],[-43.8508023,-22.9228925],[-43.8506363,-22.9212908],[-43.8512012,-22.9210314],[-43.8504691,-22.9205061],[-43.8519786,-22.9192375],[-43.8531779,-22.9194309],[-43.8543471,-22.9187563],[-43.8539418,-22.9181592],[-43.8503079,-22.9168236],[-43.8478175,-22.917546],[-43.845676,-22.9171664],[-43.8396234,-22.9117525],[-43.839026,-22.9117719],[-43.838971,-22.9100757],[-43.8395206,-22.9099123],[-43.8382125,-22.9093403],[-43.8392455,-22.9091332],[-43.8398222,-22.9080748],[-43.840504,-22.908228],[-43.8411325,-22.9075596],[-43.8402796,-22.9073884],[-43.8406091,-22.9067788],[-43.8398611,-22.9061261],[-43.8391906,-22.9061101],[-43.8387024,-22.9059347],[-43.8382154,-22.9064452],[-43.8378125,-22.9056265],[-43.8381577,-22.9047217],[-43.8373775,-22.9039538],[-43.839491,-22.9033789],[-43.8418569,-22.9017325],[-43.8456571,-22.9017065],[-43.8471849,-22.9028613],[-43.8511727,-22.9043439],[-43.8521017,-22.9039186],[-43.8520728,-22.9027498],[-43.856766,-22.9018695],[-43.867489,-22.9039029],[-43.8671541,-22.9051671],[-43.8682521,-22.9054862],[-43.8688263,-22.904696],[-43.870941,-22.9053239],[-43.8773488,-22.909448],[-43.8787163,-22.9114908],[-43.8804592,-22.9122439],[-43.8797681,-22.9128412],[-43.8819594,-22.9209064],[-43.8855702,-22.922274],[-43.8868067,-22.9218527],[-43.8882794,-22.92225],[-43.8892903,-22.9213764],[-43.8921514,-22.9229098],[-43.892862,-22.9224532],[-43.8943435,-22.9226567],[-43.8962016,-22.923582],[-43.8965206,-22.9248491],[-43.9015566,-22.9262488],[-43.9040646,-22.9275791],[-43.90374,-22.9284766],[-43.9104806,-22.9310431],[-43.9168029,-22.9302655],[-43.9187271,-22.9294793],[-43.9241275,-22.9299891],[-43.9270504,-22.9290743],[-43.9300295,-22.929502],[-43.9324104,-22.9289086],[-43.9399835,-22.9304492],[-43.9456696,-22.9279325],[-43.9496328,-22.926887],[-43.951424,-22.9270475],[-43.9512047,-22.9278151],[-43.9543063,-22.9274529],[-43.9552887,-22.9292948],[-43.9562355,-22.9293789],[-43.9593034,-22.9316396],[-43.9625448,-22.932856],[-43.9648895,-22.9344399],[-43.9666545,-22.9341563],[-43.9695062,-22.9325004],[-43.9770004,-22.9314219],[-43.9819477,-22.9326754],[-43.9835817,-22.9346413],[-43.9889044,-22.9355734],[-43.9901368,-22.9369183],[-43.9895369,-22.9389973],[-43.9909103,-22.9402695],[-43.9975383,-22.941986],[-44.0058569,-22.942136],[-44.0124487,-22.9461534],[-44.0121355,-22.9477072],[-44.0108827,-22.9480687],[-44.0129883,-22.9513685],[-44.0143615,-22.9510397],[-44.0180067,-22.95211],[-44.0189124,-22.9540063],[-44.0228262,-22.9562942],[-44.0236718,-22.958845],[-44.0234773,-22.9604084],[-44.0209221,-22.9611294]],[[-43.6642798,-22.6216538],[-43.66450981795945,-22.62216321335606],[-43.6612963,-22.6192381],[-43.6642798,-22.6216538]],[[-43.024331904840025,-22.740659904392192],[-43.0247918,-22.7408168],[-43.0266258,-22.7430911],[-43.024331904840025,-22.740659904392192]],[[-43.21661691928406,-22.72707039892467],[-43.2158824,-22.7276638],[-43.2145629,-22.7277431],[-43.21661691928406,-22.72707039892467]],[[-43.8856446,-22.885587],[-43.885647528684906,-22.88558445568535],[-43.8806421,-22.9157767],[-43.8856446,-22.885587]],[[-43.6655138,-22.6243867],[-43.66545496180563,-22.624493747732195],[-43.66536554805124,-22.624058371190632],[-43.6655138,-22.6243867]],[[-43.6690595,-22.6554085],[-43.6666881,-22.6554462],[-43.669197228350406,-22.655208941772038],[-43.6690595,-22.6554085]],[[-43.6618394,-22.6587439],[-43.66150467861573,-22.659018507095418],[-43.6623175,-22.6572446],[-43.6618394,-22.6587439]],[[-43.6602937,-22.660012],[-43.66010956827324,-22.659955126524125],[-43.66075238851265,-22.659635689653303],[-43.6602937,-22.660012]],[[-43.6551505,-22.6584234],[-43.65446004295544,-22.657888474334143],[-43.65845691383868,-22.659444664781482],[-43.6551505,-22.6584234]],[[-43.6535843,-22.65721],[-43.6506634,-22.6534425],[-43.65411282159581,-22.65761946756759],[-43.6535843,-22.65721]],[[-43.636196478858096,-22.655775568814764],[-43.6366969,-22.654951],[-43.636899495270676,-22.65474705876766],[-43.636196478858096,-22.655775568814764]],[[-43.63348039353781,-22.660808744219427],[-43.6335128,-22.6601976],[-43.63368986046966,-22.65990584865421],[-43.63348039353781,-22.660808744219427]],[[-43.6335896628735,-22.663847611860188],[-43.6333401,-22.6634545],[-43.63337967865264,-22.66270809748829],[-43.6335896628735,-22.663847611860188]],[[-43.635384482601864,-22.66854969643721],[-43.6352453,-22.6683342],[-43.6354225,-22.6667347],[-43.635384482601864,-22.66854969643721]],[[-43.63659679233668,-22.670056954568267],[-43.6362836,-22.6699418],[-43.635615804715705,-22.668907852490577],[-43.63659679233668,-22.670056954568267]],[[-43.6521213,-22.6798849],[-43.65224580204109,-22.68030147526653],[-43.6498418,-22.6782438],[-43.6521213,-22.6798849]],[[-43.652415,-22.6808676],[-43.651953300442614,-22.681906202142322],[-43.65236781702099,-22.68070972899738],[-43.652415,-22.6808676]],[[-43.6501779,-22.6859],[-43.6480139,-22.6891937],[-43.650704541306396,-22.684715310129043],[-43.6501779,-22.6859]],[[-43.6386082,-22.7200481],[-43.63869810084438,-22.720343847026207],[-43.6368242,-22.7174273],[-43.6386082,-22.7200481]],[[-43.609934851503546,-22.692652729664882],[-43.6100496,-22.6926505],[-43.6118963,-22.6984856],[-43.609934851503546,-22.692652729664882]],[[-43.5598347,-22.6907042],[-43.556009,-22.6893847],[-43.55987405591179,-22.69069308686029],[-43.5598347,-22.6907042]],[[-43.5547933,-22.6824358],[-43.554819240324335,-22.682327351177005],[-43.55514,-22.6849271],[-43.5547933,-22.6824358]],[[-43.55492388829629,-22.679699213481573],[-43.5563439,-22.6789604],[-43.5554252816812,-22.67973947863616],[-43.55492388829629,-22.679699213481573]],[[-43.556732195184416,-22.67740657745211],[-43.5568676,-22.6774136],[-43.5563439,-22.6789604],[-43.556732195184416,-22.67740657745211]],[[-43.5934439,-22.6200315],[-43.6106038,-22.6343933],[-43.592926179929485,-22.61998209922991],[-43.5934439,-22.6200315]],[[-43.38675446860704,-22.570450444074915],[-43.3868726,-22.5697686],[-43.3883888,-22.5685141],[-43.38675446860704,-22.570450444074915]],[[-43.3952029,-22.5790097],[-43.3952448567002,-22.579037907829875],[-43.3928495,-22.5791462],[-43.3952029,-22.5790097]],[[-43.3981395,-22.580984],[-43.4026942,-22.5873568],[-43.39803393817083,-22.580913029925995],[-43.3981395,-22.580984]],[[-43.401488,-22.6521434],[-43.40153369135119,-22.652368391730604],[-43.3819728,-22.6301154],[-43.401488,-22.6521434]],[[-43.4017992,-22.6536758],[-43.4012349,-22.6568188],[-43.40166108042641,-22.65299567649559],[-43.4017992,-22.6536758]],[[-43.3984694,-22.6612973],[-43.3982886091323,-22.661452644455938],[-43.4012349,-22.6568188],[-43.3984694,-22.6612973]],[[-43.3954449,-22.6638961],[-43.39387181260797,-22.664558726828204],[-43.395770398202295,-22.663616415844558],[-43.3954449,-22.6638961]],[[-43.3933014,-22.664799],[-43.3900454,-22.6650658],[-43.39337715609393,-22.664767089490454],[-43.3933014,-22.664799]],[[-43.364534852489435,-22.680936369446584],[-43.3644728,-22.6806656],[-43.370938473048724,-22.673405784739828],[-43.364534852489435,-22.680936369446584]],[[-43.3517906,-22.6968527],[-43.350637635372124,-22.697380538840434],[-43.363965181547854,-22.686306759546905],[-43.3517906,-22.6968527]],[[-43.3481594,-22.6985151],[-43.3469037,-22.6985656],[-43.34938778286683,-22.697952733928783],[-43.3481594,-22.6985151]],[[-43.3355765,-22.6964885],[-43.33539752537458,-22.696434925906043],[-43.3406731,-22.6944367],[-43.3355765,-22.6964885]],[[-43.33001418008444,-22.69482348045283],[-43.3302714,-22.6947878],[-43.332509967785306,-22.695570567166754],[-43.33001418008444,-22.69482348045283]],[[-43.32622932452807,-22.69909676346775],[-43.3262337,-22.6985294],[-43.326784727452356,-22.69770284703277],[-43.32622932452807,-22.69909676346775]],[[-43.3266495,-22.7227329],[-43.32674368692964,-22.723070663133807],[-43.319785,-22.7093984],[-43.3266495,-22.7227329]],[[-43.3279568,-22.727421],[-43.327993175056605,-22.728197917744442],[-43.3276262491139,-22.726235613624144],[-43.3279568,-22.727421]],[[-43.3484648,-22.8037693],[-43.3289118,-22.8026383],[-43.3309145,-22.8026658],[-43.3484648,-22.8037693]],[[-43.3041288,-22.8008176],[-43.3070254,-22.8000018],[-43.30762464674979,-22.800012824019955],[-43.3041288,-22.8008176]],[[-43.2992079,-22.8065784],[-43.29893614429136,-22.80656253670322],[-43.3009234,-22.8036454],[-43.2992079,-22.8065784]],[[-43.9377419,-22.8840627],[-43.9384799569859,-22.882514063240958],[-43.93779270019948,-22.88436184790803],[-43.9377419,-22.8840627]],[[-43.9383817,-22.8878303],[-43.937946174489376,-22.885265614295385],[-43.9383578,-22.8861245],[-43.9383817,-22.8878303]],[[-43.9310599,-22.8933354],[-43.93247167260856,-22.893123286109365],[-43.92945701465658,-22.89391573120871],[-43.9310599,-22.8933354]],[[-43.9249554,-22.8936962],[-43.92763862699788,-22.894393719893266],[-43.9272423,-22.8944979],[-43.9249554,-22.8936962]],[[-43.7920458,-22.9028309],[-43.7946268,-22.9033953],[-43.79468586495794,-22.903500547500826],[-43.7920458,-22.9028309]],[[-43.79499925532639,-22.9040589759534],[-43.7953691,-22.904718],[-43.795366739006404,-22.90507003288983],[-43.79499925532639,-22.9040589759534]],[[-43.63873142710305,-22.72045348050037],[-43.6401843,-22.725233],[-43.6416362,-22.7326972],[-43.63873142710305,-22.72045348050037]],[[-43.6445807497776,-22.746599949032248],[-43.6446014,-22.7469944],[-43.6443314,-22.7479454],[-43.6445807497776,-22.746599949032248]],[[-43.64316181895449,-22.75225307247819],[-43.6431798,-22.7527769],[-43.642869317952055,-22.753880597879707],[-43.64316181895449,-22.75225307247819]],[[-43.64242805105617,-22.755449208176454],[-43.6422243,-22.7561735],[-43.640744605712236,-22.758004986090633],[-43.64242805105617,-22.755449208176454]],[[-43.6352942,-22.7805013],[-43.6346543,-22.7865433],[-43.634798,-22.7833112],[-43.6352942,-22.7805013]],[[-43.6734805,-22.8640462],[-43.6737249,-22.8647766],[-43.67310470393517,-22.863987609512993],[-43.6734805,-22.8640462]],[[-43.6924991,-22.8642812],[-43.6972282,-22.8647133],[-43.69726395701328,-22.864724637773882],[-43.6924991,-22.8642812]],[[-43.71161262205743,-22.866833322793692],[-43.7116793,-22.86681],[-43.7144609,-22.868836],[-43.71161262205743,-22.866833322793692]],[[-43.7268903,-22.8730391],[-43.734388317611526,-22.878317943458523],[-43.7343452,-22.8783254],[-43.7268903,-22.8730391]],[[-43.77914,-22.6944754],[-43.776885166182794,-22.693867213758185],[-43.77933920689197,-22.694391213856814],[-43.77914,-22.6944754]],[[-43.77231496560196,-22.692975405313103],[-43.7724032,-22.6929102],[-43.77261380742286,-22.69295517004061],[-43.77231496560196,-22.692975405313103]],[[-43.763797,-22.6994847],[-43.763306152228346,-22.699632927886686],[-43.768059552307946,-22.696120160220314],[-43.763797,-22.6994847]],[[-43.75190441003979,-22.70023610160963],[-43.7529651,-22.7001044],[-43.7587199,-22.7010179],[-43.75190441003979,-22.70023610160963]],[[-43.747889051581936,-22.685280181609343],[-43.7480049,-22.6853954],[-43.74806285325265,-22.685495602660186],[-43.747889051581936,-22.685280181609343]],[[-43.7466442,-22.6840421],[-43.74709222249917,-22.684487685983775],[-43.743081631239086,-22.68224266327789],[-43.7466442,-22.6840421]],[[-43.6901524,-22.6502443],[-43.68993971795205,-22.65025727131122],[-43.695876,-22.6485581],[-43.6901524,-22.6502443]],[[-43.68684770370899,-22.649427934413197],[-43.6870691,-22.6493936],[-43.6882701,-22.6503591],[-43.68684770370899,-22.649427934413197]],[[-43.67708286318764,-22.6477884290333],[-43.6780039,-22.6474588],[-43.6793915,-22.6473499],[-43.67708286318764,-22.6477884290333]],[[-43.6742941,-22.6506213],[-43.6765107,-22.6479932],[-43.6767534777505,-22.647906312490043],[-43.6742941,-22.6506213]],[[-43.7507769,-22.7003761],[-43.7510301742545,-22.700344651953685],[-43.7479931,-22.7023831],[-43.7507769,-22.7003761]],[[-43.76524511962805,-22.729424397183585],[-43.7631132,-22.7286906],[-43.7651555,-22.7292986],[-43.76524511962805,-22.729424397183585]],[[-43.67277016255167,-22.8639354510568],[-43.6699969,-22.865255],[-43.6725973,-22.8639085],[-43.67277016255167,-22.8639354510568]],[[-43.6651349,-22.8651549],[-43.66329543540124,-22.864643279160596],[-43.6699969,-22.865255],[-43.6651349,-22.8651549]],[[-43.469218,-22.840411],[-43.4588446,-22.833026],[-43.46931847314824,-22.84046786055398],[-43.4581314,-22.8490371],[-43.469218,-22.840411]],[[-43.4432219,-22.8188939],[-43.44240027820185,-22.815262714540047],[-43.4425094,-22.8153896],[-43.4432219,-22.8188939]],[[-43.441548798896804,-22.814272625070316],[-43.43651582195743,-22.80854991536817],[-43.4367393,-22.8086802],[-43.441548798896804,-22.814272625070316]],[[-43.42949567059575,-22.804320319112716],[-43.429164,-22.8041275],[-43.42862298960614,-22.802457035318216],[-43.42949567059575,-22.804320319112716]],[[-43.42816636894115,-22.801482092704074],[-43.4260178,-22.8010234],[-43.4281186,-22.8013801],[-43.42816636894115,-22.801482092704074]],[[-43.38989252946318,-22.81382260482793],[-43.3878062,-22.8147994],[-43.3893825,-22.8138243],[-43.38989252946318,-22.81382260482793]],[[-43.3848525,-22.8139977],[-43.38482411110409,-22.813967355373645],[-43.3878062,-22.8147994],[-43.3848525,-22.8139977]],[[-43.3841775660922,-22.813276269434073],[-43.38292673493359,-22.811939267662183],[-43.3831587,-22.8120308],[-43.3841775660922,-22.813276269434073]],[[-43.3768401,-22.8108166],[-43.375918638655534,-22.808829875833805],[-43.3763227,-22.8091706],[-43.3768401,-22.8108166]],[[-43.374721579770856,-22.807820457595824],[-43.37441588109064,-22.807621550149925],[-43.374509,-22.8076412],[-43.374721579770856,-22.807820457595824]],[[-43.37234,-22.8071835],[-43.37001395978775,-22.805304737195552],[-43.370242,-22.805367],[-43.37234,-22.8071835]],[[-43.36989274662892,-22.80527164184307],[-43.3675432,-22.8049929],[-43.3654752,-22.8040655],[-43.36989274662892,-22.80527164184307]],[[-43.36169789660534,-22.80442577242116],[-43.3616347,-22.8044318],[-43.36107039973374,-22.804036792787848],[-43.36169789660534,-22.80442577242116]],[[-43.35946491967421,-22.803041570224806],[-43.358787599396635,-22.802887130609914],[-43.3593001,-22.8029394],[-43.35946491967421,-22.803041570224806]],[[-43.4178542,-22.826383],[-43.41779758264758,-22.826213154838037],[-43.4204973,-22.8294965],[-43.4178542,-22.826383]],[[-43.41705062151686,-22.823972362416665],[-43.4171092,-22.8240521],[-43.417168246908865,-22.82432522426734],[-43.41705062151686,-22.823972362416665]],[[-43.414925570555894,-22.821302191981342],[-43.4151314,-22.8213599],[-43.41679219274409,-22.823620586735586],[-43.414925570555894,-22.821302191981342]],[[-43.4077616,-22.8211715],[-43.407675234080834,-22.821125195417565],[-43.4108613,-22.8201627],[-43.4077616,-22.8211715]],[[-43.4916452,-22.8022351],[-43.4919724,-22.8015819],[-43.491872326482635,-22.80278246972277],[-43.4916452,-22.8022351]],[[-43.422731873536186,-22.764552811948565],[-43.4229377,-22.7643409],[-43.42306237570623,-22.764421549539737],[-43.422731873536186,-22.764552811948565]],[[-43.397159460990174,-22.777582482440906],[-43.4107555,-22.7680614],[-43.4159942,-22.764991],[-43.4107447,-22.7680692],[-43.397159460990174,-22.777582482440906]],[[-43.37950259835962,-22.765447627251373],[-43.3851536,-22.7664558],[-43.38524297059463,-22.76653883421075],[-43.37950259835962,-22.765447627251373]],[[-43.4081385,-22.7895899],[-43.407889271701734,-22.789145001587855],[-43.40904869603056,-22.790328471209854],[-43.4081385,-22.7895899]],[[-43.5379121,-22.717622],[-43.5410855,-22.7220502],[-43.54108130065056,-22.72210492666154],[-43.5379121,-22.717622]],[[-43.540852083868636,-22.723675625002418],[-43.541006777246594,-22.723076128787188],[-43.5409674,-22.7235893],[-43.540852083868636,-22.723675625002418]],[[-43.5597123,-22.7579018],[-43.55968967633391,-22.7578854882151],[-43.5660116,-22.7561035],[-43.5597123,-22.7579018]],[[-43.60123639148891,-22.748266790916],[-43.60099987423966,-22.74841544627801],[-43.6010737,-22.7482962],[-43.60123639148891,-22.748266790916]],[[-43.60817822386695,-22.74715411454746],[-43.60232984035039,-22.748069132577317],[-43.6077868,-22.7470827],[-43.60817822386695,-22.74715411454746]],[[-43.6140712,-22.7493196],[-43.60933230827768,-22.74736467507502],[-43.6106731,-22.7476093],[-43.6140712,-22.7493196]],[[-43.6148083,-22.7504574],[-43.614822799571016,-22.750620468921735],[-43.6140712,-22.7493196],[-43.6148083,-22.7504574]],[[-43.6159663,-22.7618398],[-43.61596134515879,-22.761786963209644],[-43.616265163922925,-22.762275309622993],[-43.6159663,-22.7618398]],[[-43.6174669,-22.7640265],[-43.61720831779987,-22.763649689592818],[-43.6241281,-22.7703467],[-43.6174669,-22.7640265]],[[-43.5510269,-22.6794575],[-43.55139205827356,-22.679510737287412],[-43.548269,-22.6815294],[-43.5510269,-22.6794575]],[[-43.5142227,-22.6912896],[-43.5224871,-22.691724],[-43.51309127917129,-22.69150969570989],[-43.5142227,-22.6912896]],[[-43.512186,-22.6916858],[-43.51261488774022,-22.691602368310168],[-43.51311146147247,-22.691742138074925],[-43.512186,-22.6916858]],[[-43.5142325,-22.6941463],[-43.51364466880877,-22.691892219037978],[-43.513732,-22.6919168],[-43.5142325,-22.6941463]],[[-43.4154318,-22.7534817],[-43.42150079705461,-22.750706365076475],[-43.4208265,-22.7513557],[-43.4154318,-22.7534817]],[[-43.422030889174074,-22.750195896695367],[-43.4259672,-22.7433614],[-43.4225148,-22.7497299],[-43.422030889174074,-22.750195896695367]],[[-43.03704659484728,-22.685736506203714],[-43.0373773,-22.6862488],[-43.0375991,-22.6884507],[-43.03704659484728,-22.685736506203714]],[[-43.0381248,-22.6907229],[-43.038149321010685,-22.69062740055141],[-43.03910804385867,-22.691971446222084],[-43.0381248,-22.6907229]],[[-43.03902450577859,-22.49260455352264],[-43.0388833,-22.4927121],[-43.038677010257565,-22.49274654574008],[-43.03902450577859,-22.49260455352264]],[[-43.03702191622548,-22.493022909160587],[-43.03562488678349,-22.493256181607745],[-43.0356858,-22.493181],[-43.03702191622548,-22.493022909160587]],[[-43.03535137100468,-22.493593766079048],[-43.0347464,-22.4948443],[-43.03424766819535,-22.494956001672875],[-43.03535137100468,-22.493593766079048]],[[-43.028591231661615,-22.512447369123063],[-43.0286019,-22.5124777],[-43.028556466567686,-22.51261679555861],[-43.028591231661615,-22.512447369123063]],[[-43.02819312277705,-22.513729181415375],[-43.0281663,-22.5138113],[-43.027571578306606,-22.51380753225647],[-43.02819312277705,-22.513729181415375]],[[-43.025250277836136,-22.514100151454226],[-43.0229029,-22.515023],[-43.0241742,-22.5142358],[-43.025250277836136,-22.514100151454226]],[[-43.0225309,-22.6652902],[-43.0274015,-22.6657068],[-43.02743970907762,-22.6658002173496],[-43.0225309,-22.6652902]],[[-43.02187445057346,-22.740246133143586],[-43.0223073,-22.7399692],[-43.023093411604044,-22.740237386031634],[-43.02187445057346,-22.740246133143586]],[[-43.02138602892128,-22.74055862089393],[-43.0189805,-22.743328],[-43.0188634753137,-22.74337426295362],[-43.0206044,-22.7410587],[-43.02138602892128,-22.74055862089393]],[[-43.0178379,-22.7437797],[-43.01772381746937,-22.74370476781063],[-43.01819696589108,-22.743637751756523],[-43.0178379,-22.7437797]],[[-43.0008043,-22.7386135],[-43.0004516094854,-22.738501534137377],[-43.0056048,-22.7381201],[-43.0008043,-22.7386135]],[[-42.9999012,-22.7383268],[-42.9996199,-22.737359],[-43.000166562970456,-22.73841104267925],[-42.9999012,-22.7383268]],[[-42.885956062241625,-22.867636810080114],[-42.8885647,-22.8694706],[-42.885758586223794,-22.86766465485559],[-42.885956062241625,-22.867636810080114]],[[-42.88478016791712,-22.867608031462172],[-42.881573867159055,-22.868283537577422],[-42.883634,-22.8675417],[-42.88478016791712,-22.867608031462172]],[[-42.8790772,-22.8703215],[-42.87868453868096,-22.87032671676144],[-42.880263111745315,-22.86921043398155],[-42.8790772,-22.8703215]],[[-42.7356261,-22.8447689],[-42.7340988,-22.8428201],[-42.7371852,-22.8459064],[-42.7356261,-22.8447689]],[[-42.7149514,-22.8537133],[-42.71679582075976,-22.853266602622174],[-42.7162499,-22.8536783],[-42.7136198,-22.8537721],[-42.712278859177026,-22.85337167166362],[-42.7149514,-22.8537133]],[[-42.6599383,-22.8590112],[-42.6546093,-22.8569348],[-42.66022815862029,-22.858971775330513],[-42.6599383,-22.8590112]],[[-42.6465409,-22.8554815],[-42.64613186754737,-22.855319883854946],[-42.6502138,-22.8551625],[-42.6465409,-22.8554815]],[[-43.0781862,-22.8653809],[-43.07189597873953,-22.86645919573339],[-43.0737794,-22.8658816],[-43.0781862,-22.8653809]],[[-43.071697164645016,-22.866520166783864],[-43.0674153,-22.8695553],[-43.0714988,-22.866581],[-43.071697164645016,-22.866520166783864]],[[-43.0528583,-22.873044],[-43.0515146,-22.873252],[-43.05148953479587,-22.87323897302],[-43.0528583,-22.873044]],[[-43.034708112423885,-22.877207435612554],[-43.0346149,-22.877255],[-43.0328669,-22.876061],[-43.034708112423885,-22.877207435612554]],[[-43.02991722052601,-22.875428204521604],[-43.02883509897002,-22.875633025353384],[-43.0295662,-22.8753529],[-43.02991722052601,-22.875428204521604]],[[-43.02847163285403,-22.875772289381214],[-43.0263199165469,-22.877754631185397],[-43.0277484,-22.8760494],[-43.02847163285403,-22.875772289381214]],[[-43.0183654,-22.885083],[-43.0212452,-22.8820191],[-43.02297629998862,-22.880835051619403],[-43.0183654,-22.885083]],[[-43.01227557767153,-22.887747451078294],[-43.0086521,-22.8916058],[-43.0122027,-22.8877683],[-43.01227557767153,-22.887747451078294]],[[-42.99065276037901,-22.888300409984307],[-42.98925968249648,-22.890570322471422],[-42.9904542,-22.8883278],[-42.99065276037901,-22.888300409984307]],[[-42.98887290552843,-22.89120054557705],[-42.9887524,-22.8913969],[-42.9871187,-22.89261],[-42.98887290552843,-22.89120054557705]],[[-42.9856907,-22.9073574],[-42.9838462,-22.9092148],[-42.983782019194315,-22.909206917508754],[-42.9856907,-22.9073574]],[[-42.956587549670054,-22.90100619042121],[-42.9548863,-22.9027433],[-42.95408783194948,-22.90316259224095],[-42.956587549670054,-22.90100619042121]],[[-42.95288975371532,-22.90435699589633],[-42.9528455,-22.9042343],[-42.95291801537696,-22.90417174402036],[-42.95288975371532,-22.90435699589633]],[[-43.0219183,-22.9605275],[-43.0220265,-22.9648392],[-43.02167757867051,-22.96037494813046],[-43.0219183,-22.9605275]],[[-42.6631322109111,-22.908146193821636],[-42.6653466,-22.9074464],[-42.6632237,-22.9081929],[-42.6631322109111,-22.908146193821636]],[[-42.6552148,-22.9038481],[-42.655269043236174,-22.903869132473872],[-42.654296858212405,-22.90403203480512],[-42.6552148,-22.9038481]],[[-42.6520353,-22.9044852],[-42.65235318267131,-22.90442150349115],[-42.6510799,-22.9056718],[-42.6520353,-22.9044852]],[[-42.7334849,-22.8366558],[-42.73324139176787,-22.83913229478912],[-42.7330895,-22.8383652],[-42.7334849,-22.8366558]],[[-42.7432527,-22.8280939],[-42.7394529,-22.83138],[-42.74332484482639,-22.827912421371504],[-42.7432527,-22.8280939]],[[-42.743495,-22.8274844],[-42.74340443099411,-22.827712224222413],[-42.742838,-22.825991],[-42.743495,-22.8274844]],[[-42.7474987,-22.824085],[-42.7468297,-22.8242283],[-42.74812074550394,-22.82324138068868],[-42.7474987,-22.824085]],[[-42.745790426684756,-22.70297363299851],[-42.7483958,-22.7058701],[-42.7457874,-22.7029798],[-42.745790426684756,-22.70297363299851]],[[-43.015489785296616,-22.725670211253732],[-43.0151287,-22.7256969],[-43.01503537775701,-22.725559742151372],[-43.015489785296616,-22.725670211253732]],[[-42.97394650367054,-22.731334086898464],[-42.9735463,-22.7313296],[-42.97279117644083,-22.730649700875723],[-42.97394650367054,-22.731334086898464]],[[-42.95744148219725,-22.715411670567956],[-42.9573069,-22.7154401],[-42.9554121,-22.7134513],[-42.95744148219725,-22.715411670567956]],[[-42.9485988,-22.712335],[-42.94815355147529,-22.71201430859954],[-42.9554121,-22.7134513],[-42.9485988,-22.712335]],[[-42.94639816679197,-22.71074998824538],[-42.9457641,-22.7102933],[-42.945666991467455,-22.710129589859275],[-42.94639816679197,-22.71074998824538]],[[-42.93119232477448,-22.689908254004543],[-42.92922582810605,-22.689063680180286],[-42.93097,-22.6897507],[-42.93119232477448,-22.689908254004543]],[[-42.925208319317306,-22.687338234713657],[-42.9248967,-22.6872044],[-42.9216938,-22.6847637],[-42.925208319317306,-22.687338234713657]],[[-42.9188717,-22.6817038],[-42.91854298675604,-22.681050126214117],[-42.9216938,-22.6847637],[-42.9188717,-22.6817038]],[[-42.918224418953194,-22.680416627486665],[-42.9180308,-22.6800316],[-42.9174435,-22.6757703],[-42.918224418953194,-22.680416627486665]]],[[[-43.9596883,-22.933066],[-43.9595988,-22.9332299],[-43.9599753,-22.9333886],[-43.9596883,-22.933066]]],[[[-43.960864,-22.9325309],[-43.9607087,-22.9326089],[-43.9610476,-22.932843],[-43.960864,-22.9325309]]],[[[-43.8366344,-23.1160938],[-43.8354295,-23.1150392],[-43.8347445,-23.1157096],[-43.8363737,-23.1165043],[-43.8366344,-23.1160938]]],[[[-43.9909324,-23.0585875],[-43.991744,-23.0581996],[-43.9917206,-23.0576305],[-43.9886991,-23.0572598],[-43.9874079,-23.058006],[-43.9884758,-23.0589608],[-43.9869103,-23.0599581],[-43.9844106,-23.0596267],[-43.9824587,-23.0581788],[-43.9807758,-23.0563171],[-43.9778516,-23.04958],[-43.9737221,-23.0455041],[-43.9675302,-23.0437722],[-43.9650525,-23.0442308],[-43.963307,-23.0428878],[-43.9637289,-23.0420822],[-43.9633249,-23.0419487],[-43.9623232,-23.0419786],[-43.9615251,-23.0431069],[-43.9579161,-23.0426462],[-43.9544335,-23.0409264],[-43.9519806,-23.0429022],[-43.9503418,-23.0477504],[-43.9474778,-23.0504415],[-43.9395563,-23.0524454],[-43.9345572,-23.0556914],[-43.9333909,-23.057165],[-43.9290323,-23.0579541],[-43.9190156,-23.0583404],[-43.9161008,-23.0592741],[-43.9099001,-23.0621774],[-43.9028413,-23.0673054],[-43.8994668,-23.0687956],[-43.8924302,-23.0694485],[-43.8848883,-23.0683321],[-43.8823228,-23.0669963],[-43.878362,-23.0626166],[-43.8768133,-23.0566095],[-43.8773965,-23.0498313],[-43.8810184,-23.0421028],[-43.8856503,-23.0401924],[-43.8905013,-23.036852],[-43.8943852,-23.0329947],[-43.9088021,-23.0261953],[-43.9105992,-23.0229425],[-43.9129177,-23.0208761],[-43.9103453,-23.0215455],[-43.9084632,-23.0250642],[-43.9006891,-23.0296275],[-43.8900987,-23.033282],[-43.8854376,-23.035987],[-43.8811929,-23.0371595],[-43.8749155,-23.0409911],[-43.8655696,-23.0447203],[-43.854663,-23.0499598],[-43.8421013,-23.0543877],[-43.8283896,-23.0581518],[-43.8063413,-23.0613309],[-43.793141,-23.0614563],[-43.7539941,-23.059757],[-43.7366807,-23.0568802],[-43.7248815,-23.0558774],[-43.706992,-23.0530833],[-43.6953594,-23.050549],[-43.679,-23.0455597],[-43.6761231,-23.0455745],[-43.6743553,-23.0447134],[-43.6726317,-23.0447308],[-43.6666383,-23.0425727],[-43.6637037,-23.0407434],[-43.6624614,-23.0413179],[-43.6593867,-23.0404424],[-43.6591282,-23.0399061],[-43.6507469,-23.0376628],[-43.6430866,-23.0358933],[-43.6406831,-23.0360608],[-43.6309297,-23.0336928],[-43.6195283,-23.0329071],[-43.6140081,-23.0309819],[-43.6058013,-23.0338142],[-43.6049948,-23.0347481],[-43.604857,-23.036929],[-43.6039813,-23.0387066],[-43.6009396,-23.0405262],[-43.5930169,-23.0429178],[-43.5886301,-23.0429957],[-43.5861406,-23.0456032],[-43.577935,-23.0476659],[-43.5730083,-23.0513502],[-43.5675575,-23.0539761],[-43.5662616,-23.0551889],[-43.5659337,-23.0575378],[-43.567502,-23.0580528],[-43.5683296,-23.059611],[-43.5663433,-23.0617789],[-43.5669578,-23.0630043],[-43.5677539,-23.0630929],[-43.5721116,-23.0590631],[-43.5768952,-23.0563138],[-43.584429,-23.0539043],[-43.5990776,-23.0512423],[-43.6084857,-23.050364],[-43.6367526,-23.0505543],[-43.6976355,-23.054807],[-43.7003251,-23.0555642],[-43.7032251,-23.0554741],[-43.7043921,-23.0562554],[-43.7066407,-23.0556183],[-43.7079882,-23.0562068],[-43.7111544,-23.0558838],[-43.7191785,-23.0571473],[-43.7211474,-23.0566884],[-43.7225687,-23.0574129],[-43.7400634,-23.0584774],[-43.7528871,-23.0605118],[-43.7658721,-23.0617878],[-43.7836641,-23.0626873],[-43.8091362,-23.0664897],[-43.8270497,-23.0685143],[-43.8470545,-23.0717752],[-43.8820962,-23.0747432],[-43.910554,-23.0797602],[-43.9187326,-23.0805364],[-43.9255233,-23.0820437],[-43.9346205,-23.0831005],[-43.964113,-23.0890992],[-43.9695552,-23.0911606],[-43.9709895,-23.0943574],[-43.9732136,-23.0938249],[-43.9740939,-23.0947605],[-43.976752,-23.0957071],[-43.9798656,-23.0987381],[-43.9843976,-23.1000213],[-43.9859987,-23.1017876],[-43.9879975,-23.1024004],[-43.9908485,-23.102341],[-43.9950911,-23.1010258],[-43.996156,-23.1011678],[-43.9959917,-23.099469],[-43.9975663,-23.0986342],[-43.9980655,-23.0965466],[-44.0018159,-23.0959507],[-44.0045056,-23.0966894],[-44.0063407,-23.0965288],[-44.0053052,-23.095159],[-44.0057789,-23.0939065],[-44.0079809,-23.093983],[-44.0081392,-23.0871477],[-44.0091461,-23.0856365],[-44.0075597,-23.0829629],[-44.0084446,-23.0813518],[-44.0105805,-23.0794229],[-44.0118089,-23.0798999],[-44.0120495,-23.0794227],[-44.009238,-23.0760825],[-44.0071486,-23.0723538],[-44.0055012,-23.0718834],[-44.0042387,-23.0741876],[-44.0014698,-23.0735749],[-43.9985348,-23.0711098],[-43.9959314,-23.0679016],[-43.9934446,-23.0671053],[-43.991099,-23.0645579],[-43.9915533,-23.0614947],[-43.9909324,-23.0585875]]],[[[-43.65262,-23.0029127],[-43.6530348,-23.0034082],[-43.6530732,-23.0033808],[-43.65262,-23.0029127]]],[[[-43.660393,-22.999716],[-43.6610137,-22.9998104],[-43.6605879,-22.9994678],[-43.660393,-22.999716]]],[[[-43.659773,-22.9982149],[-43.6606733,-22.9989694],[-43.6606962,-22.9985682],[-43.6614238,-22.9987815],[-43.659773,-22.9982149]]],[[[-43.9122734,-22.9961469],[-43.9124803,-22.9969395],[-43.9132049,-22.9970306],[-43.9129565,-22.9962719],[-43.9122734,-22.9961469]]],[[[-43.9162169,-22.9947184],[-43.9159562,-22.9954559],[-43.9167669,-22.9953132],[-43.9164349,-22.9951066],[-43.9162169,-22.9947184]]],[[[-43.9097728,-22.993795],[-43.9100713,-22.9950162],[-43.9126592,-22.9952249],[-43.912958,-22.9958618],[-43.9135184,-22.994995],[-43.9123451,-22.9939832],[-43.9119904,-22.9919688],[-43.9102355,-22.9916925],[-43.9101357,-22.9905037],[-43.9088416,-22.9896894],[-43.907859,-22.9899124],[-43.9077193,-22.9909738],[-43.9097728,-22.993795]]],[[[-43.6961132,-22.9866622],[-43.6958843,-22.9862422],[-43.6952534,-22.98622],[-43.6952626,-22.9863552],[-43.6961132,-22.9866622]]],[[[-43.7028794,-22.9852251],[-43.703214,-22.9856646],[-43.7072881,-22.9867332],[-43.7028794,-22.9852251]]],[[[-43.9152848,-22.9814194],[-43.9150259,-22.9803191],[-43.9142364,-22.9798989],[-43.9090972,-22.9794579],[-43.9072678,-22.9814776],[-43.9104674,-22.9836344],[-43.9131628,-22.9839056],[-43.9146221,-22.9832846],[-43.9152848,-22.9814194]]],[[[-43.9166305,-22.9779923],[-43.9160622,-22.9785541],[-43.9166228,-22.9783245],[-43.9171547,-22.9789608],[-43.9166305,-22.9779923]]],[[[-43.9118586,-22.962308],[-43.9120166,-22.9606882],[-43.9109397,-22.960314],[-43.91133,-22.9623258],[-43.9118586,-22.962308]]],[[[-43.8763514,-22.9592423],[-43.8762186,-22.9590929],[-43.8760047,-22.9592355],[-43.8763514,-22.9592423]]],[[[-43.8738893,-22.9585594],[-43.8737726,-22.9581083],[-43.8722631,-22.9576843],[-43.8728767,-22.9584633],[-43.8738893,-22.9585594]]],[[[-43.8648825,-22.9555361],[-43.863876,-22.9554582],[-43.8636813,-22.9555308],[-43.8643385,-22.9557293],[-43.8648825,-22.9555361]]],[[[-43.8574345,-22.9547603],[-43.8594811,-22.9555582],[-43.8632448,-22.9556859],[-43.860813,-22.954427],[-43.8609295,-22.9528428],[-43.862412,-22.9521341],[-43.8608648,-22.9505523],[-43.8612289,-22.950033],[-43.8636794,-22.950477],[-43.8636756,-22.9476696],[-43.8627362,-22.9464699],[-43.8607482,-22.9460837],[-43.8596527,-22.9449861],[-43.8588914,-22.9452522],[-43.8606528,-22.9473151],[-43.8599985,-22.9502426],[-43.859604,-22.9506236],[-43.8557776,-22.9504527],[-43.8575258,-22.9518522],[-43.8579676,-22.9537256],[-43.8572826,-22.9540595],[-43.8574345,-22.9547603]]],[[[-43.8590114,-22.9462224],[-43.8570932,-22.9452667],[-43.8585147,-22.9461938],[-43.8590114,-22.9462224]]],[[[-43.8648837,-22.9458408],[-43.866339,-22.9458885],[-43.8661207,-22.9445463],[-43.8641865,-22.9450678],[-43.8648837,-22.9458408]]],[[[-43.9187069,-22.9406155],[-43.9164432,-22.94064],[-43.9152052,-22.9394326],[-43.9151327,-22.9416081],[-43.9200675,-22.9449095],[-43.9208374,-22.9447091],[-43.9205359,-22.9426541],[-43.9210648,-22.9421697],[-43.9187069,-22.9406155]]],[[[-43.9019991,-22.9303666],[-43.8989706,-22.9310986],[-43.8972998,-22.9329886],[-43.8964204,-22.9332409],[-43.8950123,-22.9325998],[-43.8938751,-22.9330044],[-43.8935374,-22.9340882],[-43.8930395,-22.933294],[-43.8923565,-22.9335452],[-43.8933799,-22.9310313],[-43.8926685,-22.9282474],[-43.8920166,-22.9280843],[-43.8900925,-22.9291274],[-43.888177,-22.9289862],[-43.8873924,-22.9298191],[-43.8868722,-22.9317348],[-43.8853469,-22.9296673],[-43.8851496,-22.9277616],[-43.8836694,-22.9270992],[-43.8824602,-22.9248429],[-43.8822238,-22.9487414],[-43.8832536,-22.9488452],[-43.8853267,-22.9478017],[-43.8862548,-22.9481899],[-43.8880579,-22.9499388],[-43.8882654,-22.9511436],[-43.8914754,-22.9528713],[-43.8923638,-22.954],[-43.8925944,-22.9563539],[-43.895701,-22.9575052],[-43.8970866,-22.9586743],[-43.8981746,-22.958294],[-43.9022793,-22.9590977],[-43.9070206,-22.9586654],[-43.9072828,-22.9578125],[-43.9099995,-22.9561181],[-43.9072045,-22.9536707],[-43.9075764,-22.952679],[-43.9089609,-22.9524799],[-43.9066691,-22.9518092],[-43.9064978,-22.9508856],[-43.9054391,-22.9505106],[-43.9055358,-22.9482845],[-43.9087999,-22.9444695],[-43.9118093,-22.9446699],[-43.9127955,-22.9439628],[-43.9130064,-22.9427588],[-43.9109268,-22.9413852],[-43.9115157,-22.9403884],[-43.9112047,-22.9386441],[-43.9125642,-22.9371076],[-43.9123251,-22.9351155],[-43.9081023,-22.9354009],[-43.9056408,-22.9339717],[-43.9042358,-22.9309269],[-43.9019991,-22.9303666]]],[[[-43.8539369,-22.9411689],[-43.8540552,-22.9416615],[-43.8548835,-22.9419101],[-43.8539369,-22.9411689]]],[[[-43.8678727,-22.9264068],[-43.8687816,-22.9272805],[-43.8683904,-22.9281427],[-43.8689625,-22.9301604],[-43.8712158,-22.9307575],[-43.8725517,-22.9326198],[-43.8722769,-22.9332396],[-43.874658,-22.9350605],[-43.8758354,-22.9375589],[-43.8772128,-22.9380705],[-43.8775343,-22.939566],[-43.8780979,-22.9397256],[-43.8776079,-22.9417404],[-43.8761372,-22.941667],[-43.8752399,-22.9425994],[-43.877266,-22.9435478],[-43.8769593,-22.946237],[-43.8759085,-22.9469163],[-43.8735806,-22.9457417],[-43.8726589,-22.9461802],[-43.8730954,-22.9480275],[-43.8790217,-22.9506848],[-43.8803082,-22.9504163],[-43.8799797,-22.9491863],[-43.8822238,-22.9487414],[-43.8823927,-22.9248297],[-43.8815448,-22.9245517],[-43.8774081,-22.9258176],[-43.8751053,-22.9245109],[-43.8736038,-22.9248803],[-43.8724755,-22.9241055],[-43.8699478,-22.9242978],[-43.868783,-22.9247442],[-43.8678727,-22.9264068]]],[[[-43.8880421,-22.9269646],[-43.8871512,-22.9267745],[-43.8875294,-22.9279797],[-43.8880814,-22.9279265],[-43.8880421,-22.9269646]]],[[[-43.7868877,-22.9264312],[-43.7848761,-22.9254482],[-43.7835204,-22.925576],[-43.7838778,-22.9279712],[-43.7858669,-22.9289115],[-43.7868877,-22.9264312]]],[[[-43.8650283,-22.9245841],[-43.8635137,-22.9253465],[-43.8649883,-22.925995],[-43.8661779,-22.9254755],[-43.8650283,-22.9245841]]],[[[-43.8127419,-22.925959],[-43.8130551,-22.9243183],[-43.8093125,-22.9227657],[-43.8105337,-22.9255492],[-43.8127419,-22.925959]]],[[[-43.8758351,-22.9234976],[-43.876266,-22.9244415],[-43.8763512,-22.923449],[-43.8758351,-22.9234976]]],[[[-43.8765917,-22.9225563],[-43.8766486,-22.9228027],[-43.8769444,-22.9227173],[-43.8765917,-22.9225563]]],[[[-43.814186,-22.9210627],[-43.8142949,-22.9206562],[-43.811522,-22.9188423],[-43.8106693,-22.9193512],[-43.810958,-22.9198847],[-43.814186,-22.9210627]]],[[[-43.8412112,-22.907634],[-43.8413477,-22.9076195],[-43.8411797,-22.9075131],[-43.8412112,-22.907634]]],[[[-43.8411115,-22.9074406],[-43.8413004,-22.9074019],[-43.841101,-22.9073681],[-43.8411115,-22.9074406]]],[[[-43.8405762,-22.9073004],[-43.8407336,-22.9073391],[-43.840996,-22.9070877],[-43.8405762,-22.9073004]]],[[[-43.8424709,-22.9063673],[-43.8424394,-22.9064882],[-43.8426126,-22.9064495],[-43.8424709,-22.9063673]]],[[[-43.8422289,-22.9064676],[-43.8419888,-22.9061358],[-43.8415486,-22.9060713],[-43.8416086,-22.9064676],[-43.8422289,-22.9064676]]],[[[-43.8401615,-22.9058887],[-43.8404974,-22.9065849],[-43.8407756,-22.9066429],[-43.8406076,-22.9059128],[-43.8401615,-22.9058887]]],[[[-43.8403085,-22.9062513],[-43.8400566,-22.9061304],[-43.8402927,-22.9064011],[-43.8403085,-22.9062513]]],[[[-43.8392168,-22.9057823],[-43.8392588,-22.9060579],[-43.8394425,-22.9059902],[-43.8392168,-22.9057823]]],[[[-43.8399096,-22.9055164],[-43.8396577,-22.9059709],[-43.8400251,-22.9056179],[-43.8399096,-22.9055164]]],[[[-43.8393165,-22.905763],[-43.8395632,-22.9059128],[-43.8395317,-22.9055261],[-43.8393165,-22.905763]]],[[[-43.8390174,-22.9054777],[-43.8389439,-22.9054487],[-43.838692,-22.9058597],[-43.8390174,-22.9054777]]],[[[-43.8387497,-22.90541],[-43.838629,-22.9054197],[-43.8386815,-22.9055696],[-43.8387497,-22.90541]]],[[[-43.5687587,-23.0815591],[-43.568857,-23.081643],[-43.5690928,-23.081295],[-43.5687587,-23.0815591]]],[[[-43.5593227,-23.0806166],[-43.5598151,-23.0813476],[-43.5610227,-23.080714],[-43.5617576,-23.0823296],[-43.5637863,-23.0819341],[-43.5636844,-23.0813329],[-43.5623834,-23.0807025],[-43.5613757,-23.0787373],[-43.5593227,-23.0806166]]],[[[-43.573504,-23.0734359],[-43.5742404,-23.0733013],[-43.5743033,-23.0727905],[-43.5730797,-23.0727848],[-43.573504,-23.0734359]]],[[[-43.5101568,-23.0657017],[-43.5128486,-23.0658754],[-43.5144112,-23.0653844],[-43.5125042,-23.0630016],[-43.5134513,-23.0625159],[-43.5123341,-23.0615355],[-43.5107029,-23.0613237],[-43.5110286,-23.0626326],[-43.5091634,-23.0631893],[-43.5079005,-23.0648463],[-43.5101568,-23.0657017]]],[[[-43.5127275,-23.0612089],[-43.5123245,-23.0606279],[-43.5110238,-23.0602108],[-43.5121508,-23.0613084],[-43.5127275,-23.0612089]]],[[[-43.5675662,-23.0596814],[-43.5674167,-23.0597754],[-43.5676039,-23.0600098],[-43.5675662,-23.0596814]]],[[[-43.5665432,-23.0589132],[-43.5662219,-23.0585992],[-43.5663619,-23.0591755],[-43.5665432,-23.0589132]]],[[[-43.5673161,-23.0595456],[-43.56769,-23.0592744],[-43.5673641,-23.0581308],[-43.5660339,-23.0580004],[-43.5673161,-23.0595456]]],[[[-43.5657055,-23.0587554],[-43.5658208,-23.0588165],[-43.5657942,-23.058694],[-43.5657055,-23.0587554]]],[[[-43.5629447,-23.0581021],[-43.5637771,-23.059093],[-43.5634442,-23.0573064],[-43.5629447,-23.0581021]]],[[[-43.565553,-23.0554198],[-43.5649187,-23.0571841],[-43.5652822,-23.0581504],[-43.5658519,-23.0569552],[-43.565553,-23.0554198]]],[[[-43.5636354,-23.053795],[-43.5632799,-23.0548362],[-43.5652088,-23.053321],[-43.5647336,-23.0532082],[-43.5636354,-23.053795]]],[[[-43.5094478,-23.0540974],[-43.5093859,-23.0529276],[-43.5079384,-23.0526682],[-43.5078443,-23.0534572],[-43.5094478,-23.0540974]]],[[[-43.5644696,-23.0522985],[-43.5665468,-23.0525091],[-43.5694914,-23.0509886],[-43.5646445,-23.0515383],[-43.5644696,-23.0522985]]],[[[-43.5690647,-23.0507377],[-43.5695996,-23.050791],[-43.5691866,-23.0507225],[-43.5690647,-23.0507377]]],[[[-43.5692071,-23.0504447],[-43.5702885,-23.0504101],[-43.5707828,-23.0496715],[-43.5696521,-23.0497736],[-43.5692071,-23.0504447]]],[[[-43.3106659,-23.0465068],[-43.3100743,-23.0466796],[-43.310018,-23.0473133],[-43.3105431,-23.0471614],[-43.3106659,-23.0465068]]],[[[-43.5836349,-23.0453251],[-43.5846608,-23.0443939],[-43.5846051,-23.044113],[-43.5828741,-23.0451917],[-43.5836349,-23.0453251]]],[[[-43.3100264,-23.0444831],[-43.3103945,-23.044505],[-43.3102276,-23.0440735],[-43.3100264,-23.0444831]]],[[[-43.5864838,-23.0429272],[-43.5857019,-23.0448191],[-43.5868401,-23.0443681],[-43.5883285,-23.042184],[-43.5864838,-23.0429272]]],[[[-43.5941727,-23.0420733],[-43.5916595,-23.0413276],[-43.5888586,-23.0419446],[-43.5889286,-23.042732],[-43.592515,-23.0426916],[-43.5941727,-23.0420733]]],[[[-43.593458,-23.0412712],[-43.5929719,-23.0410318],[-43.5931631,-23.0414404],[-43.593458,-23.0412712]]],[[[-43.580641,-23.0390565],[-43.5777723,-23.0428694],[-43.5779795,-23.0433799],[-43.5776581,-23.0439806],[-43.5792065,-23.0444761],[-43.5804365,-23.0403908],[-43.5814471,-23.039057],[-43.58385,-23.0377153],[-43.5867126,-23.0372662],[-43.5883049,-23.0356527],[-43.5857512,-23.0352976],[-43.580641,-23.0390565]]],[[[-43.3029748,-23.0369099],[-43.302351,-23.0379177],[-43.3025937,-23.0384381],[-43.3045522,-23.0379974],[-43.3062953,-23.0389389],[-43.3079446,-23.0387091],[-43.3067438,-23.0374122],[-43.3050899,-23.0372624],[-43.3039918,-23.0365046],[-43.3029748,-23.0369099]]],[[[-43.3167732,-23.0373663],[-43.3158176,-23.0373701],[-43.3156905,-23.0375791],[-43.3167732,-23.0373663]]],[[[-43.6026778,-23.0331034],[-43.6040217,-23.0291003],[-43.6026147,-23.0290076],[-43.5997047,-23.0276797],[-43.5956101,-23.0325224],[-43.5893103,-23.0357699],[-43.5866847,-23.0376997],[-43.5834076,-23.0383818],[-43.5808464,-23.0403723],[-43.5799297,-23.0445599],[-43.5784805,-23.0460902],[-43.5818866,-23.045542],[-43.5858283,-23.0423581],[-43.5896502,-23.040656],[-43.597093,-23.0402761],[-43.6022778,-23.039044],[-43.6033124,-23.0372566],[-43.6026778,-23.0331034]]],[[[-43.4695855,-23.0337579],[-43.4679143,-23.0358048],[-43.4675312,-23.0371321],[-43.4685005,-23.037895],[-43.4709241,-23.0377667],[-43.4703205,-23.0368523],[-43.4718174,-23.0366807],[-43.4721795,-23.0359347],[-43.4709539,-23.0347391],[-43.4708777,-23.0339326],[-43.4695855,-23.0337579]]],[[[-43.3047748,-23.0341165],[-43.3049926,-23.0340811],[-43.3048863,-23.0338533],[-43.3047748,-23.0341165]]],[[[-43.3055415,-23.0337282],[-43.3057554,-23.0332689],[-43.3052448,-23.0333678],[-43.3055415,-23.0337282]]],[[[-43.3012581,-23.0317408],[-43.298482,-23.0312524],[-43.2992251,-23.0332735],[-43.2982416,-23.0334307],[-43.2981692,-23.0338836],[-43.2993148,-23.0342453],[-43.3013229,-23.0332844],[-43.3012581,-23.0317408]]],[[[-43.6045365,-23.0307016],[-43.6040573,-23.0316982],[-43.6049803,-23.0331411],[-43.608478,-23.0312548],[-43.6110319,-23.0311929],[-43.6117687,-23.0304759],[-43.609577,-23.0295162],[-43.6045365,-23.0307016]]],[[[-43.2759234,-23.0288231],[-43.2752638,-23.0296282],[-43.2759664,-23.030672],[-43.2784288,-23.0301829],[-43.2759234,-23.0288231]]],[[[-43.603473,-23.0264482],[-43.6015449,-23.0264673],[-43.600129,-23.027347],[-43.602653,-23.0289126],[-43.6036577,-23.0287527],[-43.6045706,-23.0273863],[-43.603473,-23.0264482]]],[[[-43.6507861,-23.0025993],[-43.6503237,-23.0022245],[-43.650216,-23.0023699],[-43.6503745,-23.0026034],[-43.6507861,-23.0025993]]],[[[-43.2592036,-22.826619],[-43.2599221,-22.8250911],[-43.2579412,-22.8247778],[-43.2573967,-22.8252527],[-43.2576185,-22.8263446],[-43.2592036,-22.826619]]],[[[-43.2549066,-22.8243098],[-43.2545067,-22.8250336],[-43.2546615,-22.8253195],[-43.2555526,-22.8245265],[-43.2549066,-22.8243098]]],[[[-43.1996424,-23.0730123],[-43.198432,-23.0735462],[-43.1981354,-23.0745386],[-43.2000996,-23.0742082],[-43.2002461,-23.0732807],[-43.1996424,-23.0730123]]],[[[-43.1991038,-23.0714686],[-43.1988338,-23.0698671],[-43.1962586,-23.0677256],[-43.194482,-23.0671684],[-43.1921873,-23.0683854],[-43.1923978,-23.0689881],[-43.1910049,-23.0715474],[-43.1925113,-23.0730691],[-43.192222,-23.0735334],[-43.1927849,-23.0741021],[-43.1977048,-23.0726382],[-43.1991038,-23.0714686]]],[[[-43.200205,-23.0376688],[-43.2029039,-23.0382139],[-43.2057248,-23.0401347],[-43.2082679,-23.039866],[-43.2073591,-23.037833],[-43.2044616,-23.0377624],[-43.2005791,-23.0365597],[-43.1976906,-23.0344089],[-43.196773,-23.0347218],[-43.200205,-23.0376688]]],[[[-43.1961901,-23.0340727],[-43.1949153,-23.0324787],[-43.1946273,-23.0325956],[-43.1951951,-23.0337515],[-43.1961901,-23.0340727]]],[[[-43.1927475,-23.0316745],[-43.1934339,-23.0319273],[-43.1937543,-23.0317034],[-43.1928062,-23.0311369],[-43.1927475,-23.0316745]]],[[[-43.1912099,-23.029983],[-43.192579,-23.0302127],[-43.1925911,-23.0291298],[-43.1916547,-23.0288529],[-43.1912099,-23.029983]]],[[[-43.1952571,-23.0273684],[-43.1919032,-23.0253319],[-43.19058,-23.0255035],[-43.1899292,-23.0268838],[-43.1918192,-23.0277005],[-43.1952571,-23.0273684]]],[[[-43.2020918,-23.0274476],[-43.2055089,-23.0269298],[-43.2063349,-23.0259711],[-43.203097,-23.0253116],[-43.2010469,-23.025845],[-43.2008593,-23.0269949],[-43.2020918,-23.0274476]]],[[[-43.1836713,-23.0215977],[-43.1828016,-23.021392],[-43.1822844,-23.0237948],[-43.1838231,-23.022409],[-43.1836713,-23.0215977]]],[[[-43.1606336,-22.9129497],[-43.1578124,-22.9126264],[-43.160797,-22.916587],[-43.1614305,-22.9163296],[-43.1614718,-22.9148808],[-43.1606336,-22.9129497]]],[[[-43.1658531,-22.8970169],[-43.1668387,-22.8973358],[-43.1669949,-22.8968821],[-43.1660333,-22.8966266],[-43.1658531,-22.8970169]]],[[[-43.1717447,-22.8977217],[-43.1713463,-22.898661],[-43.1749591,-22.8975199],[-43.1758911,-22.8955642],[-43.1747178,-22.893148],[-43.1673432,-22.8954974],[-43.1681726,-22.8975192],[-43.1717447,-22.8977217]]],[[[-43.2081896,-22.8866101],[-43.2073618,-22.8890395],[-43.2088465,-22.8898597],[-43.209106,-22.8919522],[-43.2095292,-22.8910926],[-43.2086626,-22.8895056],[-43.2110945,-22.8871446],[-43.2081896,-22.8866101]]],[[[-43.1978184,-22.8877709],[-43.1955193,-22.8870905],[-43.1968771,-22.8880219],[-43.1978184,-22.8877709]]],[[[-43.1727751,-22.8831777],[-43.1736006,-22.8841491],[-43.1769236,-22.8842436],[-43.1755985,-22.8828116],[-43.1727751,-22.8831777]]],[[[-43.2360609,-22.8613992],[-43.2364997,-22.8539484],[-43.2393234,-22.8496487],[-43.2393725,-22.848363],[-43.2409658,-22.8466873],[-43.2399696,-22.8423247],[-43.2412533,-22.8404653],[-43.2432146,-22.8397307],[-43.2424769,-22.8370457],[-43.2415403,-22.8369582],[-43.2388018,-22.8390001],[-43.237579,-22.8392389],[-43.2322962,-22.8386143],[-43.2312928,-22.8376152],[-43.2321862,-22.8365686],[-43.2315814,-22.8361365],[-43.2300621,-22.8372269],[-43.2276827,-22.8370601],[-43.2254012,-22.8396165],[-43.2234427,-22.8395232],[-43.2219203,-22.8428321],[-43.2198399,-22.8448039],[-43.220029,-22.845487],[-43.220851,-22.8458111],[-43.2216712,-22.8486658],[-43.2220151,-22.8480484],[-43.2235083,-22.8478193],[-43.2241623,-22.8465974],[-43.2240337,-22.8449826],[-43.2224321,-22.8441761],[-43.2224614,-22.8431933],[-43.2248742,-22.8415698],[-43.2265267,-22.8416077],[-43.2310763,-22.8437952],[-43.2323972,-22.8472498],[-43.2305217,-22.851633],[-43.2277677,-22.8550707],[-43.2237938,-22.8582631],[-43.2221098,-22.8589193],[-43.2181023,-22.8588697],[-43.2152176,-22.8571739],[-43.2124651,-22.8585269],[-43.2098893,-22.8576481],[-43.2083874,-22.8583586],[-43.2090062,-22.8603645],[-43.2107258,-22.8598249],[-43.2127098,-22.860647],[-43.2144733,-22.8596883],[-43.2195113,-22.8617662],[-43.21805,-22.8633832],[-43.2166734,-22.8617629],[-43.2151223,-22.86367],[-43.2142705,-22.8659998],[-43.2146139,-22.8697692],[-43.2156652,-22.8705308],[-43.2200091,-22.8696406],[-43.2219459,-22.870743],[-43.2220303,-22.8701973],[-43.2277019,-22.8669953],[-43.2317157,-22.8664334],[-43.2322149,-22.865901],[-43.232462,-22.8630673],[-43.2360609,-22.8613992]]],[[[-43.1745304,-22.8389751],[-43.1757044,-22.8365899],[-43.174504,-22.8368361],[-43.1729587,-22.8386777],[-43.1745304,-22.8389751]]],[[[-43.1671192,-22.8292339],[-43.1671704,-22.8293253],[-43.1676038,-22.8292448],[-43.1671192,-22.8292339]]],[[[-43.2545362,-22.8254632],[-43.2543168,-22.8254988],[-43.2542621,-22.8257613],[-43.2545362,-22.8254632]]],[[[-43.1624787,-22.8197113],[-43.1627871,-22.8203193],[-43.1631482,-22.8199759],[-43.1624787,-22.8197113]]],[[[-43.1620445,-22.8112435],[-43.1612102,-22.8123167],[-43.1615947,-22.8142247],[-43.1606989,-22.8145943],[-43.1616626,-22.8151317],[-43.1645178,-22.8140461],[-43.1652629,-22.8130918],[-43.1649185,-22.8119791],[-43.1620445,-22.8112435]]],[[[-43.1856682,-22.784698],[-43.1828558,-22.7814805],[-43.182174,-22.7820054],[-43.1819332,-22.7834483],[-43.1792229,-22.7834166],[-43.1767352,-22.7812044],[-43.1764097,-22.7803137],[-43.1771022,-22.7790923],[-43.175811,-22.7780713],[-43.1757404,-22.7771677],[-43.1732604,-22.7765258],[-43.1722502,-22.7756489],[-43.1713021,-22.7769841],[-43.1727823,-22.7774768],[-43.1731903,-22.7792629],[-43.1711422,-22.7810369],[-43.1711849,-22.782215],[-43.1703485,-22.7829322],[-43.1692165,-22.7830784],[-43.1679873,-22.7824198],[-43.1690913,-22.7821167],[-43.1693671,-22.78115],[-43.1666658,-22.7792387],[-43.1664918,-22.7787264],[-43.1671634,-22.7783124],[-43.1662667,-22.7772361],[-43.1644925,-22.7769786],[-43.1639195,-22.7777297],[-43.1624787,-22.7781499],[-43.1580288,-22.7783942],[-43.156254,-22.7796329],[-43.1569752,-22.7812222],[-43.1555355,-22.784139],[-43.1565441,-22.7855675],[-43.1562747,-22.7862251],[-43.1577718,-22.7876267],[-43.1598943,-22.7883532],[-43.1605376,-22.7892749],[-43.1639866,-22.7903014],[-43.1691706,-22.7931634],[-43.1720111,-22.7957799],[-43.1724373,-22.7966994],[-43.1720996,-22.7979131],[-43.1739533,-22.7990468],[-43.1752112,-22.8011807],[-43.1777878,-22.8015301],[-43.1783521,-22.8020611],[-43.1779557,-22.8053561],[-43.1774034,-22.8060427],[-43.17728,-22.8106448],[-43.1761981,-22.8119921],[-43.1749464,-22.8125379],[-43.1763731,-22.8136652],[-43.176509,-22.8154315],[-43.1750014,-22.8180776],[-43.1749846,-22.8197431],[-43.1698408,-22.8217306],[-43.1672758,-22.8211418],[-43.1654546,-22.820065],[-43.1637877,-22.8225079],[-43.1681856,-22.8247338],[-43.1683799,-22.8256015],[-43.1677515,-22.8258709],[-43.1701907,-22.831244],[-43.1721528,-22.831652],[-43.1737019,-22.8311618],[-43.1746742,-22.8292441],[-43.173039,-22.8287182],[-43.1726462,-22.825297],[-43.1739833,-22.8241168],[-43.1755266,-22.823778],[-43.1767618,-22.8251001],[-43.1758158,-22.8272177],[-43.1774734,-22.8279211],[-43.1777133,-22.82834],[-43.1772641,-22.8284443],[-43.1783283,-22.8287992],[-43.1783071,-22.8294779],[-43.1801467,-22.8302193],[-43.1801295,-22.8312489],[-43.1847373,-22.8335841],[-43.1850753,-22.8328345],[-43.1845642,-22.8300555],[-43.1858775,-22.8293372],[-43.1896418,-22.8287218],[-43.1877323,-22.8277793],[-43.1877156,-22.8266203],[-43.1895371,-22.8219883],[-43.1911223,-22.8203098],[-43.192896,-22.8194602],[-43.1964472,-22.8188529],[-43.2039376,-22.8202086],[-43.204018,-22.8196967],[-43.2065365,-22.8193613],[-43.206758,-22.8183056],[-43.2085943,-22.8186438],[-43.2106963,-22.8180598],[-43.2090675,-22.8183485],[-43.2083999,-22.81623],[-43.2091108,-22.8160104],[-43.2097465,-22.8171669],[-43.2093801,-22.8160963],[-43.2102231,-22.8156526],[-43.2123501,-22.8161185],[-43.2145211,-22.8177604],[-43.2153898,-22.817087],[-43.216817,-22.8171808],[-43.2211448,-22.8195887],[-43.2209104,-22.8209932],[-43.2215758,-22.8191512],[-43.2223997,-22.8190002],[-43.2267189,-22.8206628],[-43.2307663,-22.823894],[-43.2309193,-22.8247422],[-43.2347235,-22.8284937],[-43.2376545,-22.8327381],[-43.2392021,-22.8338078],[-43.2415543,-22.8339428],[-43.2475315,-22.831071],[-43.2485843,-22.8302806],[-43.2488249,-22.8287878],[-43.2515099,-22.8285321],[-43.251761,-22.8260554],[-43.2500053,-22.825412],[-43.2504653,-22.8245807],[-43.2499967,-22.8237174],[-43.258655,-22.8196022],[-43.2609757,-22.81791],[-43.2619295,-22.8159374],[-43.2657276,-22.8126948],[-43.2656078,-22.8106667],[-43.263803,-22.8088516],[-43.2642459,-22.8082998],[-43.2621558,-22.8062275],[-43.2612778,-22.803954],[-43.2603275,-22.8041925],[-43.2617418,-22.8035099],[-43.2596493,-22.8008115],[-43.2571623,-22.7987914],[-43.2566881,-22.7974008],[-43.2552014,-22.7971493],[-43.254012,-22.7978491],[-43.252938,-22.7971549],[-43.2522037,-22.7973211],[-43.250905,-22.7961463],[-43.2490889,-22.7956014],[-43.2474686,-22.792949],[-43.2448483,-22.791868],[-43.2420186,-22.7919896],[-43.2393169,-22.790894],[-43.2360292,-22.7917715],[-43.2338843,-22.7915707],[-43.2334936,-22.7903227],[-43.2323394,-22.7902059],[-43.232358,-22.7896118],[-43.2310798,-22.7894814],[-43.2286076,-22.7875449],[-43.228281,-22.7860908],[-43.2287808,-22.7843944],[-43.229875,-22.7841588],[-43.2304084,-22.7848082],[-43.2308821,-22.7843838],[-43.2277205,-22.7835874],[-43.2204469,-22.7846545],[-43.2129798,-22.789135],[-43.2076901,-22.7949895],[-43.2053243,-22.7955285],[-43.1984863,-22.7936016],[-43.194423,-22.7951131],[-43.1932771,-22.7941662],[-43.1917483,-22.7945805],[-43.1913137,-22.794969],[-43.1916613,-22.7959913],[-43.1926754,-22.7963272],[-43.1912519,-22.7964501],[-43.1885841,-22.7945695],[-43.1894173,-22.79251],[-43.1881985,-22.789082],[-43.1884565,-22.7883847],[-43.1916197,-22.78776],[-43.190335,-22.7878469],[-43.1905648,-22.7869581],[-43.1899538,-22.7867117],[-43.1894001,-22.7831858],[-43.1876792,-22.7836538],[-43.1867227,-22.7847521],[-43.1856682,-22.784698]]],[[[-43.16869,-22.7998022],[-43.1684764,-22.8002393],[-43.1692805,-22.8006827],[-43.1693184,-22.8000545],[-43.16869,-22.7998022]]],[[[-43.1578494,-22.8002628],[-43.1576907,-22.799851],[-43.1574976,-22.8003369],[-43.1578494,-22.8002628]]],[[[-43.1558321,-22.7946262],[-43.1557448,-22.7946905],[-43.1558578,-22.7946625],[-43.1558321,-22.7946262]]],[[[-43.1560167,-22.7944039],[-43.1559536,-22.7943223],[-43.1559455,-22.7945125],[-43.1560167,-22.7944039]]],[[[-43.155801,-22.7940232],[-43.1557976,-22.7940406],[-43.155818,-22.7940363],[-43.155801,-22.7940232]]],[[[-43.153091,-22.7750969],[-43.1560065,-22.7752186],[-43.1582816,-22.7759848],[-43.1598409,-22.775495],[-43.1606822,-22.7748094],[-43.1599821,-22.7734014],[-43.1602359,-22.7718684],[-43.1619014,-22.7720511],[-43.1623295,-22.7716141],[-43.1609699,-22.7702263],[-43.158713,-22.7705677],[-43.1580878,-22.7720061],[-43.1561472,-22.7732159],[-43.1536357,-22.7730852],[-43.1527933,-22.7716867],[-43.1519536,-22.7739338],[-43.153091,-22.7750969]]],[[[-43.1689679,-22.7686955],[-43.168955,-22.7687517],[-43.1690324,-22.7687338],[-43.1689679,-22.7686955]]],[[[-43.1683305,-22.7687957],[-43.1682827,-22.7680551],[-43.1677171,-22.7678808],[-43.1675164,-22.7687329],[-43.1683305,-22.7687957]]],[[[-43.1687194,-22.7681246],[-43.1685772,-22.7679801],[-43.1686348,-22.7681626],[-43.1687194,-22.7681246]]],[[[-43.1686194,-22.7678096],[-43.1683633,-22.7678029],[-43.168282,-22.7678966],[-43.1686194,-22.7678096]]],[[[-43.1690991,-22.7675767],[-43.1691398,-22.7677126],[-43.1694116,-22.7675896],[-43.1690991,-22.7675767]]],[[[-43.1683123,-22.767559],[-43.1682517,-22.7676047],[-43.1683188,-22.7676741],[-43.1683123,-22.767559]]],[[[-43.1677525,-22.7676657],[-43.1679354,-22.7676103],[-43.1680182,-22.7674035],[-43.1677525,-22.7676657]]],[[[-43.1686334,-22.7675309],[-43.1687781,-22.7676402],[-43.1687434,-22.7673875],[-43.1686334,-22.7675309]]],[[[-43.1685193,-22.7675074],[-43.1686748,-22.7674035],[-43.1685109,-22.7673849],[-43.1685193,-22.7675074]]],[[[-43.1688206,-22.7671542],[-43.1689972,-22.7675666],[-43.1691488,-22.767158],[-43.1688206,-22.7671542]]],[[[-43.1682583,-22.7672629],[-43.1683608,-22.7672251],[-43.168251,-22.7672053],[-43.1682583,-22.7672629]]],[[[-43.168963,-22.7669799],[-43.1688834,-22.7669725],[-43.1689491,-22.767077],[-43.168963,-22.7669799]]],[[[-43.1691722,-22.7670238],[-43.1691572,-22.766999],[-43.1691132,-22.7670439],[-43.1691722,-22.7670238]]],[[[-43.1691755,-22.7669914],[-43.1692146,-22.7669971],[-43.1691802,-22.76695],[-43.1691755,-22.7669914]]],[[[-43.1691194,-22.7668972],[-43.1692349,-22.7668363],[-43.1691388,-22.7668015],[-43.1691194,-22.7668972]]],[[[-43.1686626,-22.7667452],[-43.1687136,-22.7668028],[-43.1687245,-22.7667212],[-43.1686626,-22.7667452]]],[[[-43.1691734,-22.7666214],[-43.1690895,-22.7666191],[-43.1691794,-22.7666979],[-43.1691734,-22.7666214]]],[[[-43.1813992,-22.7260196],[-43.181336,-22.7259322],[-43.180875,-22.7263752],[-43.1813992,-22.7260196]]],[[[-43.1481804,-23.0607288],[-43.1499041,-23.0599697],[-43.1482489,-23.0595842],[-43.142854,-23.0641021],[-43.1423288,-23.0658871],[-43.1459722,-23.0659191],[-43.1476736,-23.0650607],[-43.1483316,-23.0637663],[-43.1477835,-23.0622276],[-43.1483771,-23.0616737],[-43.1481804,-23.0607288]]],[[[-43.1473424,-22.9617134],[-43.1475211,-22.9634474],[-43.1489192,-22.9648993],[-43.148585,-22.9652492],[-43.1490111,-22.9658166],[-43.1504855,-22.9668506],[-43.1514301,-22.9667393],[-43.1493741,-22.9651591],[-43.1510556,-22.9643476],[-43.1498763,-22.9622756],[-43.1473424,-22.9617134]]],[[[-43.116708,-22.9520808],[-43.1154833,-22.951782],[-43.1149567,-22.9521266],[-43.116708,-22.9520808]]],[[[-43.1485785,-22.9354637],[-43.1484785,-22.9353103],[-43.1478977,-22.9352358],[-43.1485785,-22.9354637]]],[[[-43.1474193,-22.9346373],[-43.146137,-22.9342022],[-43.1472414,-22.9349869],[-43.1474193,-22.9346373]]],[[[-43.1251981,-22.9099705],[-43.1260928,-22.9106251],[-43.1257651,-22.9100391],[-43.1251981,-22.9099705]]],[[[-43.13083,-22.9089583],[-43.1311434,-22.9089982],[-43.130973,-22.9088549],[-43.13083,-22.9089583]]],[[[-43.1181298,-22.8757282],[-43.1186878,-22.8767204],[-43.1200404,-22.8772576],[-43.1221077,-22.8760492],[-43.1238527,-22.8765411],[-43.1250577,-22.874599],[-43.1223766,-22.8742162],[-43.118504,-22.8750332],[-43.1181298,-22.8757282]]],[[[-43.1383909,-22.8756323],[-43.1386209,-22.8747328],[-43.1375441,-22.8756937],[-43.1366352,-22.8738534],[-43.1381821,-22.8690814],[-43.1362871,-22.8680888],[-43.1326263,-22.8681586],[-43.1327839,-22.8696285],[-43.1346073,-22.8696509],[-43.1342912,-22.8708034],[-43.1335159,-22.8704769],[-43.1318933,-22.8710939],[-43.1317448,-22.8718354],[-43.1321994,-22.8721442],[-43.1315002,-22.8736786],[-43.1352225,-22.8755391],[-43.1373618,-22.8760819],[-43.1383909,-22.8756323]]],[[[-43.1302527,-22.8637617],[-43.1281757,-22.8615439],[-43.1263787,-22.862586],[-43.1264307,-22.8641019],[-43.1289613,-22.8662449],[-43.1302421,-22.8665078],[-43.1313862,-22.865892],[-43.1302527,-22.8637617]]],[[[-43.1189517,-22.8636816],[-43.1260606,-22.8627355],[-43.1266273,-22.8617527],[-43.1249284,-22.8605431],[-43.1242869,-22.8593599],[-43.1229561,-22.8587246],[-43.121672,-22.8594723],[-43.1167823,-22.8584791],[-43.1189517,-22.8636816]]],[[[-43.1170216,-22.8544688],[-43.116484,-22.8538366],[-43.1157838,-22.8537343],[-43.1159566,-22.8545422],[-43.1170216,-22.8544688]]],[[[-43.1204829,-22.8056914],[-43.1200197,-22.8061255],[-43.1209459,-22.8062847],[-43.1204829,-22.8056914]]],[[[-43.1233849,-22.8046441],[-43.1225634,-22.8044531],[-43.1222454,-22.8049313],[-43.1229032,-22.8054687],[-43.1232886,-22.8070455],[-43.1242558,-22.8059782],[-43.1233849,-22.8046441]]],[[[-43.1178632,-22.804431],[-43.1196142,-22.8038473],[-43.1192066,-22.8028097],[-43.1169553,-22.8025874],[-43.1168626,-22.8032081],[-43.1178632,-22.804431]]],[[[-43.1237333,-22.7992982],[-43.1239241,-22.7984052],[-43.1233092,-22.7978241],[-43.1227153,-22.7990135],[-43.1237333,-22.7992982]]],[[[-43.1112731,-22.7966236],[-43.1134386,-22.7973117],[-43.1137744,-22.796395],[-43.1116755,-22.7957002],[-43.1112731,-22.7966236]]],[[[-43.1226803,-22.7964815],[-43.1211983,-22.7956994],[-43.120957,-22.796254],[-43.1224202,-22.7971408],[-43.1226803,-22.7964815]]],[[[-43.1554995,-22.7946512],[-43.1554821,-22.7945875],[-43.1554395,-22.7946166],[-43.1554995,-22.7946512]]],[[[-43.1549061,-22.794168],[-43.1549003,-22.7942091],[-43.1549434,-22.7941746],[-43.1549061,-22.794168]]],[[[-43.1549869,-22.7941204],[-43.1549346,-22.7940974],[-43.1549412,-22.7941695],[-43.1549869,-22.7941204]]],[[[-43.1548603,-22.7941008],[-43.1548166,-22.7940911],[-43.1548594,-22.7941203],[-43.1548603,-22.7941008]]],[[[-43.1557611,-22.7945406],[-43.1557651,-22.7933956],[-43.1549548,-22.7935737],[-43.1556217,-22.7946455],[-43.1559639,-22.794612],[-43.1557611,-22.7945406]]],[[[-43.1557614,-22.7920472],[-43.1556964,-22.7920777],[-43.1557726,-22.7920813],[-43.1557614,-22.7920472]]],[[[-43.1554163,-22.7920527],[-43.1555043,-22.7920775],[-43.1554201,-22.7919869],[-43.1554163,-22.7920527]]],[[[-43.1554994,-22.7919315],[-43.1555123,-22.7919646],[-43.1555736,-22.7919227],[-43.1554994,-22.7919315]]],[[[-43.1556166,-22.7919178],[-43.1556962,-22.7919489],[-43.1556257,-22.7919028],[-43.1556166,-22.7919178]]],[[[-43.1555109,-22.7919003],[-43.1555393,-22.791904],[-43.1555176,-22.7918848],[-43.1555109,-22.7919003]]],[[[-43.1555392,-22.7918386],[-43.1555443,-22.7918963],[-43.1556058,-22.7918408],[-43.1555392,-22.7918386]]],[[[-43.155512,-22.7918157],[-43.1554847,-22.791835],[-43.1555205,-22.7918327],[-43.155512,-22.7918157]]],[[[-43.1558039,-22.7918093],[-43.155772,-22.791811],[-43.1558205,-22.7918368],[-43.1558039,-22.7918093]]],[[[-43.1553672,-22.7917392],[-43.1553979,-22.7917683],[-43.1553865,-22.7917366],[-43.1553672,-22.7917392]]],[[[-43.1557336,-22.7917008],[-43.1556745,-22.7916851],[-43.1557207,-22.7917776],[-43.1557336,-22.7917008]]],[[[-43.1522101,-22.7901853],[-43.1521532,-22.7902894],[-43.1523382,-22.7903036],[-43.1522101,-22.7901853]]],[[[-43.151228,-22.7895437],[-43.1516945,-22.7900938],[-43.1518328,-22.7907154],[-43.1516627,-22.7893975],[-43.151228,-22.7895437]]],[[[-43.1493106,-22.7888615],[-43.1485891,-22.789456],[-43.149538,-22.7891902],[-43.1493106,-22.7888615]]],[[[-43.1516425,-22.787385],[-43.1489157,-22.7867149],[-43.1486165,-22.7870465],[-43.1506347,-22.7880738],[-43.1516425,-22.787385]]],[[[-43.1372369,-22.7830852],[-43.1379118,-22.7833617],[-43.1383952,-22.782829],[-43.1375653,-22.782691],[-43.1372369,-22.7830852]]],[[[-43.1404458,-22.7816664],[-43.1404004,-22.7821525],[-43.1408925,-22.7819056],[-43.1404458,-22.7816664]]],[[[-43.1376318,-22.7760042],[-43.1381923,-22.777344],[-43.1385219,-22.7772706],[-43.1386663,-22.7764788],[-43.1376318,-22.7760042]]],[[[-43.1391562,-22.7768909],[-43.1399108,-22.777229],[-43.1396596,-22.7769489],[-43.1416024,-22.7765785],[-43.1413072,-22.7758967],[-43.1395876,-22.7760588],[-43.1391562,-22.7768909]]],[[[-43.1153407,-22.7704247],[-43.1151257,-22.7697053],[-43.1144195,-22.7696742],[-43.1153407,-22.7704247]]],[[[-43.117101,-22.7694702],[-43.1171168,-22.7691241],[-43.11638,-22.7692197],[-43.117101,-22.7694702]]],[[[-43.120082,-22.7584578],[-43.1210478,-22.7573271],[-43.1209014,-22.7564852],[-43.1193649,-22.7559331],[-43.1192751,-22.75446],[-43.1180821,-22.7535339],[-43.1166943,-22.7539948],[-43.1169157,-22.7548269],[-43.1164073,-22.7553179],[-43.1145305,-22.7558728],[-43.1145418,-22.75637],[-43.1171925,-22.7569636],[-43.1181328,-22.7584635],[-43.120082,-22.7584578]]],[[[-43.1256426,-22.7465821],[-43.1260756,-22.7469227],[-43.1240999,-22.7483214],[-43.1261048,-22.7472208],[-43.1275803,-22.7482786],[-43.1288607,-22.7479705],[-43.128946,-22.7465507],[-43.1256426,-22.7465821]]],[[[-42.9293145,-23.0252285],[-42.9293604,-23.0249281],[-42.9290726,-23.0251823],[-42.9293145,-23.0252285]]],[[[-42.9289629,-23.024279],[-42.9281596,-23.0221545],[-42.9253828,-23.0206662],[-42.9251525,-23.021489],[-42.9278811,-23.0242942],[-42.9289629,-23.024279]]],[[[-42.9208822,-23.0175628],[-42.9217726,-23.0172574],[-42.9238955,-23.0186381],[-42.9209031,-23.0128741],[-42.9183715,-23.0116404],[-42.9174606,-23.0098009],[-42.9150601,-23.0076712],[-42.9144983,-23.0075864],[-42.9148459,-23.0081523],[-42.9132115,-23.0077436],[-42.913078,-23.008929],[-42.9166776,-23.0117601],[-42.9163784,-23.0124191],[-42.9185326,-23.0141792],[-42.9183093,-23.014807],[-42.9195678,-23.0166491],[-42.9208822,-23.0175628]]],[[[-42.9076342,-23.007403],[-42.9087963,-23.0074534],[-42.9069039,-23.0055754],[-42.9070692,-23.0066639],[-42.9076342,-23.007403]]],[[[-42.907249,-23.0049068],[-42.9078036,-23.0057506],[-42.9095123,-23.0059066],[-42.9077122,-23.0046887],[-42.907249,-23.0049068]]],[[[-43.0810303,-22.9857223],[-43.0807369,-22.9865091],[-43.0816773,-22.9879672],[-43.085687,-22.9896596],[-43.0882977,-22.9890301],[-43.088868,-22.9880208],[-43.0841497,-22.9857329],[-43.0810303,-22.9857223]]],[[[-43.0621846,-22.9826881],[-43.0628247,-22.9840805],[-43.0672642,-22.9862406],[-43.0685036,-22.985876],[-43.0677516,-22.9844973],[-43.068247,-22.9840114],[-43.0676585,-22.9828685],[-43.0637255,-22.982154],[-43.0626555,-22.9811288],[-43.0628689,-22.9821437],[-43.0621846,-22.9826881]]],[[[-43.0532935,-22.9801393],[-43.0548302,-22.9811096],[-43.055195,-22.9807073],[-43.0542769,-22.9777915],[-43.0531349,-22.977194],[-43.0527562,-22.9787442],[-43.0532935,-22.9801393]]],[[[-42.6920402,-22.9621758],[-42.6917335,-22.961762],[-42.6910058,-22.9621298],[-42.6911984,-22.9622875],[-42.6920402,-22.9621758]]],[[[-43.1040944,-22.9554412],[-43.1020937,-22.9553149],[-43.1021184,-22.9568967],[-43.1050291,-22.9576214],[-43.1056862,-22.9570805],[-43.1040944,-22.9554412]]],[[[-42.4681322,-22.9434711],[-42.4690635,-22.9445661],[-42.469455,-22.9444156],[-42.4691141,-22.9436094],[-42.4681322,-22.9434711]]],[[[-42.4767662,-22.9398093],[-42.4761271,-22.9393112],[-42.4757127,-22.9394354],[-42.4761442,-22.940489],[-42.4767662,-22.9398093]]],[[[-42.4755365,-22.9392369],[-42.4755793,-22.9389311],[-42.4753008,-22.9391284],[-42.4755365,-22.9392369]]],[[[-42.474926,-22.9386254],[-42.4748831,-22.9385563],[-42.4745618,-22.9387536],[-42.474926,-22.9386254]]],[[[-42.4742405,-22.9381618],[-42.4744226,-22.9385169],[-42.4743476,-22.938073],[-42.4742405,-22.9381618]]],[[[-42.4734587,-22.9385464],[-42.4737479,-22.9380434],[-42.473373,-22.9382703],[-42.4734587,-22.9385464]]],[[[-43.1014419,-22.931113],[-43.1018507,-22.9313693],[-43.101611,-22.9309624],[-43.1014419,-22.931113]]],[[[-43.1057632,-22.846297],[-43.1036996,-22.845851],[-43.1034507,-22.8466431],[-43.1040084,-22.8477714],[-43.106046,-22.8483766],[-43.1064042,-22.8478755],[-43.1057632,-22.846297]]],[[[-43.1077118,-22.847041],[-43.1083093,-22.8474311],[-43.1084402,-22.8472489],[-43.1079344,-22.8464784],[-43.1077118,-22.847041]]],[[[-43.113882,-22.8351236],[-43.1155404,-22.8335599],[-43.1149244,-22.8324227],[-43.1125078,-22.8315698],[-43.1115127,-22.8303851],[-43.1083854,-22.8311907],[-43.1047395,-22.8347661],[-43.1062218,-22.8391769],[-43.1060411,-22.8398999],[-43.1066737,-22.8396649],[-43.1078126,-22.8407857],[-43.109548,-22.840153],[-43.1127656,-22.8348384],[-43.113882,-22.8351236]]],[[[-43.1002847,-22.8234238],[-43.0978195,-22.8225937],[-43.0963947,-22.8197904],[-43.0952036,-22.819227],[-43.0938192,-22.8199606],[-43.093104,-22.8213496],[-43.093264,-22.8222524],[-43.0944045,-22.8229823],[-43.0956743,-22.822985],[-43.0964777,-22.8239774],[-43.0961941,-22.8250408],[-43.0972339,-22.8251117],[-43.1019599,-22.8296959],[-43.1028579,-22.8300268],[-43.104392,-22.8293752],[-43.1022739,-22.8277942],[-43.1012859,-22.8243551],[-43.1002847,-22.8234238]]],[[[-43.1116657,-22.8016682],[-43.110609,-22.8017257],[-43.1092142,-22.8000107],[-43.1081315,-22.8008408],[-43.110323,-22.8018562],[-43.1117227,-22.8032372],[-43.1116657,-22.8016682]]],[[[-43.1042459,-22.7919191],[-43.1050424,-22.7910266],[-43.103878,-22.7906621],[-43.104606,-22.791358],[-43.1042459,-22.7919191]]],[[[-43.1065852,-22.7913847],[-43.1048566,-22.790282],[-43.1061515,-22.7917072],[-43.1065852,-22.7913847]]],[[[-43.100933,-22.7893576],[-43.1008972,-22.7896043],[-43.10163,-22.7899106],[-43.100933,-22.7893576]]],[[[-43.0990485,-22.7886082],[-43.1002777,-22.7893172],[-43.1005769,-22.7889614],[-43.0994907,-22.7882523],[-43.0990485,-22.7886082]]],[[[-43.1051169,-22.7774427],[-43.1061741,-22.7777715],[-43.1069999,-22.7769273],[-43.1060832,-22.7765012],[-43.1051169,-22.7774427]]],[[[-43.0723496,-22.7743223],[-43.0724667,-22.7744241],[-43.0726628,-22.774246],[-43.0723496,-22.7743223]]],[[[-43.0735639,-22.7745453],[-43.0743119,-22.7741117],[-43.0737975,-22.7733237],[-43.0728482,-22.7736571],[-43.0735639,-22.7745453]]],[[[-43.101659,-22.7625557],[-43.1015264,-22.762939],[-43.1021506,-22.7632782],[-43.1022814,-22.7628136],[-43.101659,-22.7625557]]],[[[-43.0698784,-22.7606651],[-43.0697439,-22.7602119],[-43.0695944,-22.7606437],[-43.0698784,-22.7606651]]],[[[-43.1088477,-22.7502155],[-43.1093984,-22.7489551],[-43.1072653,-22.7497601],[-43.1055841,-22.7486591],[-43.1054198,-22.7498046],[-43.1042596,-22.7509573],[-43.1024625,-22.7506098],[-43.1019874,-22.7523237],[-43.103179,-22.7534101],[-43.103986,-22.7533887],[-43.1045712,-22.7544042],[-43.1070618,-22.7550889],[-43.1074355,-22.756496],[-43.1084921,-22.7576113],[-43.1072549,-22.761514],[-43.1067052,-22.7614379],[-43.107116,-22.7619834],[-43.1064527,-22.7619884],[-43.1072156,-22.7626784],[-43.1069143,-22.7632276],[-43.106127,-22.7638059],[-43.104707,-22.7628451],[-43.1026585,-22.7634233],[-43.1024787,-22.7650914],[-43.1034393,-22.7656236],[-43.1029114,-22.7659598],[-43.104445,-22.7660587],[-43.1051306,-22.766773],[-43.1051095,-22.7676885],[-43.1064429,-22.7677645],[-43.1082432,-22.7699895],[-43.1111605,-22.769486],[-43.1143769,-22.7674686],[-43.1135632,-22.766652],[-43.1113689,-22.7666682],[-43.1103893,-22.7657354],[-43.1103431,-22.7629603],[-43.1113855,-22.7604514],[-43.1098434,-22.7593377],[-43.1099479,-22.758663],[-43.1128135,-22.7540699],[-43.1123229,-22.7530879],[-43.1105675,-22.752948],[-43.1091647,-22.7517882],[-43.1088477,-22.7502155]]],[[[-43.0272983,-22.7439884],[-43.0296657,-22.7468488],[-43.0308369,-22.7472093],[-43.0327348,-22.7423874],[-43.0307277,-22.7403884],[-43.0272983,-22.7439884]]],[[[-43.0635366,-22.6945069],[-43.0636143,-22.6947671],[-43.0642271,-22.694283],[-43.0635366,-22.6945069]]],[[[-43.1053583,-22.6919669],[-43.1048706,-22.6919736],[-43.1052345,-22.6923966],[-43.1053583,-22.6919669]]],[[[-43.0606399,-22.6895605],[-43.0606884,-22.6906017],[-43.061964,-22.6907154],[-43.0606399,-22.6895605]]]]}}]}