{"type":"FeatureCollection","features":[{"type":"Feature","properties":{"geometry_key":"area|area_medias_conc_urb_rj","type":"area_estudo","area_col":"area_medias_conc_urb_rj","area_label":"Rio de Janeiro - Médias Conc. Urbanas","label":"Rio de Janeiro - Médias Conc. Urbanas"},"geometry":{"type":"MultiPolygon","coordinates":[[[[-41.9780905,-22.983509],[-41.9763882,-22.9841585],[-41.9768181,-22.9845048],[-41.9766943,-22.9856266],[-41.9755665,-22.9863766],[-41.9752063,-22.9881378],[-41.973828,-22.9897594],[-41.9747836,-22.9924223],[-41.9765003,-22.9927117],[-41.978142,-22.9941136],[-41.9784559,-22.9949563],[-41.9778724,-22.9968467],[-41.9785794,-22.9978839],[-41.9844448,-23.0019547],[-41.9836511,-23.002834],[-41.9840565,-23.0032807],[-41.9853307,-23.0031894],[-41.984956,-23.0046556],[-41.985347,-23.0049729],[-41.9867291,-23.0052573],[-41.9860114,-23.0036896],[-41.9888367,-23.0048196],[-41.9879854,-23.0033355],[-41.9894302,-23.0030402],[-41.991726,-23.0037363],[-41.9920865,-23.0046564],[-41.9943407,-23.0047724],[-41.9952677,-23.0054956],[-41.9980758,-23.0061509],[-41.996484,-23.0079742],[-41.9982944,-23.0093958],[-41.997764,-23.0097447],[-41.9983978,-23.0113495],[-41.9976769,-23.0117629],[-42.000174,-23.0146912],[-42.0006858,-23.016712],[-42.0005688,-23.0145325],[-42.0024854,-23.0144833],[-42.0024856,-23.0131654],[-42.0049447,-23.0138397],[-42.0046929,-23.0134394],[-42.0054162,-23.0132409],[-42.0046798,-23.0120155],[-42.0068878,-23.0111668],[-42.0058597,-23.0086295],[-42.0065024,-23.008998],[-42.0062675,-23.0082764],[-42.0072177,-23.0084068],[-42.0066686,-23.0070955],[-42.0081172,-23.0075065],[-42.0076235,-23.005979],[-42.008441,-23.0055074],[-42.0096098,-23.005945],[-42.009438,-23.0053997],[-42.0121131,-23.0032055],[-42.0114825,-23.0023071],[-42.0128445,-23.0023538],[-42.0128553,-23.0013534],[-42.0120999,-23.000924],[-42.0128506,-23.000278],[-42.0133866,-23.0004758],[-42.0130466,-22.9988898],[-42.0122759,-22.9985793],[-42.0107701,-23.0005425],[-42.0071369,-23.0029649],[-42.0058833,-23.0028435],[-42.0047914,-23.0021481],[-42.0037401,-23.0004377],[-42.0030082,-22.9977938],[-42.003291,-22.9933547],[-42.0018981,-22.9913234],[-42.0002948,-22.9908764],[-41.9981187,-22.992414],[-41.9971724,-22.9914593],[-41.9959236,-22.9911991],[-41.9962441,-22.9890382],[-41.9946413,-22.9881722],[-41.9943958,-22.9875153],[-41.9922842,-22.987098],[-41.9921949,-22.9854035],[-41.9908393,-22.9850907],[-41.9903093,-22.9841818],[-41.9885547,-22.983485],[-41.9859777,-22.9808806],[-41.9850326,-22.980504],[-41.9839906,-22.9809631],[-41.9826367,-22.9787639],[-41.9818053,-22.9791008],[-41.9783861,-22.9778921],[-41.9776527,-22.9781543],[-41.978283,-22.9792243],[-41.9769062,-22.9795289],[-41.976581,-22.9802806],[-41.9774907,-22.9822609],[-41.9781881,-22.9826012],[-41.9780905,-22.983509]]],[[[-42.0375546,-22.9837843],[-42.0369794,-22.9842672],[-42.0373961,-22.9846926],[-42.0375546,-22.9837843]]],[[[-42.0381385,-22.9805697],[-42.0372045,-22.9808699],[-42.0382338,-22.98335],[-42.038761,-22.9822202],[-42.0381385,-22.9805697]]],[[[-41.9938558,-22.96849],[-41.9931551,-22.9633977],[-41.9914622,-22.9629372],[-41.989385,-22.9634905],[-41.9864869,-22.9633009],[-41.9854331,-22.9638371],[-41.9884287,-22.9683396],[-41.99248,-22.9693833],[-41.9938558,-22.96849]]],[[[-42.028767,-22.9398624],[-42.0291758,-22.9415138],[-42.0299856,-22.9420572],[-42.0297465,-22.9403221],[-42.028767,-22.9398624]]],[[[-42.1095754,-22.9514888],[-42.1114053,-22.9508218],[-42.1187856,-22.9506742],[-42.1198907,-22.9499922],[-42.1325929,-22.9493542],[-42.1349644,-22.9486701],[-42.1792382,-22.9449553],[-42.2284004,-22.9417527],[-42.2812248,-22.9394692],[-42.2829808,-22.926228],[-42.281289,-22.9253957],[-42.2772936,-22.9213809],[-42.2761147,-22.9191175],[-42.2749348,-22.9142658],[-42.2755183,-22.9104037],[-42.2771685,-22.9064141],[-42.2790701,-22.9030485],[-42.2826298,-22.9001505],[-42.2370322,-22.8635318],[-42.2306542,-22.8728057],[-42.2115825330027,-22.877609426179138],[-42.176658,-22.8275925],[-42.1924298,-22.8215792],[-42.1928189,-22.81357],[-42.1973477,-22.8035387],[-42.196572,-22.8010572],[-42.1943943,-22.800199],[-42.2003285,-22.7951966],[-42.1927258,-22.7892466],[-42.1992965,-22.7827827],[-42.2007763,-22.7833989],[-42.2019421,-22.783152],[-42.2036043,-22.781708],[-42.2040048,-22.7802102],[-42.2070868,-22.7818396],[-42.2091107,-22.7852359],[-42.2538856,-22.7919852],[-42.2183989,-22.7702369],[-42.1668979,-22.6804252],[-42.157238,-22.6726262],[-42.1543626,-22.6717942],[-42.1538403,-22.6704744],[-42.1517828,-22.6694825],[-42.15017,-22.6664589],[-42.1430192,-22.6582282],[-42.1425137,-22.6564217],[-42.1384337,-22.6573215],[-42.133527,-22.6548067],[-42.1318952,-22.6533646],[-42.1824031,-22.5526761],[-42.181840807846015,-22.552429018577822],[-42.1824896,-22.5526945],[-42.1822147,-22.5511212],[-42.1834886,-22.5515252],[-42.185457,-22.5507153],[-42.1864459,-22.5511674],[-42.1863517,-22.5516524],[-42.1852828,-22.5518125],[-42.1865637,-22.5528014],[-42.1858338,-22.5539645],[-42.1874113,-22.5545814],[-42.1865213,-22.5554149],[-42.1869233,-22.5554911],[-42.1886404,-22.5546521],[-42.1881035,-22.5531169],[-42.1895916,-22.5527308],[-42.1904769,-22.5517513],[-42.1905058,-22.5491308],[-42.1931514,-22.547783],[-42.1981098,-22.5484319],[-42.1982762,-22.5476],[-42.1988502,-22.5475267],[-42.1983926,-22.5468679],[-42.2040166,-22.5448379],[-42.2032512,-22.542808],[-42.2036505,-22.541976],[-42.2080765,-22.541011],[-42.2082262,-22.5401624],[-42.2096072,-22.5405451],[-42.2136338,-22.5385484],[-42.2217532,-22.5396459],[-42.2264152,-22.5420191],[-42.2287218,-22.5417314],[-42.2301144,-22.5409589],[-42.2321395,-22.5422444],[-42.2338909,-22.5422904],[-42.2407885,-22.5461524],[-42.2463958,-22.5458529],[-42.2491079,-22.5467847],[-42.2502727,-22.5464186],[-42.2519199,-22.5435734],[-42.2529349,-22.538981],[-42.2542993,-22.5358862],[-42.2542826,-22.5338895],[-42.2565997,-22.5320029],[-42.2577078,-22.5327473],[-42.2590873,-22.53216],[-42.2587185,-22.531484],[-42.2595995,-22.5301591],[-42.2592102,-22.5288479],[-42.2606785,-22.5280694],[-42.2606487,-22.5274111],[-42.261976,-22.5272499],[-42.2621195,-22.5268347],[-42.2614041,-22.5265019],[-42.2628184,-22.5264353],[-42.2646154,-22.5229245],[-42.2647152,-22.5207282],[-42.2656969,-22.5197631],[-42.2655804,-22.5183655],[-42.2640829,-22.5180826],[-42.2637169,-22.5174004],[-42.2639997,-22.5149212],[-42.2631844,-22.5123921],[-42.2634673,-22.5116766],[-42.2627685,-22.510046],[-42.2621029,-22.5097964],[-42.2624523,-22.508066],[-42.2615039,-22.5066683],[-42.262949,-22.5019771],[-42.2638855,-22.5016145],[-42.2629694,-22.5000599],[-42.263557,-22.5003514],[-42.2640429,-22.4993519],[-42.2643066,-22.4997545],[-42.2644824,-22.4992409],[-42.2674436,-22.4983988],[-42.2677721,-22.4975521],[-42.2684754,-22.497913],[-42.2691833,-22.4972699],[-42.2686327,-22.4964416],[-42.2692481,-22.4953821],[-42.2687068,-22.4949425],[-42.2694285,-22.493994],[-42.2688733,-22.4919767],[-42.2695674,-22.4918333],[-42.2699236,-22.4910236],[-42.2702151,-22.4922219],[-42.2707842,-22.4906164],[-42.2707241,-22.488997],[-42.2700162,-22.4882891],[-42.2705482,-22.4883076],[-42.2704048,-22.4866558],[-42.2709785,-22.486406],[-42.2703354,-22.4857489],[-42.2715885,-22.4856654],[-42.2715106,-22.4849068],[-42.2722047,-22.4851752],[-42.272163,-22.484458],[-42.2728293,-22.4846292],[-42.2730699,-22.4838982],[-42.2736575,-22.4846709],[-42.273713,-22.4837316],[-42.274023,-22.4842221],[-42.2750733,-22.4838288],[-42.2756054,-22.4842915],[-42.2761699,-22.4839537],[-42.2760172,-22.4834494],[-42.2772109,-22.4830885],[-42.2766372,-22.4826397],[-42.2772564,-22.4826821],[-42.2769241,-22.4817883],[-42.2757165,-22.4811221],[-42.2770577,-22.4808686],[-42.2773544,-22.4799191],[-42.2778697,-22.4803233],[-42.2775441,-22.4794888],[-42.2779235,-22.4789382],[-42.2789044,-22.4797062],[-42.2797048,-22.4790353],[-42.2806193,-22.4794408],[-42.2821292,-22.4782316],[-42.2824881,-22.4787986],[-42.2829259,-22.4780234],[-42.2824665,-22.4777292],[-42.2833619,-22.4777151],[-42.2837728,-22.476954],[-42.2844761,-22.4772698],[-42.2840383,-22.476265],[-42.2845982,-22.4764373],[-42.2850647,-22.4759492],[-42.2845407,-22.4752602],[-42.2852585,-22.4751597],[-42.284146,-22.4745568],[-42.2845766,-22.4740831],[-42.2851508,-22.4744779],[-42.2852226,-22.4730927],[-42.2858183,-22.4719443],[-42.2864212,-22.4719084],[-42.2861341,-22.4710974],[-42.287103,-22.4716931],[-42.2872609,-22.4709108],[-42.2885743,-22.4703223],[-42.2877489,-22.4696261],[-42.2887968,-22.4692744],[-42.2883088,-22.4685854],[-42.2892418,-22.4684777],[-42.2884738,-22.4676954],[-42.2892562,-22.467516],[-42.2894212,-22.4662456],[-42.288804,-22.4658581],[-42.2891485,-22.4655207],[-42.2899452,-22.4656356],[-42.2899308,-22.4651906],[-42.2914165,-22.4645662],[-42.2925361,-22.4647958],[-42.2930098,-22.4639417],[-42.2938424,-22.4643365],[-42.2946247,-22.4658078],[-42.2976249,-22.4674674],[-42.3024614,-22.4644647],[-42.302009,-22.4616958],[-42.3039629,-22.4585019],[-42.3040771,-22.4568507],[-42.3033952,-22.4558746],[-42.3018737,-22.4551784],[-42.3021211,-22.4532213],[-42.2982184,-22.4489374],[-42.2977751,-22.4448606],[-42.2968222,-22.4434271],[-42.2967186,-22.4413432],[-42.2953804,-22.4402618],[-42.2952892,-22.438356],[-42.2937381,-22.4365528],[-42.2931788,-22.4340383],[-42.2936175,-22.4318058],[-42.2945373,-22.4311595],[-42.2946864,-22.4299746],[-42.2932281,-22.4289637],[-42.2912796,-22.4298543],[-42.2900545,-22.429552],[-42.2894579,-22.426801],[-42.2874309,-22.4235999],[-42.2842128,-22.4208433],[-42.2831273,-22.4189955],[-42.282887,-22.4165594],[-42.2814538,-22.4141646],[-42.281296,-22.4126152],[-42.2787108,-22.4107674],[-42.2784208,-22.4094333],[-42.2691486,-22.402531],[-42.2710544,-22.4012052],[-42.2766075,-22.4013394],[-42.2832151,-22.4043185],[-42.2886854,-22.4046796],[-42.2894001,-22.4014007],[-42.2901575,-22.4011178],[-42.2916993,-22.3983656],[-42.2941732,-22.3923025],[-42.292897,-22.3909582],[-42.2904023,-22.3905024],[-42.280504,-22.3854809],[-42.2797452,-22.3845729],[-42.2802066,-22.3839402],[-42.279951,-22.3829582],[-42.2783458,-22.3824918],[-42.2783509,-22.3810415],[-42.2763618,-22.3792007],[-42.2716738,-22.378112],[-42.2705581,-22.3766333],[-42.2681492,-22.3752392],[-42.266985,-22.3764016],[-42.2654386,-22.3762799],[-42.2631182,-22.3725469],[-42.2594681,-22.3722683],[-42.25787,-22.3701561],[-42.2578419,-22.3674527],[-42.2571526,-22.3664728],[-42.2545479,-22.3655975],[-42.2534678,-22.3659299],[-42.2520451,-22.3675279],[-42.2510593,-22.3675412],[-42.2498022,-22.3668063],[-42.2498561,-22.3647102],[-42.2455795,-22.3651446],[-42.2412459,-22.3635108],[-42.2402723,-22.3614778],[-42.2377986,-22.3619263],[-42.2357146,-22.360462],[-42.23238,-22.3597255],[-42.2286221,-22.3601266],[-42.2267047,-22.3584526],[-42.2224846,-22.358752],[-42.2221493,-22.357419],[-42.2236636,-22.3574171],[-42.2233843,-22.3562704],[-42.2239417,-22.3550703],[-42.2263059,-22.3526967],[-42.2257559,-22.3518951],[-42.2243154,-22.3531978],[-42.2226476,-22.3532233],[-42.2184484,-22.354567],[-42.217225,-22.3600631],[-42.2108869,-22.3617689],[-42.2103642,-22.3636291],[-42.206666,-22.366319],[-42.2063308,-22.3684144],[-42.20433352338045,-22.370471653278656],[-42.2057936,-22.3680715],[-42.2065022,-22.3646587],[-42.2082346,-22.3634127],[-42.2082672,-22.3608168],[-42.2116086,-22.3566167],[-42.2124829,-22.3562498],[-42.2116066,-22.3506402],[-42.2124652,-22.348469],[-42.2149285,-22.3466927],[-42.2156071,-22.3416571],[-42.2201841,-22.3394115],[-42.2217027,-22.3392502],[-42.2233846,-22.3381102],[-42.2240395,-22.3362892],[-42.2286708,-22.3370676],[-42.2305487,-22.3337716],[-42.2330972,-22.3339044],[-42.2354563,-22.3324635],[-42.2359486,-22.3313298],[-42.2374472,-22.3302311],[-42.2418427,-22.3295922],[-42.2469791,-22.3254145],[-42.2484269,-22.3254302],[-42.2502118,-22.3263528],[-42.2558305,-22.3215003],[-42.257947,-22.320557],[-42.2589854,-22.3209137],[-42.2615388,-22.3202966],[-42.2623003,-22.3176415],[-42.2641728,-22.3155495],[-42.2607329,-22.3125943],[-42.2590934,-22.3129296],[-42.2581892,-22.3111119],[-42.2518922,-22.3094705],[-42.2510371,-22.3063016],[-42.2498704,-22.305132],[-42.2493509,-22.3017569],[-42.2478955,-22.2996229],[-42.2480234,-22.2975673],[-42.2490087,-22.2952436],[-42.2475243,-22.2935209],[-42.2460865,-22.2934374],[-42.2458603,-22.2919951],[-42.2446058,-22.2903489],[-42.2407908,-22.2882508],[-42.2385524,-22.2861819],[-42.2349301,-22.2883342],[-42.2329479,-22.2881212],[-42.233059,-22.285962],[-42.230267,-22.2803947],[-42.2295984,-22.2801403],[-42.2297754,-22.2779932],[-42.2285191,-22.276897],[-42.2270963,-22.2740173],[-42.2223402,-22.2711283],[-42.2189708,-22.2700244],[-42.2153621,-22.2671997],[-42.213798,-22.2649106],[-42.210916,-22.2624916],[-42.2105509,-22.2595883],[-42.2048786,-22.2552494],[-42.2033383,-22.2546805],[-42.2030484,-22.2537993],[-42.2015778,-22.2528798],[-42.2019139,-22.2499886],[-42.1981539,-22.2476732],[-42.1976202,-22.2466466],[-42.1929096,-22.2442404],[-42.1890914,-22.2443785],[-42.1870243,-22.2453744],[-42.1833614,-22.2445085],[-42.1815592,-22.2401315],[-42.1819017,-22.238854],[-42.1780524,-22.2329098],[-42.1747784,-22.2309463],[-42.1729467,-22.2291371],[-42.1727977,-22.2274681],[-42.1712684,-22.2253144],[-42.1700228,-22.2254035],[-42.1682208,-22.2243847],[-42.1668927,-22.2222408],[-42.1614182,-22.21817],[-42.1599781,-22.2186382],[-42.1604818,-22.217393],[-42.158978,-22.2150683],[-42.153323,-22.2139986],[-42.1482049,-22.2110629],[-42.1455071,-22.2122685],[-42.1422945,-22.2124942],[-42.1410387,-22.2107834],[-42.1401256,-22.2110396],[-42.1380407,-22.2104528],[-42.1352433,-22.21086],[-42.1343699,-22.2117407],[-42.13221,-22.2112518],[-42.131519,-22.2119255],[-42.131335,-22.2132771],[-42.1298478,-22.2130725],[-42.1281264,-22.2138659],[-42.1255373,-22.212185],[-42.1249067,-22.2111379],[-42.1224063,-22.2121313],[-42.1177193,-22.2079912],[-42.1154812,-22.2085708],[-42.1127952,-22.2067962],[-42.1125137,-22.2087951],[-42.1117302,-22.2095279],[-42.1085165,-22.2085062],[-42.1076825,-22.2097422],[-42.1050612,-22.2055822],[-42.103457,-22.2055972],[-42.1001888,-22.204472],[-42.0984978,-22.2027783],[-42.0983646,-22.2018889],[-42.0952815,-22.2031115],[-42.0935638,-22.2027946],[-42.0924185,-22.2016229],[-42.0926588,-22.1987637],[-42.093374,-22.1984039],[-42.0926906,-22.1964716],[-42.0954341,-22.195686],[-42.0979368,-22.1940756],[-42.0962543,-22.1932146],[-42.0960983,-22.1918918],[-42.0935395,-22.1905378],[-42.0927338,-22.1889018],[-42.0932111,-22.1872195],[-42.0970028,-22.1844461],[-42.0968012,-22.183149],[-42.0953072,-22.1809198],[-42.0934476,-22.1799946],[-42.0917034,-22.1777609],[-42.0907197,-22.1779492],[-42.0891829,-22.1767347],[-42.0877798,-22.1704657],[-42.0849964,-22.1696885],[-42.0837526,-22.1682048],[-42.0813956,-22.1667628],[-42.0751196,-22.1639057],[-42.0722485,-22.165166],[-42.0656362,-22.1644309],[-42.0631532,-22.1623044],[-42.0612556,-22.162874],[-42.0570823,-22.1616528],[-42.0548205,-22.1595531],[-42.0547932,-22.160565],[-42.0526677,-22.1624718],[-42.0476553,-22.1626349],[-42.0460228,-22.1621525],[-42.0450473,-22.1630062],[-42.043427,-22.1610094],[-42.0420451,-22.1579292],[-42.0394199,-22.1566603],[-42.0388411,-22.1600323],[-42.0379213,-22.1603381],[-42.0341554,-22.1597276],[-42.0297276,-22.157664],[-42.0272001,-22.1579554],[-42.0252231,-22.1565151],[-42.022539,-22.1510009],[-42.0205698,-22.14938],[-42.0201327,-22.1477106],[-42.0194076,-22.1470884],[-42.016139,-22.146506],[-42.0143713,-22.1444959],[-42.0125835,-22.1443056],[-42.0113008,-22.143143],[-42.0054596,-22.143351],[-42.003505,-22.1410122],[-42.0005836,-22.1400272],[-41.9970716,-22.1352952],[-41.9950555,-22.135146],[-41.9920633,-22.1327124],[-41.9890206,-22.1326562],[-41.9841909,-22.1284503],[-41.978291,-22.1262876],[-41.9772656,-22.1272152],[-41.9772542,-22.1286182],[-41.9737456610427,-22.133591200463083],[-41.9668647,-22.1319959],[-41.9656118,-22.1299014],[-41.9632158,-22.1286485],[-41.9601265,-22.1244949],[-41.9591631,-22.1192926],[-41.9579397,-22.1176452],[-41.9578042,-22.1163249],[-41.9592947,-22.114133],[-41.9587534,-22.1137842],[-41.9589893,-22.1120095],[-41.9606406,-22.1101689],[-41.9602978,-22.1084224],[-41.961302,-22.1079649],[-41.9614786,-22.1064833],[-41.9624482,-22.1055005],[-41.9618725,-22.1038469],[-41.9622649,-22.1029427],[-41.9605191,-22.0999691],[-41.9589178,-22.0990889],[-41.9585666,-22.0974939],[-41.9616442,-22.0966664],[-41.9624768,-22.0944922],[-41.9603001,-22.0927176],[-41.9619435,-22.0915123],[-41.9612423,-22.0877764],[-41.9629812,-22.0855618],[-41.9633551,-22.0827332],[-41.9623817,-22.0786154],[-41.9592208,-22.0764066],[-41.955159,-22.0773034],[-41.9536966,-22.0756726],[-41.9503848,-22.0743258],[-41.9474438,-22.0716141],[-41.9416917,-22.0703869],[-41.9408737,-22.0640667],[-41.9383282,-22.0622601],[-41.9371539,-22.0621957],[-41.9361993,-22.0601321],[-41.9360329,-22.056873],[-41.9341494,-22.0569782],[-41.9340001,-22.0585781],[-41.9283545,-22.0619695],[-41.9273369,-22.0617821],[-41.9265538,-22.0604049],[-41.9259201,-22.0604908],[-41.9246046,-22.0613915],[-41.9248092,-22.062897],[-41.9232896,-22.063124],[-41.922647,-22.0639168],[-41.9219649,-22.063653],[-41.9214093,-22.064891],[-41.9179415,-22.0662288],[-41.9178169,-22.0668616],[-41.9168489,-22.0665691],[-41.9168312,-22.0672871],[-41.915463,-22.066634],[-41.9140966,-22.0671794],[-41.9138932,-22.0677607],[-41.9131319,-22.0671581],[-41.9129121,-22.0677645],[-41.9112694,-22.0682866],[-41.9086702,-22.0682686],[-41.9066338,-22.0674235],[-41.9067639,-22.066664],[-41.9058984,-22.0666296],[-41.9061248,-22.0659188],[-41.9055573,-22.0651762],[-41.9045582,-22.0657509],[-41.9044115,-22.0637868],[-41.9055163,-22.0632263],[-41.904418,-22.0621949],[-41.9047607,-22.0611167],[-41.9039871,-22.0613736],[-41.904074,-22.062191],[-41.9033202,-22.0617876],[-41.9044852,-22.060317],[-41.9034028,-22.0603775],[-41.9040114,-22.0594337],[-41.9028997,-22.0581112],[-41.9036574,-22.0582846],[-41.9035344,-22.057656],[-41.9018275,-22.0579074],[-41.9023388,-22.0569329],[-41.9006589,-22.0561604],[-41.8968807,-22.0567102],[-41.8967165,-22.0560754],[-41.8955321,-22.056383],[-41.8935119,-22.053805],[-41.8933604,-22.0528481],[-41.8923768,-22.0536883],[-41.8906623,-22.0528351],[-41.8900976,-22.0514023],[-41.8874956,-22.0489693],[-41.8837413,-22.0503004],[-41.8824206,-22.0516264],[-41.8804863,-22.051928],[-41.8782971,-22.0534035],[-41.8777522,-22.0545342],[-41.8761917,-22.0549404],[-41.873247,-22.051651],[-41.8702458,-22.0513431],[-41.8691364,-22.0520619],[-41.8670405,-22.0522596],[-41.8667138,-22.0532244],[-41.8674563,-22.0542156],[-41.8652823,-22.0578326],[-41.8643057,-22.0579532],[-41.8605854,-22.0621885],[-41.8563653,-22.0658407],[-41.853323,-22.0672736],[-41.8479642,-22.0713559],[-41.8466258,-22.0716435],[-41.8441082,-22.0704167],[-41.8365499,-22.0720602],[-41.8371719,-22.0740684],[-41.8390396,-22.0740635],[-41.8391055,-22.0751234],[-41.8369608,-22.0769557],[-41.8326297,-22.078302],[-41.8321452,-22.0802327],[-41.8327865,-22.0811806],[-41.8307399,-22.0816554],[-41.8319873,-22.0832345],[-41.8309827,-22.08349],[-41.8310709,-22.0853778],[-41.8304218,-22.0859339],[-41.8296184,-22.0850924],[-41.8282241,-22.0863594],[-41.8293615,-22.0871364],[-41.8294114,-22.088223],[-41.8275951,-22.0883886],[-41.8276662,-22.0894237],[-41.8262059,-22.0889343],[-41.826134,-22.0899807],[-41.8253173,-22.0901997],[-41.8256635,-22.0915433],[-41.8248264,-22.0913592],[-41.8249605,-22.093522],[-41.8230394,-22.0948726],[-41.8219567,-22.0943405],[-41.8219638,-22.0956686],[-41.8212839,-22.0959492],[-41.8211149,-22.0973053],[-41.8217953,-22.0995086],[-41.8211611,-22.1001006],[-41.8200495,-22.0991154],[-41.8186916,-22.0997348],[-41.8179655,-22.0992709],[-41.8149485,-22.1006921],[-41.8125812,-22.1003467],[-41.8106274,-22.098681],[-41.8090575,-22.0984993],[-41.8078217,-22.0994125],[-41.8067158,-22.0985702],[-41.8041174,-22.0984629],[-41.8028352,-22.0992455],[-41.7993534,-22.097831],[-41.7987578,-22.0981041],[-41.7985029,-22.0992472],[-41.7973412,-22.098298],[-41.7967109,-22.0990186],[-41.7945706,-22.0988417],[-41.7929137,-22.0993316],[-41.7927259,-22.1001826],[-41.788452,-22.0998366],[-41.7870598,-22.0987176],[-41.786118,-22.0991701],[-41.7849108,-22.0981016],[-41.7837346,-22.0985649],[-41.7818749,-22.0982198],[-41.7819918,-22.0975045],[-41.7800193,-22.0967774],[-41.7790516,-22.0973349],[-41.7791693,-22.0963923],[-41.7781072,-22.0948875],[-41.7768352,-22.0950486],[-41.7763534,-22.0937453],[-41.7740888,-22.0929947],[-41.772096,-22.0909033],[-41.7723969,-22.0894432],[-41.7713231,-22.0888321],[-41.7709198,-22.0876245],[-41.7701493,-22.0874345],[-41.7697619,-22.0862416],[-41.7675132,-22.0865861],[-41.7681123,-22.0843247],[-41.7667971,-22.085122],[-41.7660582,-22.0842014],[-41.7646548,-22.0856158],[-41.7643914,-22.0843697],[-41.7609239,-22.0845178],[-41.7605773,-22.0837455],[-41.7592382,-22.0838993],[-41.7552349,-22.0847627],[-41.7541895,-22.0854699],[-41.7530392,-22.085382],[-41.7533156,-22.0870514],[-41.7515904,-22.0858154],[-41.7512124,-22.086422],[-41.750482233871146,-22.086364374033142],[-41.7545058,-22.0817818],[-41.754439,-22.0801117],[-41.7532309,-22.0775018],[-41.7544071,-22.0755273],[-41.7540748,-22.0748744],[-41.7549517,-22.0740208],[-41.7541768,-22.0718884],[-41.7551309,-22.0687687],[-41.7568442,-22.0670582],[-41.7574614,-22.0672922],[-41.7586815,-22.0657372],[-41.7618215,-22.0644677],[-41.762382,-22.0634981],[-41.7617896,-22.0621652],[-41.761883,-22.0602211],[-41.7589018,-22.0547114],[-41.7594359,-22.0541388],[-41.7591112,-22.0537859],[-41.7616799,-22.0514204],[-41.7621106,-22.0495185],[-41.7638748,-22.0493204],[-41.7643327,-22.0480578],[-41.7667425,-22.0472018],[-41.7662385,-22.0455263],[-41.7636239,-22.0441583],[-41.7643324,-22.0413979],[-41.7638272,-22.0409308],[-41.7646976,-22.0405235],[-41.7630844,-22.0380029],[-41.7638544,-22.0361727],[-41.7647942,-22.0357352],[-41.7646165,-22.0338992],[-41.7667933,-22.0320478],[-41.7676723,-22.0301428],[-41.7699892,-22.0295057],[-41.7721176,-22.0278519],[-41.7729169,-22.0247585],[-41.7741803,-22.0230543],[-41.7763188,-22.0219455],[-41.7877412,-22.0208174],[-41.7906253,-22.023643],[-41.7927433,-22.0248516],[-41.7915153,-22.0225372],[-41.7894959,-22.0211929],[-41.7889207,-22.0187357],[-41.784578,-22.0162857],[-41.7832418,-22.0141163],[-41.7772827,-22.0118046],[-41.7724259,-22.0114013],[-41.7685043,-22.0102538],[-41.7641111,-22.007713],[-41.7643483,-22.0139206],[-41.7630585,-22.0172759],[-41.7631693,-22.0183641],[-41.7621201,-22.0194629],[-41.7570658,-22.0160393],[-41.7536275,-22.0153875],[-41.7524944,-22.0135996],[-41.7513841,-22.0129636],[-41.7511466,-22.0119667],[-41.747827,-22.0092118],[-41.7464269,-22.0106803],[-41.7457419,-22.010686],[-41.7417695,-22.0085455],[-41.7406764,-22.0074699],[-41.7410977,-22.0061718],[-41.7400648,-22.0037772],[-41.7370732,-22.0036057],[-41.7348277,-22.0046156],[-41.7341619,-22.0017516],[-41.7328227,-21.9999572],[-41.7313851,-21.9963346],[-41.7228985,-21.992996],[-41.7178173,-21.9855047],[-41.7171282,-21.9840583],[-41.7169077,-21.9814822],[-41.7187262,-21.9773488],[-41.7206132,-21.9680787],[-41.7193632,-21.9660161],[-41.7170108,-21.9648238],[-41.7133991,-21.9614893],[-41.721023,-21.944889],[-41.7187116,-21.9340321],[-41.7160526,-21.9307877],[-41.7139496,-21.9237424],[-41.7145136,-21.9216601],[-41.7141159,-21.9180501],[-41.7160977,-21.9113885],[-41.7127873,-21.9068822],[-41.7127894,-21.9059131],[-41.7119751,-21.9061935],[-41.7103218,-21.904907],[-41.7102966,-21.9037713],[-41.7117856,-21.9031991],[-41.7115048,-21.9014465],[-41.7122895,-21.901209],[-41.7095245,-21.9003581],[-41.7094599,-21.8978941],[-41.7087091,-21.8963587],[-41.7096975,-21.8960851],[-41.7095886,-21.8945405],[-41.7085707,-21.8942753],[-41.7070879,-21.892365],[-41.7058532,-21.8926534],[-41.7050818,-21.8914842],[-41.7041346,-21.8919002],[-41.7036392,-21.8913709],[-41.7026755,-21.8914274],[-41.7034967,-21.8903052],[-41.7032778,-21.8898088],[-41.7123752,-21.8907034],[-41.7133633,-21.8896619],[-41.7145989,-21.8901531],[-41.715242,-21.8891423],[-41.7158915,-21.8894387],[-41.7160431,-21.8886283],[-41.7171639,-21.8890573],[-41.7167212,-21.8887311],[-41.7169168,-21.8880243],[-41.7178865,-21.8885575],[-41.717731,-21.8880714],[-41.719325,-21.8874996],[-41.719197,-21.8866999],[-41.7204647,-21.8865588],[-41.7214575,-21.8887977],[-41.7235665,-21.8894336],[-41.7238618,-21.8900686],[-41.7248799,-21.8888383],[-41.7265951,-21.8880227],[-41.728671,-21.8898045],[-41.7292131,-21.8889739],[-41.730476,-21.8896029],[-41.7310703,-21.8891325],[-41.7311815,-21.8878436],[-41.7324073,-21.8885204],[-41.733114,-21.8874261],[-41.7338757,-21.8886114],[-41.7353354,-21.8892403],[-41.7361837,-21.8883229],[-41.7374946,-21.8890303],[-41.7381371,-21.8885486],[-41.7383114,-21.8897862],[-41.738556,-21.8887929],[-41.738985,-21.8888099],[-41.7401253,-21.8903104],[-41.7408838,-21.8897016],[-41.7399451,-21.8891484],[-41.7407195,-21.8887648],[-41.7413271,-21.8894381],[-41.7435077,-21.8891867],[-41.7443185,-21.8885671],[-41.7461191,-21.8895366],[-41.7462908,-21.888901],[-41.7469214,-21.8888551],[-41.7470809,-21.8897888],[-41.7487929,-21.8889011],[-41.7520955,-21.8899203],[-41.7534427,-21.8896251],[-41.7540171,-21.8888945],[-41.7550165,-21.8895404],[-41.7577064,-21.8886336],[-41.7595079,-21.8893397],[-41.7601149,-21.890187],[-41.761892,-21.8891207],[-41.7615667,-21.8899752],[-41.7622266,-21.8897165],[-41.7631435,-21.8903359],[-41.7648319,-21.8901578],[-41.7659967,-21.8906342],[-41.7677931,-21.8898603],[-41.7692467,-21.8904287],[-41.7707186,-21.8900442],[-41.7713318,-21.8903116],[-41.7714321,-21.8911806],[-41.7727872,-21.8907339],[-41.7730581,-21.8897351],[-41.7744057,-21.8905929],[-41.7757444,-21.8903464],[-41.7768029,-21.8896713],[-41.7769846,-21.8887461],[-41.7782353,-21.8896427],[-41.7787979,-21.8886427],[-41.7796756,-21.8892119],[-41.780217,-21.8887475],[-41.7795588,-21.8877733],[-41.7809702,-21.8876704],[-41.7822397,-21.8866368],[-41.7837979,-21.88738],[-41.7845793,-21.8870771],[-41.7837812,-21.8878125],[-41.7844218,-21.8875939],[-41.784838,-21.8889004],[-41.7859503,-21.8875993],[-41.7866528,-21.8883792],[-41.7877559,-21.8876547],[-41.7879167,-21.8885799],[-41.7888537,-21.888368],[-41.787817,-21.8869656],[-41.7897268,-21.8871872],[-41.7897749,-21.8868056],[-41.7888016,-21.8866742],[-41.7888921,-21.8859122],[-41.7897135,-21.8856412],[-41.7896422,-21.8844512],[-41.790695,-21.8846036],[-41.7910326,-21.8838842],[-41.7896646,-21.8839009],[-41.7896118,-21.8833556],[-41.7904838,-21.8832382],[-41.7901904,-21.8827255],[-41.7895237,-21.8823424],[-41.7887071,-21.8828621],[-41.787357,-21.8817511],[-41.7965011,-21.8789631],[-41.7963656,-21.8771731],[-41.7967852,-21.8768333],[-41.7994101,-21.8777463],[-41.8049518,-21.8785301],[-41.8067201,-21.8795879],[-41.8077054,-21.8792746],[-41.809153,-21.8808629],[-41.8129895,-21.8794922],[-41.8147567,-21.8794013],[-41.8201514,-21.8818981],[-41.8221375,-21.8819274],[-41.8262269,-21.8834573],[-41.8293184,-21.8857436],[-41.8311338,-21.8852622],[-41.8356453,-21.8872019],[-41.8411024,-21.8878688],[-41.8434656,-21.8869705],[-41.8469208,-21.8868129],[-41.8487587,-21.8876058],[-41.8500609,-21.8860156],[-41.8526866,-21.8859603],[-41.8553276,-21.8849441],[-41.862042,-21.8851882],[-41.8653153,-21.884547],[-41.8666761,-21.8849994],[-41.8688709,-21.8845566],[-41.8718901,-21.8829758],[-41.8738101,-21.8831754],[-41.8785272,-21.8820722],[-41.8801965,-21.8811802],[-41.8868175,-21.8807408],[-41.8879651,-21.8797974],[-41.8884012,-21.8779589],[-41.8826525,-21.8726932],[-41.8840891,-21.8721641],[-41.885059,-21.8699499],[-41.8870495,-21.86875],[-41.8882949,-21.8666164],[-41.8883322,-21.8644968],[-41.8877007,-21.8641462],[-41.8878939,-21.8624085],[-41.8863716,-21.8613155],[-41.8847193,-21.858261],[-41.8826632,-21.8578916],[-41.8749005,-21.8533901],[-41.8735647,-21.8514251],[-41.8717848,-21.8504014],[-41.8647993,-21.8482321],[-41.8604033,-21.845335],[-41.8581683,-21.8446214],[-41.8533075,-21.8409656],[-41.8502034,-21.837214],[-41.8477793,-21.8375063],[-41.8466485,-21.8363076],[-41.8448347,-21.8367243],[-41.842505,-21.8362525],[-41.8373679,-21.8330905],[-41.8389933,-21.8290666],[-41.8391841,-21.8268686],[-41.8384826,-21.8259853],[-41.8364969,-21.8257001],[-41.8354683,-21.8244602],[-41.8354144,-21.8217841],[-41.8344945,-21.8208151],[-41.8306017,-21.8176675],[-41.8291525,-21.8180024],[-41.8270316,-21.8172624],[-41.8258662,-21.8174716],[-41.8234737,-21.8150556],[-41.8215096,-21.8141953],[-41.8192729,-21.8122738],[-41.8189052,-21.8109446],[-41.8162572,-21.8096681],[-41.814957,-21.8063942],[-41.8127909,-21.8059735],[-41.8107381,-21.8048163],[-41.8099052,-21.8014032],[-41.8102985,-21.7996292],[-41.8086674,-21.7976629],[-41.8070485,-21.7967045],[-41.8018737,-21.7968945],[-41.7989442,-21.7958703],[-41.7974674,-21.7959062],[-41.7957853,-21.7943015],[-41.7947807,-21.7917346],[-41.7955122,-21.7902816],[-41.7953027,-21.7876736],[-41.7966154,-21.7849259],[-41.7951552,-21.7834385],[-41.793351,-21.7842257],[-41.7900042,-21.7818067],[-41.788627,-21.7816348],[-41.7869418,-21.7836658],[-41.7851532,-21.783365],[-41.7774925,-21.7847392],[-41.7776469,-21.7864623],[-41.776593,-21.7882929],[-41.7740455,-21.7895007],[-41.768183,-21.7884268],[-41.7657968,-21.7874449],[-41.7627566,-21.7890702],[-41.7609813,-21.7890566],[-41.7590559,-21.7882075],[-41.7563364,-21.7897664],[-41.754256,-21.789395],[-41.750631,-21.7897671],[-41.7495393,-21.7888024],[-41.7471831,-21.7887963],[-41.7460022,-21.78758],[-41.7492447,-21.7861767],[-41.7510312,-21.7815927],[-41.7516798,-21.7811541],[-41.7498341,-21.7799489],[-41.7487508,-21.7801452],[-41.747903,-21.7792922],[-41.7430537,-21.7729229],[-41.7389288,-21.7694719],[-41.7374522,-21.7664601],[-41.7343343,-21.7646654],[-41.7343071,-21.7628188],[-41.7323769,-21.7642156],[-41.7295356,-21.7631678],[-41.7281367,-21.7605444],[-41.7266835,-21.7591775],[-41.7241519,-21.758555],[-41.7226724,-21.756067],[-41.7188779,-21.7541782],[-41.7146379,-21.7545855],[-41.7123391,-21.7526748],[-41.7092256,-21.7516404],[-41.7091745,-21.7508574],[-41.7042078,-21.7479142],[-41.7022111,-21.7417452],[-41.6977224,-21.7392389],[-41.6990159,-21.7388939],[-41.6997743,-21.7363106],[-41.6990777,-21.7350581],[-41.6986135,-21.7312118],[-41.6996321,-21.7270323],[-41.7004639,-21.725743],[-41.6970861,-21.7221691],[-41.6972541,-21.7204796],[-41.6953647,-21.7189748],[-41.6962572,-21.7165421],[-41.6960145,-21.7144136],[-41.6930346,-21.7122296],[-41.6912883,-21.7101311],[-41.6879528,-21.7111365],[-41.6834643,-21.7082495],[-41.6827761,-21.7066638],[-41.6829905,-21.7048383],[-41.681634,-21.702683],[-41.6773343,-21.7032336],[-41.6755094,-21.7013946],[-41.6714451,-21.7001409],[-41.669802,-21.6985764],[-41.6656505,-21.6981945],[-41.6646344,-21.6958767],[-41.6630455,-21.6943822],[-41.6554331,-21.6939339],[-41.6539723,-21.6907124],[-41.6527624,-21.6904461],[-41.6527928,-21.6895036],[-41.6507301,-21.6888171],[-41.6503176,-21.6880107],[-41.64907,-21.6875099],[-41.6484094,-21.6810238],[-41.6458043,-21.6792578],[-41.6442079,-21.675135],[-41.640967,-21.6713624],[-41.6395056,-21.6704049],[-41.6363418,-21.6692445],[-41.6340739,-21.6714316],[-41.632835,-21.6706],[-41.630303,-21.6700891],[-41.6255669,-21.6706978],[-41.6215454,-21.669927],[-41.6168699,-21.6709482],[-41.6160719,-21.6687192],[-41.6122151,-21.6647552],[-41.6096566,-21.6650173],[-41.6079267,-21.6645064],[-41.6042523,-21.6652856],[-41.5942286,-21.6628795],[-41.5912066,-21.6641474],[-41.5916937,-21.6628677],[-41.5908194,-21.6604478],[-41.5892913,-21.6583287],[-41.5881269,-21.6576116],[-41.5842603,-21.6570403],[-41.5838008,-21.6550131],[-41.5820378,-21.6532357],[-41.5799902,-21.6527258],[-41.5780505,-21.6530186],[-41.5768144,-21.650163],[-41.5752051,-21.6498418],[-41.5759656,-21.6465157],[-41.5728461,-21.6440144],[-41.5698092,-21.6403784],[-41.5691563,-21.6400514],[-41.565164,-21.6412203],[-41.5642894,-21.6429245],[-41.5635521,-21.6432342],[-41.561066,-21.6407906],[-41.561275,-21.6395798],[-41.5592769,-21.6388235],[-41.5560051,-21.6405915],[-41.5552567,-21.6398151],[-41.555571,-21.6368001],[-41.553072,-21.6337227],[-41.5533344,-21.63028],[-41.5497979,-21.6281626],[-41.5472211,-21.6288877],[-41.5453428,-21.6277447],[-41.5413544,-21.6270178],[-41.5403459,-21.6261847],[-41.5392707,-21.6229194],[-41.5381356,-21.6218659],[-41.5302903,-21.6250447],[-41.5267374,-21.629815],[-41.5218912,-21.6342999],[-41.516702,-21.6366235],[-41.5163346,-21.6386647],[-41.5136765,-21.6430126],[-41.5096249,-21.6459306],[-41.5093603,-21.6499521],[-41.5045744,-21.6558657],[-41.4942818,-21.6650623],[-41.4933724,-21.670273],[-41.4912857,-21.6741555],[-41.4899798,-21.6748948],[-41.4272525,-21.61652],[-41.4277855,-21.6154365],[-41.4276694,-21.6139171],[-41.4253833,-21.6111892],[-41.4204673,-21.6108913],[-41.4117891,-21.6088263],[-41.4094909,-21.6090396],[-41.4056822,-21.6056848],[-41.4026938,-21.6020829],[-41.4015683,-21.5975673],[-41.4025342,-21.5954114],[-41.400514,-21.5913153],[-41.4005995,-21.5820024],[-41.3975859,-21.5813219],[-41.3966821,-21.580633],[-41.3943406,-21.5773132],[-41.3921919,-21.575468],[-41.3870343,-21.5692452],[-41.3862286,-21.5664341],[-41.3803385,-21.5627617],[-41.3790012,-21.5605422],[-41.3717941,-21.5588303],[-41.3702068,-21.5579592],[-41.3654012,-21.5571901],[-41.3601047,-21.5441691],[-41.3639174,-21.5364598],[-41.3647175,-21.5315077],[-41.3735993,-21.5174766],[-41.3730338,-21.5056974],[-41.3743272,-21.503547],[-41.3750956,-21.4998362],[-41.3826262,-21.4927237],[-41.3829031,-21.4916506],[-41.382382,-21.4897423],[-41.3836643,-21.4887845],[-41.3855203,-21.48855],[-41.3859804,-21.4862979],[-41.3875849,-21.4847117],[-41.3889183,-21.4851343],[-41.3907183,-21.4822424],[-41.389652,-21.4798823],[-41.3901877,-21.4795095],[-41.3898922,-21.478956],[-41.3914275,-21.4784098],[-41.3924489,-21.4784524],[-41.393048,-21.4791427],[-41.3937109,-21.4783963],[-41.3952543,-21.4788511],[-41.3959398,-21.4779367],[-41.3958053,-21.4759598],[-41.3984656,-21.4733386],[-41.3987368,-21.4727081],[-41.3981696,-21.4724248],[-41.3989179,-21.4721825],[-41.3984476,-21.4720119],[-41.4001203,-21.4719687],[-41.401198,-21.470061],[-41.4019714,-21.4700122],[-41.4058188,-21.4667152],[-41.4086444,-21.46754],[-41.4097363,-21.4663333],[-41.4109245,-21.4662317],[-41.4127621,-21.4650784],[-41.4124222,-21.4645157],[-41.4134462,-21.4631637],[-41.4128475,-21.4632216],[-41.413176,-21.4622414],[-41.4122023,-21.4617948],[-41.4120566,-21.4604336],[-41.4111659,-21.4597185],[-41.4129343,-21.4592248],[-41.4120339,-21.4573293],[-41.4131271,-21.4543799],[-41.4119068,-21.4532104],[-41.4133373,-21.451553],[-41.4112391,-21.4493862],[-41.4123292,-21.4482188],[-41.4118758,-21.447841],[-41.4135298,-21.4468601],[-41.4132623,-21.445377],[-41.4137261,-21.4450382],[-41.4132595,-21.4443489],[-41.4136553,-21.4439373],[-41.4123486,-21.4435307],[-41.4129805,-21.4425188],[-41.4125993,-21.4402601],[-41.4137583,-21.4394814],[-41.4133801,-21.4384797],[-41.41372,-21.4373964],[-41.4149059,-21.4379804],[-41.414742,-21.4369084],[-41.415677,-21.4372533],[-41.415903,-21.434547],[-41.4170325,-21.4346327],[-41.4173142,-21.4340014],[-41.4190007,-21.4333861],[-41.4195121,-21.4324489],[-41.4210449,-21.4321242],[-41.4216937,-21.4308067],[-41.4221844,-21.4310424],[-41.4226075,-21.4288776],[-41.4249844,-21.426936],[-41.4243459,-21.4245502],[-41.4251161,-21.423607],[-41.4257082,-21.4240875],[-41.4257765,-21.4230052],[-41.4262905,-21.4232371],[-41.4269915,-21.4225144],[-41.4271535,-21.4207906],[-41.427734,-21.4209157],[-41.4283163,-21.4201137],[-41.4290111,-21.4203807],[-41.4301226,-21.4182651],[-41.4298113,-21.417764],[-41.4308549,-21.4173518],[-41.4302745,-21.4168593],[-41.4307478,-21.4142142],[-41.4314376,-21.4135114],[-41.4321343,-21.4140956],[-41.4321879,-21.4128335],[-41.4338652,-21.4121068],[-41.434351,-21.410655],[-41.4353045,-21.4104459],[-41.4356919,-21.4112227],[-41.4366648,-21.4103597],[-41.4372251,-21.4107019],[-41.4368398,-21.4113444],[-41.4375764,-21.411035],[-41.4388914,-21.4116023],[-41.4399259,-21.4103419],[-41.4405934,-21.4110665],[-41.442042,-21.4105091],[-41.4429655,-21.4109466],[-41.4429001,-21.4102818],[-41.4439606,-21.4101279],[-41.4435999,-21.4095108],[-41.4450722,-21.4088883],[-41.4478182,-21.4055732],[-41.4487424,-21.4052769],[-41.4482777,-21.4049416],[-41.4486089,-21.4039145],[-41.4478761,-21.4037594],[-41.4484515,-21.4030804],[-41.4478948,-21.4023037],[-41.4494536,-21.3985851],[-41.550866,-21.4296695],[-41.5850715,-21.3173829],[-41.5846422,-21.3162096],[-41.585676,-21.3146995],[-41.5859332,-21.3128266],[-41.5873818,-21.3123734],[-41.5845244,-21.309603],[-41.5828733,-21.3092414],[-41.5810253,-21.3076897],[-41.5790862,-21.3074632],[-41.5784722,-21.3066105],[-41.5748549,-21.3060841],[-41.5722802,-21.3036797],[-41.570827,-21.3042194],[-41.570139,-21.3033137],[-41.5690113,-21.3038027],[-41.5666893,-21.3031143],[-41.5654739,-21.3017263],[-41.5645799,-21.3014978],[-41.564182,-21.3004695],[-41.5635856,-21.3005086],[-41.5633837,-21.2996542],[-41.560487,-21.2991933],[-41.5587809,-21.298514],[-41.5582357,-21.2977469],[-41.5567195,-21.2977019],[-41.5547567,-21.2962551],[-41.5535397,-21.2963694],[-41.5537269,-21.2956636],[-41.5527516,-21.2956283],[-41.551585,-21.2938336],[-41.5492267,-21.2927841],[-41.5484971,-21.2904957],[-41.5460497,-21.289229],[-41.5455697,-21.2874728],[-41.5438871,-21.2862577],[-41.5439355,-21.2854111],[-41.5428786,-21.285179],[-41.5415395,-21.2833086],[-41.5407066,-21.2834494],[-41.5411331,-21.2828208],[-41.540549,-21.2829755],[-41.5398825,-21.2814889],[-41.5377377,-21.2805891],[-41.537073,-21.2796978],[-41.5373893,-21.2803849],[-41.5357537,-21.2813373],[-41.5352017,-21.2801135],[-41.5338724,-21.2796624],[-41.5333504,-21.2788179],[-41.532865,-21.2790511],[-41.5328736,-21.2782889],[-41.5308248,-21.2777515],[-41.5297412,-21.2783541],[-41.5301063,-21.2779585],[-41.5292739,-21.2778437],[-41.5295622,-21.2773337],[-41.528062,-21.277212],[-41.5286501,-21.2762185],[-41.5271938,-21.2761231],[-41.5267446,-21.2753772],[-41.5262165,-21.2758645],[-41.5250677,-21.2746351],[-41.5239527,-21.2744513],[-41.5247071,-21.2742931],[-41.5246362,-21.2731829],[-41.5253189,-21.2729393],[-41.5249662,-21.2720699],[-41.525409,-21.2697992],[-41.5246136,-21.2676004],[-41.5235135,-21.2674492],[-41.5232215,-21.2664937],[-41.5213389,-21.2661709],[-41.5169387,-21.2627795],[-41.5168064,-21.2635544],[-41.5144247,-21.2612469],[-41.5140115,-21.2612561],[-41.5142779,-21.2620375],[-41.5137739,-21.2628156],[-41.5121942,-21.2626691],[-41.5126272,-21.2632661],[-41.5119744,-21.2641879],[-41.5100461,-21.2638431],[-41.5077513,-21.2655504],[-41.5064427,-21.2649435],[-41.5065474,-21.2637068],[-41.5051785,-21.2627911],[-41.5036011,-21.2619692],[-41.5026266,-21.262303],[-41.5018671,-21.2618516],[-41.5026079,-21.2601803],[-41.501336,-21.2596446],[-41.5010403,-21.2576413],[-41.4991118,-21.2560033],[-41.4995116,-21.2558628],[-41.4995945,-21.2539184],[-41.4980796,-21.2525413],[-41.4985376,-21.250895],[-41.4977959,-21.2503901],[-41.4982318,-21.2489014],[-41.4966221,-21.2486609],[-41.4972396,-21.2480716],[-41.4967357,-21.2474173],[-41.4973309,-21.2471586],[-41.496858,-21.2460769],[-41.4961878,-21.2464865],[-41.496178,-21.2450194],[-41.4954997,-21.2446511],[-41.494885,-21.2450205],[-41.4946141,-21.243846],[-41.4940495,-21.2441065],[-41.4903865,-21.2429212],[-41.4891624,-21.2417301],[-41.4892067,-21.2410747],[-41.4882523,-21.2408351],[-41.4877205,-21.2397315],[-41.4880677,-21.2392129],[-41.4869799,-21.2390406],[-41.4864835,-21.2382653],[-41.4862468,-21.2389225],[-41.4858311,-21.2382769],[-41.4846131,-21.2385124],[-41.4845531,-21.23764],[-41.4830886,-21.2366084],[-41.482961,-21.2358327],[-41.4818593,-21.2355736],[-41.4821116,-21.2350511],[-41.4795049,-21.2355898],[-41.4797197,-21.234296],[-41.4792743,-21.2339989],[-41.4778076,-21.2341676],[-41.477223,-21.2333613],[-41.4747276,-21.2335848],[-41.473328,-21.2328465],[-41.4724097,-21.2330657],[-41.4700532,-21.2314135],[-41.4696296,-21.2027933],[-41.4629281,-21.2063677],[-41.4603557,-21.2087711],[-41.4590327,-21.2091312],[-41.4573056,-21.2081831],[-41.4561149,-21.2089034],[-41.4536968,-21.2090724],[-41.4502351,-21.2132912],[-41.4461707,-21.2154814],[-41.4403571,-21.213938],[-41.4387842,-21.2155402],[-41.4358664,-21.2158489],[-41.4332352,-21.2142173],[-41.4280022,-21.2089254],[-41.4244302,-21.2068381],[-41.4215932,-21.2033249],[-41.4167865,-21.2002234],[-41.4145374,-21.2005614],[-41.4125157,-21.2017556],[-41.4119614,-21.2014923],[-41.4110328,-21.1989145],[-41.4103399,-21.1985126],[-41.4090371,-21.199067],[-41.4061406,-21.2024486],[-41.4053229,-21.2021021],[-41.4039509,-21.1985958],[-41.4026481,-21.1982909],[-41.4001951,-21.1990531],[-41.3985181,-21.2006331],[-41.3947485,-21.2007301],[-41.392531,-21.2025179],[-41.388013,-21.1989007],[-41.3848808,-21.2009657],[-41.3812913,-21.1999817],[-41.3803351,-21.1958378],[-41.3766486,-21.1957963],[-41.3760388,-21.1963506],[-41.3765516,-21.1979028],[-41.3753735,-21.2015478],[-41.3723523,-21.2035435],[-41.3699408,-21.2042226],[-41.3678065,-21.2025733],[-41.3661434,-21.202407],[-41.3651594,-21.2034049],[-41.3629252,-21.2026908],[-41.3621586,-21.2033236],[-41.3620734,-21.2045162],[-41.3606375,-21.2051003],[-41.3573429,-21.2036543],[-41.3555264,-21.2044675],[-41.3546016,-21.2068162],[-41.3518149,-21.2054897],[-41.3494906,-21.2055019],[-41.3455965,-21.2080331],[-41.3428584,-21.2088971],[-41.3404855,-21.2083495],[-41.3383316,-21.2068283],[-41.3368348,-21.2072056],[-41.3319915,-21.2105764],[-41.3312735,-21.2116473],[-41.3311883,-21.2126208],[-41.3328676,-21.2153223],[-41.3257853,-21.2185593],[-41.3239964,-21.2181699],[-41.3231202,-21.2166731],[-41.3234245,-21.2156996],[-41.3255419,-21.2138499],[-41.3255662,-21.2131197],[-41.3247265,-21.2128885],[-41.3214531,-21.2138012],[-41.3161839,-21.2135457],[-41.316123,-21.2181699],[-41.3169383,-21.2220032],[-41.3119125,-21.2193868],[-41.3099168,-21.2194963],[-41.3084322,-21.2228672],[-41.303455,-21.2285988],[-41.3018487,-21.2296453],[-41.2972001,-21.2310204],[-41.296762,-21.2322617],[-41.297626,-21.2344156],[-41.2972975,-21.2350727],[-41.2950949,-21.2348537],[-41.2930383,-21.2325537],[-41.2917484,-21.2324685],[-41.2902759,-21.2341114],[-41.287477,-21.2339653],[-41.2866495,-21.2344156],[-41.2860258,-21.2378337],[-41.2846051,-21.2383462],[-41.2837898,-21.2380541],[-41.2835343,-21.2372997],[-41.2843618,-21.2347563],[-41.2831327,-21.2345981],[-41.2822443,-21.2351944],[-41.2808692,-21.2381393],[-41.2749567,-21.2410238],[-41.2748733,-21.2434849],[-41.2723436,-21.2453328],[-41.2719047,-21.246287],[-41.2731946,-21.2476035],[-41.275149,-21.2463425],[-41.2768571,-21.2467346],[-41.2772146,-21.2477634],[-41.2762445,-21.2491946],[-41.2764197,-21.249789],[-41.2782158,-21.2505041],[-41.2827837,-21.2507416],[-41.2872205,-21.2563023],[-41.2915528,-21.2761723],[-41.2935946,-21.2809912],[-41.2966498,-21.2833799],[-41.2965287,-21.284634],[-41.2993076,-21.2903054],[-41.2991447,-21.2926651],[-41.2997302,-21.2937322],[-41.3017255,-21.2943714],[-41.3027328,-21.2953757],[-41.3029685,-21.2961796],[-41.3022132,-21.2965534],[-41.3024475,-21.2977382],[-41.304691,-21.2984492],[-41.3088542,-21.301676],[-41.3104737,-21.3096832],[-41.3128949,-21.3116815],[-41.3077352,-21.3135468],[-41.3057261,-21.3127608],[-41.3044173,-21.3112331],[-41.2993554,-21.3106515],[-41.2977669,-21.3134556],[-41.2953905,-21.3158473],[-41.2934068,-21.3155815],[-41.292352,-21.3147498],[-41.2902535,-21.3149086],[-41.2876197,-21.3141471],[-41.2828541,-21.3147651],[-41.2774684,-21.3123324],[-41.2759064,-21.3123861],[-41.2723346,-21.31385],[-41.2685366,-21.3141616],[-41.2639278,-21.3136868],[-41.2617885,-21.3145943],[-41.2597892,-21.3133032],[-41.2575882,-21.3135768],[-41.2556261,-21.3113089],[-41.2489494,-21.3092466],[-41.2494198,-21.3108482],[-41.248947,-21.3109702],[-41.2495889,-21.3115529],[-41.2487485,-21.3121539],[-41.2482858,-21.3141563],[-41.2490067,-21.3145801],[-41.2492038,-21.3156125],[-41.2487613,-21.3154147],[-41.2486597,-21.3161476],[-41.2497747,-21.3173741],[-41.2506281,-21.3213811],[-41.253544,-21.3214579],[-41.255251,-21.3249574],[-41.2580591,-21.3260312],[-41.2589065,-21.3275861],[-41.2602653,-21.3280801],[-41.2613569,-21.3300978],[-41.2618601,-21.3299513],[-41.2617843,-21.3311206],[-41.2633484,-21.3318334],[-41.2627975,-21.3324275],[-41.2638652,-21.332971],[-41.2633492,-21.3338014],[-41.2639191,-21.3339201],[-41.2635246,-21.3341743],[-41.2637043,-21.3359276],[-41.2645817,-21.3366772],[-41.2629159,-21.3375859],[-41.2634697,-21.3381054],[-41.2628682,-21.3395485],[-41.263248,-21.3393735],[-41.2632065,-21.3405141],[-41.2637199,-21.3402849],[-41.2639589,-21.3414254],[-41.2644949,-21.3415726],[-41.2645403,-21.3442216],[-41.2651504,-21.3448219],[-41.2666154,-21.3448151],[-41.2665581,-21.3464751],[-41.2678681,-21.3468838],[-41.2679444,-21.3476457],[-41.266989,-21.3490729],[-41.2694387,-21.3500695],[-41.2691981,-21.3511174],[-41.2698516,-21.3518482],[-41.2693197,-21.351779],[-41.2688998,-21.352487],[-41.2693445,-21.3526517],[-41.2686755,-21.3544064],[-41.2664486,-21.3544788],[-41.2654502,-21.3561753],[-41.2644755,-21.3602308],[-41.264853,-21.3619824],[-41.2636727,-21.3640747],[-41.2600962,-21.3648151],[-41.2587945,-21.3631741],[-41.2571449,-21.3632822],[-41.2554443,-21.3621883],[-41.2543208,-21.3630414],[-41.2540342,-21.3648188],[-41.2532379,-21.3655072],[-41.250034,-21.365148],[-41.2468437,-21.3656502],[-41.2454129,-21.3660827],[-41.243799,-21.3674569],[-41.2429662,-21.3664995],[-41.2407116,-21.3691536],[-41.2386383,-21.3724712],[-41.2379878,-21.374739],[-41.236979,-21.3755844],[-41.2372924,-21.3786113],[-41.2381394,-21.3797966],[-41.2372069,-21.3824216],[-41.2416365,-21.3841161],[-41.2431034,-21.3885338],[-41.2462148,-21.3877009],[-41.2495655,-21.3890694],[-41.2532791,-21.3876596],[-41.2548465,-21.3887956],[-41.2572694,-21.38881],[-41.2581393,-21.3906002],[-41.255702,-21.393095],[-41.2564282,-21.3939578],[-41.2569171,-21.3964167],[-41.25862,-21.3976944],[-41.2627656,-21.3992698],[-41.2638127,-21.4035771],[-41.2667207,-21.407656],[-41.2641554,-21.4103404],[-41.263865,-21.4118635],[-41.262204,-21.4133437],[-41.262361,-21.4168419],[-41.260579,-21.4190842],[-41.2585231,-21.4202617],[-41.2577148,-21.4213564],[-41.2578739,-21.4326223],[-41.2567346,-21.4352065],[-41.2558372,-21.4457531],[-41.2581222,-21.4514688],[-41.2585741,-21.4540275],[-41.2578103,-21.4567517],[-41.2559135,-21.4584256],[-41.2568874,-21.459845],[-41.2565819,-21.4627665],[-41.2580394,-21.4635876],[-41.2584977,-21.4662163],[-41.2557735,-21.474217],[-41.2555316,-21.4790416],[-41.2567792,-21.4803655],[-41.2567664,-21.4856483],[-41.2588796,-21.4877233],[-41.2608145,-21.488277],[-41.2614852,-21.4897352],[-41.2487485,-21.5018517],[-41.2465504,-21.5000864],[-41.2440643,-21.5005576],[-41.2544674,-21.5563113],[-41.2471234,-21.5587591],[-41.2436387,-21.5586277],[-41.2422638,-21.5602086],[-41.2417753,-21.561804],[-41.2400765,-21.5630626],[-41.2347678,-21.5635461],[-41.2331333,-21.5646768],[-41.2323909,-21.566372],[-41.2307681,-21.5667315],[-41.2298508,-21.5690089],[-41.2298328,-21.571419],[-41.2265157,-21.5733593],[-41.2253108,-21.5729902],[-41.2226452,-21.573963],[-41.2226749,-21.5755447],[-41.2209626,-21.5768267],[-41.2211555,-21.5776474],[-41.2197358,-21.5783215],[-41.2195397,-21.5789581],[-41.2153076,-21.5809623],[-41.2141489,-21.5807748],[-41.2079677,-21.5830484],[-41.2050134,-21.5854361],[-41.2039496,-21.5850716],[-41.2000334,-21.5879142],[-41.1994529,-21.5913869],[-41.1975234,-21.5929805],[-41.1900033,-21.5921079],[-41.1894737,-21.5916121],[-41.1870787,-21.5922081],[-41.1810899,-21.5920603],[-41.1817288,-21.5978595],[-41.1826046,-21.5991126],[-41.1826046,-21.6043575],[-41.1837416,-21.6091623],[-41.1839616,-21.6250806],[-41.1855755,-21.6364325],[-41.1962488,-21.6783372],[-41.1968536,-21.6825284],[-41.1954865,-21.6834245],[-41.1910864,-21.6837564],[-41.1866758,-21.688011],[-41.1850161,-21.6887538],[-41.1810091,-21.6891205],[-41.1785516,-21.6887446],[-41.1774146,-21.6891755],[-41.1750947,-21.6875159],[-41.1752873,-21.6858562],[-41.1725181,-21.6843065],[-41.1711427,-21.6828853],[-41.1648524,-21.6815924],[-41.1628351,-21.6777045],[-41.1583695,-21.6746419],[-41.1570674,-21.674917],[-41.1556462,-21.6741284],[-41.1549585,-21.6747794],[-41.1503576,-21.6740226],[-41.1456422,-21.6763566],[-41.1457156,-21.6735048],[-41.1467609,-21.6730922],[-41.1473478,-21.6734682],[-41.1475403,-21.6728721],[-41.1469626,-21.6718452],[-41.1465042,-21.6725237],[-41.1442943,-21.6728446],[-41.1433957,-21.6725054],[-41.1434049,-21.6717443],[-41.1403056,-21.6722486],[-41.1395445,-21.6713317],[-41.1393611,-21.6740642],[-41.1411217,-21.6773194],[-41.1393336,-21.6768517],[-41.1387926,-21.6772093],[-41.1382333,-21.6762924],[-41.1365094,-21.6765033],[-41.13439543824928,-21.67791965926982],[-41.1312673,-21.6747523],[-41.1287261,-21.6739002],[-41.1219011,-21.6740144],[-41.110184,-21.6772567],[-41.1080647,-21.6772946],[-41.1034476,-21.67597],[-41.0989818,-21.672791],[-41.09796,-21.6705581],[-41.0986791,-21.6631405],[-41.0973545,-21.6599993],[-41.0969003,-21.6578043],[-41.0972788,-21.6543225],[-41.0963705,-21.6526573],[-41.0885731,-21.6459905],[-41.0863415,-21.6446341],[-41.0839951,-21.6440664],[-41.0800592,-21.6374435],[-41.0776371,-21.6352485],[-41.075413,-21.6312799],[-41.0672203,-21.6255714],[-41.0529035,-21.6179804],[-41.0481493,-21.6177999],[-41.0468712,-21.6190934],[-41.0436948,-21.6180267],[-41.0413448,-21.6185961],[-41.0399204,-21.62083],[-41.0359325,-21.6198037],[-41.0306345,-21.6204293],[-41.0305561,-21.6213758],[-41.0295964,-21.6219415],[-41.0302909,-21.6221216],[-41.0285385,-21.6222595],[-41.0268985,-21.6233975],[-41.0219046,-21.6224931],[-41.0214475,-21.6213049],[-41.0205075,-21.6211516],[-41.0156817,-21.6218252],[-41.014562,-21.6205184],[-41.0149923,-21.6195398],[-41.012928,-21.6201278],[-41.0123084,-21.6209843],[-41.0131832,-21.624048],[-41.0172535,-21.6561926],[-41.0226665,-21.6853864],[-41.024654,-21.7134245],[-41.0242725,-21.7286298],[-41.0222927,-21.7430246],[-41.0179172,-21.7631319],[-41.0029713,-21.8238714],[-41.0001713,-21.8337267],[-40.998467,-21.8357211],[-40.9992757,-21.8385281],[-40.9990773,-21.8411745],[-40.9939697,-21.8487058],[-40.9947292,-21.8543036],[-40.9888645,-21.8856905],[-40.9818258,-21.9110623],[-40.9785686,-21.9230898],[-40.9751888,-21.9410341],[-40.9745861,-21.9501379],[-40.9749561,-21.965183],[-40.9777294,-21.981344],[-40.9809109,-21.9920023],[-40.9846912,-22.0008352],[-40.9875141,-22.0060632],[-40.9908291,-22.0102766],[-41.0046307,-22.0215681],[-41.0097233,-22.0246122],[-41.0214916,-22.030834],[-41.0427128,-22.040407],[-41.0710789,-22.0546911],[-41.1168018,-22.0810087],[-41.1232334,-22.0841749],[-41.132877,-22.0908411],[-41.1342426,-22.0931013],[-41.1326557,-22.095331],[-41.1335187,-22.0943681],[-41.1338108,-22.0954562],[-41.1351714,-22.0934982],[-41.1426513,-22.0896338],[-41.1438915,-22.0922664],[-41.1414842,-22.0938342],[-41.1413475,-22.0945115],[-41.1443665,-22.0967988],[-41.144637,-22.0990943],[-41.1451756,-22.0994167],[-41.147283,-22.0959677],[-41.1482622,-22.0952763],[-41.1490402,-22.0959338],[-41.1488052,-22.098546],[-41.1520139,-22.0991523],[-41.1529448,-22.0978144],[-41.1516706,-22.0966249],[-41.1513863,-22.0950813],[-41.1532638,-22.0951516],[-41.155685,-22.0966818],[-41.1578501,-22.0934328],[-41.1591474,-22.0939548],[-41.1602243,-22.0970599],[-41.1611735,-22.0977475],[-41.1595642,-22.1001739],[-41.1599951,-22.1018223],[-41.1629239,-22.1012959],[-41.1657295,-22.0992257],[-41.1666806,-22.0995555],[-41.1667705,-22.0978352],[-41.1706074,-22.0983731],[-41.1750298,-22.0974783],[-41.1755704,-22.097021],[-41.1753584,-22.0961171],[-41.1762573,-22.0958283],[-41.1767778,-22.0960693],[-41.1766207,-22.0972713],[-41.178283,-22.0975856],[-41.1782887,-22.0987967],[-41.1791136,-22.0998651],[-41.1826036,-22.0984457],[-41.1855963,-22.098412],[-41.1866884,-22.0986434],[-41.1862734,-22.0998066],[-41.1872132,-22.1003648],[-41.1890392,-22.0989955],[-41.1893163,-22.0994022],[-41.1884189,-22.1010085],[-41.1890985,-22.1016873],[-41.1904324,-22.1001492],[-41.1904125,-22.0981881],[-41.1927333,-22.0971135],[-41.1933592,-22.097727],[-41.1933681,-22.100068],[-41.1918349,-22.1008219],[-41.1921405,-22.1020638],[-41.191115,-22.1033233],[-41.1930033,-22.1032651],[-41.1948082,-22.1043133],[-41.195589,-22.1028459],[-41.1979802,-22.1025023],[-41.1988301,-22.1016679],[-41.1997454,-22.1036937],[-41.2012877,-22.1036262],[-41.2033605,-22.1004303],[-41.2025035,-22.0978349],[-41.2026509,-22.0966262],[-41.2034635,-22.0961262],[-41.2045592,-22.0968097],[-41.2060421,-22.0965634],[-41.2066789,-22.0980741],[-41.2073745,-22.0962396],[-41.208814,-22.0973964],[-41.2150023,-22.0966783],[-41.2162808,-22.0982774],[-41.2173917,-22.0986272],[-41.2189447,-22.0982934],[-41.2195742,-22.096466],[-41.2207684,-22.0971946],[-41.2218662,-22.0968692],[-41.2225965,-22.0977011],[-41.2237783,-22.0976971],[-41.2287987,-22.0954827],[-41.231799,-22.0960884],[-41.2370428,-22.0981819],[-41.2433961,-22.099269],[-41.25011,-22.0975693],[-41.2516566,-22.098774],[-41.2534076,-22.0991703],[-41.2572985,-22.0989579],[-41.2710304,-22.0790193],[-41.277672,-22.0653238],[-41.4376289,-21.9865853],[-41.5131817,-22.0147367],[-41.5179889,-22.0171745],[-41.5209797,-22.0196182],[-41.5231959,-22.02237],[-41.5395492,-22.0500155],[-41.5429135,-22.0533764],[-41.5463234,-22.0549955],[-41.5512667,-22.0554532],[-41.5735691,-22.0510268],[-41.580745,-22.0514209],[-41.5938301,-22.0472849],[-41.597486,-22.0471208],[-41.6057009,-22.0482038],[-41.6169726,-22.0459418],[-41.6296362,-22.0500565],[-41.6477103,-22.0515277],[-41.66313158517969,-22.056861867036943],[-41.6596997,-22.0558275],[-41.6624387,-22.0611054],[-41.6623836,-22.063026],[-41.6616075,-22.0645673],[-41.6625198,-22.065662],[-41.662365,-22.0664569],[-41.6629788,-22.0666878],[-41.6624981,-22.0684828],[-41.6653335,-22.0675362],[-41.6733633,-22.0672087],[-41.678313,-22.0695684],[-41.682499,-22.0680983],[-41.6839906,-22.0694572],[-41.6871634,-22.0707203],[-41.6886472,-22.0725925],[-41.6898244,-22.0731996],[-41.6923946,-22.0731184],[-41.6965196,-22.0752768],[-41.7017015,-22.0765157],[-41.7056571,-22.080425],[-41.715476,-22.0812739],[-41.7171569,-22.0828942],[-41.7178825,-22.0844228],[-41.7171397,-22.0873774],[-41.7163267,-22.0876065],[-41.6936848,-22.1083099],[-41.5871652,-22.1336696],[-41.5835836,-22.1362222],[-41.5737286,-22.1385969],[-41.5722988,-22.1399188],[-41.568908,-22.1458179],[-41.5688961,-22.1486217],[-41.5637217,-22.1495843],[-41.5575203,-22.1543649],[-41.5541521,-22.1585551],[-41.5499947,-22.1697636],[-41.5510139,-22.175483],[-41.5474694,-22.1787661],[-41.5478787,-22.1828796],[-41.5438375,-22.1860407],[-41.5421522,-22.1891209],[-41.5395994,-22.1889651],[-41.5387893,-22.1901333],[-41.53847,-22.1930981],[-41.5401041,-22.1979876],[-41.5428129,-22.1979728],[-41.5442591,-22.1990053],[-41.5486442,-22.1998149],[-41.5499548,-22.2014289],[-41.553109,-22.2021443],[-41.5535427,-22.202828],[-41.5511947,-22.2076424],[-41.5506979,-22.2107903],[-41.5492354,-22.2129419],[-41.5468928,-22.2199606],[-41.5470157,-22.2238291],[-41.5463455,-22.225329],[-41.5419157,-22.2261591],[-41.5391379,-22.2292008],[-41.5398099,-22.2309],[-41.5431157,-22.2330899],[-41.542408,-22.2346069],[-41.5941654,-22.2553308],[-41.6504208,-22.2794092],[-41.6743618,-22.2913015],[-41.6891161,-22.300029],[-41.7007709,-22.3077142],[-41.7093082,-22.3141268],[-41.7277904,-22.3301752],[-41.7392384,-22.3390672],[-41.7592922,-22.3495786],[-41.7643963,-22.3535173],[-41.7713734,-22.3608682],[-41.7743565,-22.3662813],[-41.7750011,-22.3695982],[-41.7750126,-22.3738039],[-41.7758671,-22.3728197],[-41.7759853,-22.3701875],[-41.7770878,-22.3706968],[-41.7771374,-22.3720949],[-41.7762104,-22.3741796],[-41.7752796,-22.3749159],[-41.7742954,-22.3752096],[-41.773563,-22.3738573],[-41.7728535,-22.3755625],[-41.7719952,-22.3754785],[-41.7700611,-22.3769224],[-41.767902,-22.3750036],[-41.7668835,-22.3770921],[-41.7655559,-22.3769853],[-41.7662159,-22.3781698],[-41.7671162,-22.378002],[-41.7671696,-22.3794267],[-41.7686268,-22.379442],[-41.7696033,-22.3803728],[-41.7692791,-22.3807676],[-41.7702099,-22.3817232],[-41.7697864,-22.3819711],[-41.7705303,-22.3822839],[-41.7698513,-22.3825395],[-41.770557,-22.3824499],[-41.7707363,-22.3829344],[-41.7701717,-22.3830755],[-41.7709499,-22.3833006],[-41.7702175,-22.3836439],[-41.7711636,-22.3842447],[-41.7699848,-22.3863695],[-41.7686153,-22.384466],[-41.7689281,-22.3852175],[-41.7684933,-22.3854406],[-41.7679058,-22.3848551],[-41.7683481,-22.3855356],[-41.7678982,-22.385782],[-41.767326,-22.3851793],[-41.7677723,-22.3858698],[-41.7673603,-22.3860643],[-41.7664562,-22.3846109],[-41.7667576,-22.3837717],[-41.7661816,-22.3843382],[-41.7677723,-22.3872297],[-41.7674976,-22.3882177],[-41.7683025,-22.3892782],[-41.7679363,-22.3908613],[-41.768478,-22.3893984],[-41.7692028,-22.3892076],[-41.7744404,-22.3910635],[-41.7903324,-22.4000395],[-41.7949825,-22.4045522],[-41.7948337,-22.405565],[-41.7956425,-22.4048822],[-41.7977215,-22.4056604],[-41.8013454,-22.4080751],[-41.8112179,-22.4127043],[-41.8277534,-22.4237052],[-41.8287911,-22.4251261],[-41.830463,-22.4255369],[-41.8398968,-22.4333208],[-41.8538204,-22.4480531],[-41.8551479,-22.4515321],[-41.855064,-22.4535463],[-41.8542782,-22.4542883],[-41.855518,-22.4551466],[-41.8550869,-22.4562872],[-41.8581234,-22.4578493],[-41.8604008,-22.4631956],[-41.860664,-22.4653795],[-41.8599583,-22.4660928],[-41.8608929,-22.4662702],[-41.860889,-22.4671915],[-41.8618771,-22.4681928],[-41.8607174,-22.4698999],[-41.8595386,-22.4701612],[-41.8599201,-22.4711187],[-41.860828,-22.4710558],[-41.8609844,-22.4718435],[-41.8624264,-22.4729154],[-41.8627048,-22.475786],[-41.8613163,-22.4763048],[-41.8613506,-22.4770448],[-41.8633915,-22.4762457],[-41.863586,-22.4768846],[-41.8644672,-22.4771421],[-41.8639904,-22.4781397],[-41.8643452,-22.4786813],[-41.8647686,-22.4779356],[-41.8665577,-22.4775293],[-41.8690868,-22.4786356],[-41.8705097,-22.4798696],[-41.8706089,-22.4806707],[-41.8714443,-22.4809301],[-41.8710781,-22.4811666],[-41.8730503,-22.4811075],[-41.8738666,-22.4828089],[-41.8728939,-22.4839361],[-41.8730656,-22.4844167],[-41.8753162,-22.4838579],[-41.8776699,-22.4859369],[-41.8777195,-22.4865053],[-41.8765713,-22.487478],[-41.8768764,-22.4879225],[-41.8786579,-22.488302],[-41.8795963,-22.4878252],[-41.8804737,-22.4884165],[-41.8818699,-22.4881132],[-41.8826748,-22.4887731],[-41.8837887,-22.4883802],[-41.8835216,-22.4875238],[-41.885635,-22.4872053],[-41.8851009,-22.4864881],[-41.8855129,-22.4860933],[-41.8875614,-22.4857748],[-41.8896976,-22.4861582],[-41.893333,-22.4884565],[-41.8995663,-22.4948595],[-41.9139782,-22.5128877],[-41.9179684,-22.5192659],[-41.9186321,-22.5207212],[-41.9182468,-22.5210855],[-41.9192539,-22.5216558],[-41.920322,-22.5236795],[-41.9208103,-22.5253618],[-41.9201122,-22.5264299],[-41.9208103,-22.5259874],[-41.9223781,-22.5266741],[-41.9226795,-22.5275114],[-41.9219929,-22.5278642],[-41.9228054,-22.5282839],[-41.9224544,-22.5288446],[-41.9229351,-22.5286787],[-41.9246288,-22.5307138],[-41.9258839,-22.5296552],[-41.9277721,-22.5310819],[-41.9315563,-22.5355528],[-41.9325176,-22.5375345],[-41.9357525,-22.5369203],[-41.9362446,-22.5361231],[-41.9378239,-22.5363653],[-41.9370757,-22.5334166],[-41.9384228,-22.5323141],[-41.9416958,-22.531637],[-41.9419781,-22.5304849],[-41.9409252,-22.5297888],[-41.941486,-22.5288084],[-41.9430386,-22.5281332],[-41.9467121,-22.5283811],[-41.9561039,-22.5325735],[-41.9559933,-22.531925],[-41.9571148,-22.5315092],[-41.9598728,-22.5329435],[-41.9659573,-22.5388677],[-41.9692379,-22.5430601],[-41.9744869,-22.5519159],[-41.9791559,-22.5624592],[-41.9863659,-22.5840776],[-41.9891888,-22.5985162],[-41.9901043,-22.5984094],[-41.9907566,-22.5993231],[-41.9915157,-22.5990827],[-41.9909043,-22.5973814],[-41.991449,-22.5980979],[-41.9919582,-22.5971773],[-41.9934421,-22.5979421],[-41.995544,-22.6001775],[-41.9978405,-22.6093328],[-41.9997135,-22.6327455],[-41.9992672,-22.648813],[-41.9975391,-22.6677988],[-41.9940906,-22.6892965],[-41.9890743,-22.7076128],[-41.9801327,-22.7245004],[-41.9762569,-22.7281931],[-41.9734557,-22.7295669],[-41.972282,-22.7288606],[-41.9708324,-22.7293947],[-41.9670559,-22.7323835],[-41.9644924,-22.7332208],[-41.9629246,-22.7321432],[-41.9594074,-22.7324484],[-41.9583546,-22.7330358],[-41.9566875,-22.7324636],[-41.9562527,-22.7316129],[-41.9548183,-22.7317121],[-41.9552875,-22.7325742],[-41.9570423,-22.7328222],[-41.9574238,-22.733877],[-41.9580685,-22.7338522],[-41.9577366,-22.7359865],[-41.9552761,-22.7397325],[-41.9520374,-22.7428873],[-41.9494129,-22.7488363],[-41.9433475,-22.7571886],[-41.9377209,-22.7631128],[-41.9332233,-22.7666738],[-41.9279972,-22.7695615],[-41.9224277,-22.7712152],[-41.9159542,-22.7714193],[-41.9103123,-22.7681177],[-41.9085194,-22.7656229],[-41.9087521,-22.764837],[-41.9079204,-22.7621706],[-41.9091602,-22.7581556],[-41.9117886,-22.7579992],[-41.9103237,-22.7556665],[-41.9082523,-22.7555044],[-41.9073139,-22.7563837],[-41.9053188,-22.7569921],[-41.9025455,-22.7564028],[-41.9006763,-22.7548063],[-41.901218,-22.7531984],[-41.9007297,-22.751703],[-41.8977886,-22.7493437],[-41.8971058,-22.7516725],[-41.8960148,-22.7515733],[-41.8955418,-22.7521341],[-41.8960949,-22.7530859],[-41.8956715,-22.7537058],[-41.8907963,-22.7551744],[-41.8875767,-22.7549665],[-41.8843723,-22.753187],[-41.8841396,-22.751293],[-41.8817097,-22.7493932],[-41.881435,-22.7482965],[-41.8828617,-22.7470567],[-41.88158,-22.7466257],[-41.8816334,-22.7449911],[-41.8824612,-22.7443807],[-41.8839642,-22.744684],[-41.881805,-22.7422464],[-41.8819157,-22.7411039],[-41.8826137,-22.7409094],[-41.880241,-22.7399671],[-41.8783489,-22.7420728],[-41.8758961,-22.7422827],[-41.8739887,-22.741226],[-41.873798,-22.7405985],[-41.8743626,-22.7406347],[-41.8744541,-22.7401388],[-41.8737141,-22.7393987],[-41.8748203,-22.7386644],[-41.8745685,-22.7380426],[-41.8721615,-22.7373502],[-41.872253,-22.7379034],[-41.8713833,-22.7377088],[-41.8706318,-22.7389257],[-41.8707043,-22.7406824],[-41.8701778,-22.7410848],[-41.8699947,-22.7407015],[-41.8699947,-22.7417257],[-41.8688465,-22.7410028],[-41.8682285,-22.7412641],[-41.8681293,-22.7425878],[-41.8697658,-22.7428873],[-41.869537,-22.743923],[-41.8704296,-22.7448805],[-41.8709675,-22.7444627],[-41.8713718,-22.7471159],[-41.8727146,-22.7480924],[-41.8732601,-22.7508142],[-41.8739086,-22.751005],[-41.8735577,-22.7541025],[-41.8716656,-22.7553747],[-41.8696552,-22.7559126],[-41.8679462,-22.7532079],[-41.866901,-22.752836],[-41.8654934,-22.7545908],[-41.864925,-22.7542608],[-41.8652798,-22.754978],[-41.8640095,-22.7543962],[-41.863773,-22.7549513],[-41.864677,-22.7583597],[-41.8660351,-22.7593801],[-41.8654362,-22.7601698],[-41.8662258,-22.7618883],[-41.867046,-22.7618005],[-41.8674007,-22.7625311],[-41.8695484,-22.7632807],[-41.8710094,-22.7611597],[-41.8728138,-22.7634962],[-41.8731304,-22.7644346],[-41.8725544,-22.7651766],[-41.8732296,-22.7662256],[-41.8755527,-22.7657163],[-41.8744503,-22.7631986],[-41.8750378,-22.7627142],[-41.8747211,-22.761749],[-41.8758846,-22.7610567],[-41.8763958,-22.7614706],[-41.877441,-22.7645376],[-41.8784939,-22.7648294],[-41.8778606,-22.7655885],[-41.8789097,-22.7653005],[-41.8784061,-22.765949],[-41.8787533,-22.7667654],[-41.8770557,-22.7683161],[-41.8768001,-22.7695425],[-41.8774715,-22.7695348],[-41.8783375,-22.7712457],[-41.8776585,-22.7718694],[-41.8785015,-22.7730081],[-41.8774753,-22.7743166],[-41.8779636,-22.7758463],[-41.8797832,-22.7745722],[-41.8803631,-22.7748659],[-41.8807102,-22.7744005],[-41.8814197,-22.7749288],[-41.882011,-22.772331],[-41.8835751,-22.7712953],[-41.8832661,-22.7691705],[-41.8838154,-22.768646],[-41.8863789,-22.7686231],[-41.8887173,-22.7706869],[-41.8890606,-22.7723177],[-41.8882519,-22.774101],[-41.8860622,-22.7749517],[-41.8852535,-22.7738512],[-41.884338,-22.7757986],[-41.8834454,-22.7759664],[-41.8840481,-22.7770975],[-41.8828388,-22.7769697],[-41.8822323,-22.7774751],[-41.8816372,-22.7790468],[-41.8821522,-22.7790144],[-41.8820187,-22.7800291],[-41.8812328,-22.7810877],[-41.8811565,-22.7843168],[-41.8817058,-22.783943],[-41.8830334,-22.7850034],[-41.8835941,-22.7847917],[-41.8840977,-22.7823389],[-41.8837772,-22.7813375],[-41.8852688,-22.778343],[-41.8863102,-22.7781084],[-41.8865086,-22.7772005],[-41.8873859,-22.7775133],[-41.888187,-22.7808092],[-41.8894688,-22.7811086],[-41.8903271,-22.7805135],[-41.8918453,-22.7834261],[-41.8931843,-22.7844312],[-41.8932072,-22.785568],[-41.8938824,-22.7849138],[-41.8947521,-22.7861154],[-41.8964115,-22.7857225],[-41.8966518,-22.7840936],[-41.8984257,-22.7837599],[-41.8987118,-22.7828024],[-41.8981815,-22.7819994],[-41.8986584,-22.7813871],[-41.8999287,-22.7812555],[-41.9003216,-22.7818735],[-41.8995396,-22.7822702],[-41.900272,-22.7822225],[-41.9006763,-22.7831419],[-41.9009853,-22.7826364],[-41.9013744,-22.7832601],[-41.903236,-22.7823103],[-41.9026218,-22.7833898],[-41.9035831,-22.7836588],[-41.9033619,-22.7828291],[-41.9040905,-22.7828977],[-41.9041096,-22.781286],[-41.9035259,-22.7803037],[-41.9059673,-22.7783945],[-41.909149,-22.7785296],[-41.9144198,-22.7811758],[-41.9163641,-22.7826424],[-41.9163052,-22.7837789],[-41.9171101,-22.7845686],[-41.9184263,-22.7847054],[-41.9185406,-22.7852648],[-41.921825,-22.7871168],[-41.9259563,-22.7923448],[-41.9286648,-22.7968195],[-41.9306522,-22.802366],[-41.9308163,-22.8060034],[-41.9302059,-22.8067034],[-41.9293133,-22.8067491],[-41.9286304,-22.8080156],[-41.9265438,-22.8073271],[-41.9255749,-22.8077162],[-41.9253155,-22.8084257],[-41.9259258,-22.8089216],[-41.9255329,-22.8096407],[-41.9262615,-22.8098009],[-41.9259258,-22.810478],[-41.9263454,-22.8117502],[-41.9274326,-22.8115061],[-41.9275967,-22.8137338],[-41.9284664,-22.8145769],[-41.9289204,-22.8130625],[-41.9297558,-22.8123548],[-41.9307552,-22.8137014],[-41.9315983,-22.8122652],[-41.9324299,-22.8126352],[-41.9324337,-22.8108862],[-41.9331814,-22.809839],[-41.9340321,-22.8103502],[-41.9346882,-22.8094423],[-41.9353558,-22.8099478],[-41.9359585,-22.8093221],[-41.936504,-22.8098371],[-41.9378277,-22.809511],[-41.9389797,-22.8099783],[-41.940292,-22.809408],[-41.9421459,-22.8101728],[-41.9418522,-22.8123014],[-41.9428287,-22.8139608],[-41.944202,-22.8142183],[-41.9460064,-22.8126486],[-41.9489094,-22.812906],[-41.9524723,-22.8147714],[-41.9542957,-22.8147943],[-41.9548756,-22.8168066],[-41.9567142,-22.8171594],[-41.958614,-22.8194559],[-41.9591976,-22.8194978],[-41.9597507,-22.8184526],[-41.9635807,-22.8189962],[-41.9657284,-22.819988],[-41.9685436,-22.8228033],[-41.9701725,-22.8228586],[-41.9727665,-22.8252695],[-41.9783131,-22.8330648],[-41.9823376,-22.8409879],[-41.9863735,-22.8526705],[-41.9866329,-22.8583868],[-41.9859081,-22.8613317],[-41.9841686,-22.8647554],[-41.9818302,-22.8669813],[-41.9798199,-22.8665178],[-41.9782864,-22.8646486],[-41.9777141,-22.8650415],[-41.9789844,-22.867214],[-41.9782062,-22.8678911],[-41.9803577,-22.8685148],[-41.980949,-22.8675726],[-41.9821354,-22.8672674],[-41.9831539,-22.8684995],[-41.9830776,-22.8701914],[-41.9822803,-22.8713987],[-41.9811054,-22.8716562],[-41.9795872,-22.8708551],[-41.979694,-22.8734205],[-41.9803272,-22.8738611],[-41.9820209,-22.8729265],[-41.9828411,-22.8735254],[-41.9839893,-22.8732488],[-41.984119,-22.8747099],[-41.9852062,-22.8752172],[-41.9858013,-22.8762529],[-41.9851147,-22.8768251],[-41.9870754,-22.8779142],[-41.9880596,-22.8805673],[-41.9889446,-22.8811243],[-41.9896809,-22.8827493],[-41.9919353,-22.8818109],[-41.9943996,-22.8829096],[-41.9954449,-22.8840139],[-41.9965809,-22.8836285],[-41.9986535,-22.8847136],[-42.0010727,-22.8875005],[-42.0014187,-22.8898561],[-42.004192,-22.8896177],[-42.0046268,-22.8877619],[-42.0055939,-22.8871256],[-42.0058648,-22.8858621],[-42.0085018,-22.8855405],[-42.0084739,-22.8850528],[-42.0072566,-22.885209],[-42.0074238,-22.883987],[-42.008917,-22.8830062],[-42.0116046,-22.8826688],[-42.0155225,-22.884616],[-42.0235933,-22.8920071],[-42.0277191,-22.8970622],[-42.031489,-22.9030863],[-42.0349554,-22.9115216],[-42.037343,-22.9216994],[-42.0372855,-22.9331308],[-42.0363078,-22.9385829],[-42.033823,-22.942104],[-42.0339244,-22.9444293],[-42.0326135,-22.9465466],[-42.0319709,-22.9468545],[-42.0281826,-22.945253],[-42.0282958,-22.9462688],[-42.0269944,-22.9468855],[-42.0227007,-22.946393],[-42.0249665,-22.9494228],[-42.0229899,-22.9504925],[-42.0243942,-22.9513605],[-42.0248959,-22.9523317],[-42.0247362,-22.9537596],[-42.0240801,-22.9544027],[-42.0252677,-22.9544895],[-42.0268437,-22.9563262],[-42.0253408,-22.9584726],[-42.0228656,-22.9605848],[-42.0206843,-22.9615443],[-42.01901,-22.9601428],[-42.0179119,-22.9600953],[-42.0163521,-22.956447],[-42.0151474,-22.9550616],[-42.0135683,-22.9545021],[-42.0124852,-22.953078],[-42.0104802,-22.9522813],[-42.0091657,-22.952555],[-42.0064226,-22.952009],[-42.0036851,-22.9499144],[-42.0035513,-22.9503253],[-42.0018939,-22.9498684],[-42.0014437,-22.950632],[-42.0019224,-22.9515531],[-42.0035541,-22.9516909],[-42.005058,-22.9537525],[-42.0081377,-22.9546254],[-42.0077792,-22.9574884],[-42.009468,-22.9600101],[-42.0067514,-22.9623287],[-42.0047398,-22.9614669],[-42.0041163,-22.9593359],[-42.0024408,-22.9596007],[-41.9990104,-22.9585075],[-41.9987783,-22.9593573],[-41.9976843,-22.959425],[-41.9974583,-22.9601651],[-41.9967502,-22.9597853],[-41.9958489,-22.9615108],[-41.9948483,-22.9617686],[-41.9958394,-22.9634731],[-41.9982075,-22.9650666],[-42.0011125,-22.9648829],[-42.0025219,-22.9653947],[-42.0029733,-22.9692169],[-42.0035194,-22.969747],[-42.0050249,-22.9692824],[-42.0074538,-22.9657829],[-42.009687,-22.9657971],[-42.01328,-22.9639944],[-42.0151778,-22.9656428],[-42.016208,-22.9679282],[-42.0119407,-22.9699716],[-42.0120762,-22.9707139],[-42.0134982,-22.9709164],[-42.0133222,-22.9735359],[-42.0137097,-22.9734482],[-42.0137119,-22.971291],[-42.0174029,-22.9709659],[-42.0185167,-22.969727],[-42.0198976,-22.9713571],[-42.0209922,-22.9750184],[-42.0197365,-22.9791395],[-42.0173449,-22.9786856],[-42.0169722,-22.9792192],[-42.0159542,-22.9791637],[-42.0132185,-22.9778495],[-42.0113564,-22.978866],[-42.0104614,-22.9783005],[-42.0096374,-22.9795008],[-42.0104697,-22.9809212],[-42.0087521,-22.9814831],[-42.0079184,-22.9832908],[-42.0089637,-22.9860486],[-42.0117957,-22.9867566],[-42.0128351,-22.9879149],[-42.0129773,-22.9903525],[-42.012407,-22.9913154],[-42.0136133,-22.9933302],[-42.0123523,-22.9961862],[-42.012836,-22.9974704],[-42.0146635,-22.996939],[-42.0148737,-22.9958278],[-42.0155441,-22.9957211],[-42.0162131,-22.9946186],[-42.01535,-22.9911781],[-42.0179823,-22.9906355],[-42.0173108,-22.9883306],[-42.017628,-22.9861715],[-42.0189593,-22.9863427],[-42.0193429,-22.9854627],[-42.0189951,-22.9849666],[-42.019714,-22.9841278],[-42.0220316,-22.9826432],[-42.0254538,-22.9818264],[-42.0278765,-22.9829185],[-42.0300917,-22.9830835],[-42.0302998,-22.9819389],[-42.0331936,-22.9789844],[-42.0352293,-22.9790094],[-42.0347037,-22.9774192],[-42.0353015,-22.9765787],[-42.0341022,-22.9762467],[-42.0334095,-22.9768357],[-42.0325376,-22.9763746],[-42.0324041,-22.9733965],[-42.0341831,-22.9705992],[-42.0378843,-22.9671782],[-42.0426479,-22.9643494],[-42.0542049,-22.9598324],[-42.0739117,-22.9555235],[-42.091001,-22.953614],[-42.0971656,-22.9524361],[-42.1095754,-22.9514888]],[[-41.12789247173781,-21.911905645678935],[-41.1278754,-21.911936],[-40.9818258,-21.9110623],[-41.12789247173781,-21.911905645678935]],[[-41.9911621,-22.5963692],[-41.991520637676466,-22.596123598394218],[-41.9909043,-22.5973814],[-41.9911621,-22.5963692]],[[-41.9737204,-22.1339614],[-41.9727408,-22.1349729],[-41.973739002427656,-22.133688782191413],[-41.9737204,-22.1339614]],[[-41.97456027827957,-22.164828167871477],[-41.974183,-22.1640284],[-41.97448578181232,-22.16371872204751],[-41.97456027827957,-22.164828167871477]],[[-41.9745956,-22.1653542],[-41.9733222,-22.1654356],[-41.974587779195154,-22.165237727909485],[-41.9745956,-22.1653542]],[[-41.918597,-22.1636966],[-41.9189003,-22.1631034],[-41.91941180168278,-22.16284773428593],[-41.918597,-22.1636966]],[[-41.90171494549537,-22.239646196095443],[-41.9014032,-22.2395212],[-41.8994725,-22.2377953],[-41.90171494549537,-22.239646196095443]],[[-41.9064797,-22.2416362],[-41.906573727907556,-22.24204124674491],[-41.90614624977455,-22.241505360157376],[-41.9064797,-22.2416362]],[[-41.9066893,-22.2425391],[-41.9058536,-22.2434269],[-41.90667355906467,-22.24247129231628],[-41.9066893,-22.2425391]],[[-41.8864275,-22.2685517],[-41.8826369,-22.2726243],[-41.886436682777244,-22.268140376433735],[-41.8864275,-22.2685517]],[[-41.84605457547916,-22.216117660524528],[-41.8461447,-22.2162296],[-41.8482376,-22.236142],[-41.84605457547916,-22.216117660524528]],[[-41.8194572,-22.1863928],[-41.81946531402405,-22.186330509593812],[-41.81953307306216,-22.186436411427398],[-41.8194572,-22.1863928]],[[-41.7042984,-22.2784973],[-41.70412292185638,-22.278707165366047],[-41.7058363,-22.2743648],[-41.7042984,-22.2784973]],[[-41.7033472,-22.2796349],[-41.70210222468279,-22.28005385965228],[-41.703997457633356,-22.278857215933872],[-41.7033472,-22.2796349]],[[-41.869593988958655,-22.419388472929818],[-41.8693142,-22.4194291],[-41.860271,-22.4186272],[-41.869593988958655,-22.419388472929818]],[[-41.878900919845634,-22.417937259904757],[-41.8786678,-22.4180709],[-41.87314953556413,-22.418872185789084],[-41.878900919845634,-22.417937259904757]],[[-41.8822061,-22.4148629],[-41.8802135,-22.4171848],[-41.87963289978796,-22.417517639391793],[-41.8822061,-22.4148629]],[[-41.9328479,-22.3964399],[-41.9291827,-22.3973982],[-41.929072329293334,-22.39737485743617],[-41.9328479,-22.3964399]],[[-41.9338978,-22.3949409],[-41.9357195,-22.3944149],[-41.9326014,-22.3955046],[-41.9338978,-22.3949409]],[[-41.93783580887909,-22.394632884702094],[-41.9377565,-22.3947036],[-41.9357195,-22.3944149],[-41.93783580887909,-22.394632884702094]],[[-42.063928645734435,-22.424078830696377],[-42.0635168,-22.4227724],[-42.0631317,-22.4195174],[-42.063928645734435,-22.424078830696377]],[[-42.00290134017547,-22.490377988353874],[-42.0030854,-22.4902002],[-42.0189219,-22.4797673],[-42.00290134017547,-22.490377988353874]],[[-41.9913961,-22.5034096],[-41.9913106,-22.5021594],[-41.991405307953585,-22.502082685425275],[-41.9913961,-22.5034096]],[[-41.990064995575544,-22.50695984523637],[-41.9899852,-22.5067333],[-41.9904344,-22.504549],[-41.990064995575544,-22.50695984523637]],[[-41.9819136,-22.5615218],[-41.981656617928394,-22.561609153589558],[-41.9822519,-22.5581501],[-41.9819136,-22.5615218]],[[-42.179187262948055,-22.55126300257964],[-42.1789722,-22.5511685],[-42.179748,-22.5497735],[-42.179187262948055,-22.55126300257964]],[[-42.176374409536876,-22.545712405102705],[-42.17604550553909,-22.545640161150022],[-42.1761698,-22.5455525],[-42.176374409536876,-22.545712405102705]],[[-42.175262203210025,-22.546192600755788],[-42.1745748,-22.5470555],[-42.1715303,-22.5488246],[-42.175262203210025,-22.546192600755788]],[[-42.139625482496335,-22.541629992824596],[-42.1395778,-22.5416015],[-42.13953742358296,-22.54145466436063],[-42.139625482496335,-22.541629992824596]],[[-42.13890209468664,-22.540189701675548],[-42.138729025582926,-22.54018880098474],[-42.13887,-22.5401258],[-42.13890209468664,-22.540189701675548]],[[-42.1288345,-22.5575368],[-42.1271781,-22.5577071],[-42.1258986,-22.5577102],[-42.1288345,-22.5575368]],[[-42.12175680857384,-22.554359919577575],[-42.12157130031293,-22.55457741133468],[-42.1216493,-22.5543905],[-42.12175680857384,-22.554359919577575]],[[-42.120543753428784,-22.55703973095113],[-42.12035411533537,-22.557622843056947],[-42.1203435,-22.5575196],[-42.120543753428784,-22.55703973095113]],[[-42.1215145,-22.5618978],[-42.1248053,-22.5636809],[-42.12475291189722,-22.56380279798608],[-42.1215145,-22.5618978]],[[-42.1221575,-22.5648413],[-42.1198271,-22.5663287],[-42.11951710452266,-22.56640166009469],[-42.1221575,-22.5648413]],[[-42.11913510193039,-22.56649156768155],[-42.1181845,-22.5667153],[-42.11772672970497,-22.566612386258058],[-42.11913510193039,-22.56649156768155]],[[-42.11614387657411,-22.5662565367405],[-42.11478105874004,-22.565950154512542],[-42.1149933,-22.5658789],[-42.11614387657411,-22.5662565367405]],[[-42.11085226730591,-22.56716663274783],[-42.1106353,-22.5672399],[-42.11045211216809,-22.567117217147505],[-42.11085226730591,-22.56716663274783]],[[-42.10826294782992,-22.565651110349943],[-42.1075692,-22.5651865],[-42.10750114085031,-22.56497059790684],[-42.10826294782992,-22.565651110349943]],[[-42.0977203,-22.5616217],[-42.09411575930176,-22.561785938651077],[-42.0944251,-22.5616389],[-42.0977203,-22.5616217]],[[-42.091987,-22.5627978],[-42.09132261427746,-22.564809735476327],[-42.0912704,-22.5645763],[-42.091987,-22.5627978]],[[-42.09155711731649,-22.565858133180505],[-42.09196045618619,-22.567037677550683],[-42.0917571,-22.5667522],[-42.09155711731649,-22.565858133180505]],[[-42.0941643,-22.5701315],[-42.0938068,-22.5714217],[-42.09362784837906,-22.571506219609322],[-42.0941643,-22.5701315]],[[-42.092520630093816,-22.572029163500037],[-42.0912667,-22.5726214],[-42.090905041027426,-22.572614852023406],[-42.092520630093816,-22.572029163500037]],[[-42.0819755,-22.5740396],[-42.0806694,-22.5750396],[-42.080372079584194,-22.574971825266733],[-42.0819755,-22.5740396]],[[-42.076839526222884,-22.573106391945267],[-42.079681493388236,-22.574814404878687],[-42.0786681,-22.5745834],[-42.076839526222884,-22.573106391945267]],[[-42.063435,-22.5727462],[-42.0628734,-22.5732563],[-42.0626023495815,-22.57322245747558],[-42.063435,-22.5727462]],[[-42.06206387233399,-22.573155224857018],[-42.0619123,-22.5731363],[-42.06183681533474,-22.573027331268538],[-42.06206387233399,-22.573155224857018]],[[-42.060883,-22.5684339],[-42.0605907,-22.5653403],[-42.06063809071643,-22.56519021465287],[-42.060883,-22.5684339]],[[-42.060807070104005,-22.564655060682846],[-42.0610728,-22.5638135],[-42.0628792,-22.5617223],[-42.060807070104005,-22.564655060682846]],[[-42.0397201,-22.5683695],[-42.0387422,-22.5672836],[-42.03871429068708,-22.567145190868196],[-42.0397201,-22.5683695]],[[-42.037273150706746,-22.560799707571917],[-42.036997497035266,-22.560471134523375],[-42.0372417,-22.5606491],[-42.037273150706746,-22.560799707571917]],[[-42.03632343244264,-22.559979902868456],[-42.03559804357494,-22.55979182707799],[-42.0361235,-22.5598342],[-42.03632343244264,-22.559979902868456]],[[-42.03516297670206,-22.559756743189407],[-42.0336608,-22.5601302],[-42.0348177,-22.5597289],[-42.03516297670206,-22.559756743189407]],[[-41.99620259266795,-22.57465197405468],[-41.99563153947466,-22.57476597619824],[-41.9959125,-22.5745236],[-41.99620259266795,-22.57465197405468]],[[-41.9946729,-22.5960289],[-41.9934781,-22.5964004],[-41.99342874408614,-22.59639083091725],[-41.9946729,-22.5960289]],[[-41.99329072720814,-22.596364072321915],[-41.99163750067804,-22.596043546163372],[-41.9918145,-22.5959223],[-41.99329072720814,-22.596364072321915]],[[-42.2068214,-22.8798454],[-42.20510406975351,-22.879681073832707],[-42.20721379807165,-22.87966111785223],[-42.2068214,-22.8798454]],[[-42.2000535,-22.8791978],[-42.1903151,-22.8749133],[-42.20121356913245,-22.879308803526968],[-42.2000535,-22.8791978]],[[-42.1319155,-22.9047786],[-42.131553894714436,-22.90493117628088],[-42.1465817,-22.89628],[-42.1319155,-22.9047786]],[[-42.1254082,-22.9075243],[-42.12486829530123,-22.907653302589637],[-42.13039607250859,-22.905419709532858],[-42.1254082,-22.9075243]],[[-42.071664288067176,-22.860639602556507],[-42.0659082,-22.8643611],[-42.0714031,-22.8607461],[-42.071664288067176,-22.860639602556507]],[[-42.07458303576042,-22.859615922961236],[-42.07288725357842,-22.86014094769132],[-42.0743221,-22.8595559],[-42.07458303576042,-22.859615922961236]],[[-42.1090312,-22.8712647],[-42.108707500740536,-22.86943003084085],[-42.1088701,-22.8696359],[-42.1090312,-22.8712647]],[[-42.1127133,-22.9077499],[-42.112189942408186,-22.9070123005895],[-42.11316296020642,-22.9079271174036],[-42.1127133,-22.9077499]],[[-42.1166345,-22.9092953],[-42.116436952112394,-22.909217443602593],[-42.117071733162916,-22.90921643261535],[-42.1166345,-22.9092953]],[[-42.2060659,-22.3720318],[-42.2041103,-22.3708386],[-42.204166403841974,-22.370746373456235],[-42.2060659,-22.3720318]],[[-42.2028329,-22.4296676],[-42.20273009262483,-22.42971669032559],[-42.2043282,-22.4272217],[-42.2028329,-22.4296676]],[[-42.2011286,-22.4304814],[-42.20082213365025,-22.43049537206179],[-42.20235931145478,-22.429893737627236],[-42.2011286,-22.4304814]],[[-42.17069519036129,-22.421607674341036],[-42.1708375,-22.4215749],[-42.17098547189174,-22.421825564193643],[-42.17069519036129,-22.421607674341036]],[[-42.16970149626824,-22.42196542041624],[-42.169798,-22.4218143],[-42.17023218641743,-22.42171430555235],[-42.16970149626824,-22.42196542041624]],[[-42.1612928,-22.4285634],[-42.1611888598076,-22.42836491733485],[-42.16140377879645,-22.42853342337874],[-42.1612928,-22.4285634]],[[-42.1608515,-22.4277207],[-42.1616515,-22.4241735],[-42.16090292321504,-22.42781889701635],[-42.1608515,-22.4277207]],[[-42.1113678,-22.404378],[-42.1169612,-22.4021638],[-42.11697265294228,-22.402194670763542],[-42.1113678,-22.404378]],[[-42.1028083,-22.4299437],[-42.10278272902586,-22.43019750749708],[-42.10268163604422,-22.429825821458103],[-42.1028083,-22.4299437]],[[-42.1064656,-22.4360887],[-42.10624146581171,-22.436282467405785],[-42.1025744,-22.4322653],[-42.1064656,-22.4360887]],[[-42.1057932,-22.43667],[-42.1003454,-22.436753],[-42.10615278467496,-22.43635913359376],[-42.1057932,-22.43667]],[[-42.0862621,-22.4391418],[-42.0836046,-22.4377024],[-42.08664952883193,-22.439072228868685],[-42.0862621,-22.4391418]],[[-42.0638733,-22.4346227],[-42.063722817072815,-22.43439863078349],[-42.0687309,-22.4353306],[-42.0638733,-22.4346227]],[[-42.0641872,-22.424899],[-42.06403107575028,-22.424403752641027],[-42.0651365,-22.4259928],[-42.0641872,-22.424899]],[[-41.7402875,-22.0865367],[-41.74015079296853,-22.086435176955167],[-41.74191227837569,-22.08642866682141],[-41.7402875,-22.0865367]],[[-41.6953315,-22.0516707],[-41.7018294,-22.0511232],[-41.702012775799645,-22.051204495597503],[-41.6953315,-22.0516707]],[[-41.6648102,-22.0573678],[-41.66470943477271,-22.057337429453167],[-41.6953315,-22.0516707],[-41.6648102,-22.0573678]],[[-41.159114959829225,-21.870501099326876],[-41.1590303,-21.8707601],[-41.1530413,-21.8831063],[-41.159114959829225,-21.870501099326876]],[[-41.15885169190074,-21.864543373585082],[-41.1589649,-21.8645952],[-41.159671,-21.8688],[-41.15885169190074,-21.864543373585082]]],[[[-41.9791755,-22.8980704],[-41.9800448,-22.8993173],[-41.9776963,-22.8993057],[-41.9770434,-22.8987817],[-41.976292,-22.899567],[-41.9771043,-22.9010313],[-41.9793794,-22.9008874],[-41.9812208,-22.8997784],[-41.9801281,-22.9014924],[-41.9808237,-22.9026408],[-41.9834029,-22.9000784],[-41.9823486,-22.8989329],[-41.9817935,-22.8990375],[-41.9819967,-22.8977662],[-41.9832392,-22.8967815],[-41.9837196,-22.8970837],[-41.9844971,-22.8950177],[-41.9867225,-22.8952063],[-41.9871692,-22.8947462],[-41.9864529,-22.8938008],[-41.9890494,-22.8922015],[-41.9885181,-22.8915796],[-41.9876522,-22.8916474],[-41.9856588,-22.892819],[-41.9845883,-22.8925207],[-41.9850583,-22.891721],[-41.9846015,-22.8910256],[-41.9806239,-22.8912064],[-41.978981,-22.8919601],[-41.978866,-22.8928428],[-41.9798555,-22.8942095],[-41.9794732,-22.8955096],[-41.9804872,-22.8961105],[-41.9791755,-22.8980704]]],[[[-41.9603289,-22.8831984],[-41.9607173,-22.8854508],[-41.9610453,-22.8852877],[-41.9603289,-22.8831984]]],[[[-41.9592506,-22.8841683],[-41.9597573,-22.8832017],[-41.9591327,-22.8818127],[-41.958149,-22.8822492],[-41.9592506,-22.8841683]]],[[[-41.9496016,-22.8705114],[-41.9532,-22.8761378],[-41.9539357,-22.8758801],[-41.9543141,-22.8750121],[-41.9538551,-22.8744891],[-41.9543755,-22.8741731],[-41.9533619,-22.872444],[-41.9496016,-22.8705114]]],[[[-41.9464031,-22.7365549],[-41.9459721,-22.7365206],[-41.9460026,-22.7366045],[-41.9464031,-22.7365549]]],[[[-41.9458422,-22.7278819],[-41.9462098,-22.7279777],[-41.9459991,-22.7277265],[-41.9458422,-22.7278819]]],[[[-41.9822216,-22.5964856],[-41.9831365,-22.5969708],[-41.9823151,-22.5958545],[-41.9822216,-22.5964856]]],[[[-43.9551116,-22.5196441],[-43.9467287,-22.5182766],[-43.9447636,-22.517022],[-43.9436745,-22.51511],[-43.942559,-22.5158629],[-43.9134823,-22.5207814],[-43.9547198,-22.5684843],[-43.9844031,-22.5523812],[-43.988767,-22.5564626],[-43.9927302,-22.563068],[-43.9924869,-22.5644617],[-43.9895257,-22.5654374],[-43.9895628,-22.5663801],[-43.9871031,-22.5683156],[-43.9850027,-22.5687157],[-43.9840761,-22.5707802],[-43.9821346,-22.5721491],[-43.9817156,-22.5729201],[-43.9816652,-22.5784988],[-43.9834203,-22.5774167],[-43.9849684,-22.5773414],[-43.9885291,-22.5792133],[-43.9987193,-22.582877],[-44.0104363,-22.5859595],[-44.0147262,-22.5863282],[-44.0168863,-22.585847],[-44.0205705,-22.5820045],[-44.0228582,-22.5809199],[-44.0300615,-22.5819454],[-44.0386784,-22.5822203],[-44.0554117,-22.5858418],[-44.0609145,-22.5881203],[-44.0685238,-22.5924196],[-44.0863015,-22.6405916],[-44.0853949,-22.6467526],[-44.0880031,-22.6487148],[-44.0895014,-22.6483522],[-44.0939975,-22.6492627],[-44.1163007,-22.643627],[-44.1482874,-22.6487917],[-44.1480422,-22.6519896],[-44.14715,-22.6527646],[-44.1646136,-22.6720314],[-44.1653626,-22.6722803],[-44.1656128,-22.6734455],[-44.1658051,-22.6711189],[-44.1683884,-22.6674194],[-44.1714498,-22.6594284],[-44.175191,-22.6557542],[-44.1773394,-22.6548549],[-44.1811063,-22.6543226],[-44.1859015,-22.6520015],[-44.1895978,-22.649107],[-44.1908853,-22.6473339],[-44.1910602,-22.6450583],[-44.1900687,-22.6433717],[-44.1891612,-22.642457],[-44.1861637,-22.6414175],[-44.1859375,-22.6393241],[-44.1842763,-22.6372991],[-44.1897793,-22.6331841],[-44.190228,-22.6310314],[-44.1912054,-22.6299349],[-44.194437,-22.6300105],[-44.1967016,-22.6308383],[-44.1985025,-22.6304905],[-44.2043678,-22.6263438],[-44.2046083,-22.6250802],[-44.2025834,-22.622862],[-44.204351,-22.6188234],[-44.2039458,-22.615971],[-44.2070857,-22.6134519],[-44.2074259,-22.6120217],[-44.208625,-22.614641],[-44.2100339,-22.6156073],[-44.2148989,-22.6142026],[-44.2158685,-22.6146847],[-44.2163879,-22.6171159],[-44.2188129,-22.6176643],[-44.2210321,-22.6166602],[-44.2230809,-22.6123194],[-44.2242667,-22.6117426],[-44.2240098,-22.61102],[-44.2247927,-22.6107613],[-44.2244004,-22.6079556],[-44.2260189,-22.60456],[-44.2285161,-22.6060993],[-44.2290379,-22.6074535],[-44.2319116,-22.6081967],[-44.2326383,-22.6091546],[-44.2351817,-22.6084808],[-44.2362849,-22.6087615],[-44.238095,-22.6075493],[-44.2403014,-22.6091216],[-44.2419331,-22.6092999],[-44.2437829,-22.6082958],[-44.2456062,-22.6064197],[-44.2482354,-22.6064857],[-44.2493584,-22.6072785],[-44.2489753,-22.6095906],[-44.2516442,-22.6121274],[-44.2533882,-22.6124709],[-44.2603379,-22.6095906],[-44.2634295,-22.605944],[-44.2643148,-22.6041075],[-44.2679217,-22.6021587],[-44.2681798,-22.5995584],[-44.2687356,-22.5987743],[-44.2699333,-22.60056],[-44.2716377,-22.6010158],[-44.2715022,-22.6017062],[-44.2720439,-22.6020662],[-44.2729526,-22.6022825],[-44.274442,-22.6016864],[-44.2753074,-22.6024527],[-44.2833338,-22.6043817],[-44.2839945,-22.60565],[-44.2831738,-22.6070452],[-44.2833603,-22.6080679],[-44.2850911,-22.6098251],[-44.2907459,-22.6057161],[-44.2906138,-22.6046723],[-44.2952778,-22.6017062],[-44.2949012,-22.5996384],[-44.2954297,-22.5984626],[-44.2975965,-22.5985286],[-44.2976494,-22.5993015],[-44.2991556,-22.5995823],[-44.3018344,-22.5987136],[-44.304239,-22.5990967],[-44.313263,-22.5957672],[-44.314756,-22.597617],[-44.3169888,-22.5972801],[-44.3200937,-22.59547],[-44.3248214,-22.5894141],[-44.327519,-22.5881834],[-44.3295141,-22.5884873],[-44.3308617,-22.5901785],[-44.3336628,-22.5911033],[-44.3402425,-22.5902049],[-44.3420701,-22.5892542],[-44.3422831,-22.5886479],[-44.3449903,-22.5878487],[-44.3457224,-22.5883085],[-44.3456727,-22.589531],[-44.3473842,-22.5909061],[-44.3452835,-22.594546],[-44.3452391,-22.5966393],[-44.3463954,-22.597166],[-44.3487465,-22.5951618],[-44.3501484,-22.5953142],[-44.3501667,-22.5982038],[-44.35183,-22.6002366],[-44.3486566,-22.6057097],[-44.3488557,-22.6081058],[-44.3498983,-22.6096243],[-44.3526494,-22.6100436],[-44.3537924,-22.6127824],[-44.3560237,-22.6148993],[-44.3597683,-22.6138637],[-44.3611903,-22.6128418],[-44.3598427,-22.6093869],[-44.3608977,-22.6075472],[-44.3627449,-22.6059103],[-44.36002,-22.5961314],[-44.3598616,-22.5930541],[-44.3611492,-22.5919764],[-44.3622511,-22.5918393],[-44.3657534,-22.5940385],[-44.3670885,-22.5932567],[-44.3671572,-22.5925473],[-44.3682013,-22.5917168],[-44.3689238,-22.591892],[-44.3686219,-22.5912111],[-44.3704205,-22.5897465],[-44.3696625,-22.5887829],[-44.3671765,-22.5885067],[-44.3665855,-22.5869072],[-44.3661487,-22.5874468],[-44.3654073,-22.5866401],[-44.3646134,-22.5866374],[-44.3648061,-22.5857316],[-44.3639068,-22.5859436],[-44.3638554,-22.5852241],[-44.3646198,-22.5851727],[-44.3642408,-22.5844854],[-44.3635856,-22.584646],[-44.363425,-22.5840164],[-44.3628982,-22.5844211],[-44.3628725,-22.5832424],[-44.3623104,-22.5830593],[-44.3623137,-22.5837209],[-44.3615844,-22.5826484],[-44.3605182,-22.5831717],[-44.3605021,-22.5821985],[-44.3601199,-22.5824715],[-44.359712,-22.5816749],[-44.3599144,-22.5810229],[-44.3616038,-22.5798345],[-44.3630524,-22.5795422],[-44.3630235,-22.578553],[-44.3638457,-22.5779555],[-44.3659849,-22.578174],[-44.3665618,-22.5788551],[-44.3684324,-22.5786686],[-44.3687311,-22.5795422],[-44.3712139,-22.5804062],[-44.3736485,-22.5783121],[-44.3751774,-22.5784534],[-44.3757812,-22.5774448],[-44.3764493,-22.5775027],[-44.3765392,-22.576796],[-44.3789353,-22.5758774],[-44.3823978,-22.5734942],[-44.3895986,-22.5741985],[-44.390998,-22.5739586],[-44.3920078,-22.5723552],[-44.3930083,-22.5731399],[-44.3946905,-22.5802722],[-44.3957023,-22.5815621],[-44.4002478,-22.5821908],[-44.4009424,-22.5852671],[-44.4035226,-22.5880292],[-44.4047796,-22.5883435],[-44.407641,-22.587868],[-44.4096505,-22.5884303],[-44.4049285,-22.5914322],[-44.4052796,-22.5947031],[-44.4049285,-22.5954514],[-44.4060336,-22.5971527],[-44.4059457,-22.5989991],[-44.4011244,-22.6032953],[-44.400194,-22.6034317],[-44.3988006,-22.6023235],[-44.3986559,-22.6029851],[-44.3981721,-22.6028528],[-44.3985286,-22.6041278],[-44.4016636,-22.605714],[-44.4017942,-22.6066859],[-44.4034848,-22.6060956],[-44.4066197,-22.6088484],[-44.4075707,-22.6077237],[-44.4123691,-22.60527],[-44.4154394,-22.6021044],[-44.4178542,-22.6011327],[-44.4214102,-22.6008267],[-44.4219525,-22.6002709],[-44.4259255,-22.6006117],[-44.4297931,-22.5987042],[-44.4314745,-22.5986518],[-44.4344682,-22.5999625],[-44.435721,-22.6020672],[-44.4393019,-22.6047301],[-44.4423251,-22.6043125],[-44.4452766,-22.6063303],[-44.4467258,-22.6105125],[-44.4505736,-22.6106926],[-44.4524095,-22.6089725],[-44.4546092,-22.6094686],[-44.4571233,-22.6104941],[-44.4577456,-22.6122649],[-44.4597034,-22.6131735],[-44.4616708,-22.6131989],[-44.4628956,-22.6151913],[-44.4648767,-22.6159696],[-44.4684358,-22.6152184],[-44.4718469,-22.6134273],[-44.4731704,-22.6138475],[-44.4765345,-22.6128282],[-44.4784696,-22.6128489],[-44.4794579,-22.6114803],[-44.4808265,-22.6109469],[-44.4805371,-22.6094128],[-44.4815718,-22.607049],[-44.4836052,-22.6052449],[-44.4840136,-22.6039246],[-44.4848208,-22.6038721],[-44.4853418,-22.6048727],[-44.4869875,-22.6051704],[-44.4886662,-22.6067556],[-44.4884553,-22.6088537],[-44.488916,-22.6091756],[-44.4856024,-22.6098028],[-44.4857377,-22.6107986],[-44.485175,-22.6110516],[-44.4862629,-22.6117454],[-44.4862629,-22.6123338],[-44.4883721,-22.6130942],[-44.4886329,-22.6148426],[-44.4900816,-22.6163523],[-44.4918022,-22.6178232],[-44.49299,-22.6180119],[-44.4911442,-22.6206857],[-44.4932898,-22.621764],[-44.4931899,-22.6212367],[-44.4935839,-22.62127],[-44.4959382,-22.6228748],[-44.4960146,-22.6235508],[-44.4951388,-22.6244854],[-44.4955209,-22.6256198],[-44.5003702,-22.6286882],[-44.5001704,-22.62937],[-44.502506,-22.63197],[-44.5042161,-22.6358825],[-44.5067022,-22.6393725],[-44.5085884,-22.640947],[-44.5099984,-22.640899],[-44.5107249,-22.6401358],[-44.5121463,-22.6357963],[-44.5141529,-22.6341077],[-44.514631,-22.6305041],[-44.5156,-22.6301066],[-44.5173155,-22.6310451],[-44.5214637,-22.6317961],[-44.5235647,-22.6305636],[-44.5266844,-22.6299281],[-44.5295387,-22.6299575],[-44.5322718,-22.6307277],[-44.5342843,-22.6321936],[-44.5345328,-22.6330881],[-44.5311785,-22.63843],[-44.5312314,-22.6394967],[-44.5324457,-22.6396972],[-44.5350049,-22.638107],[-44.5375392,-22.6349516],[-44.5378125,-22.6330384],[-44.5341849,-22.6264045],[-44.528491,-22.6236635],[-44.5264549,-22.6206149],[-44.5268339,-22.6201138],[-44.5263039,-22.6192916],[-44.5280959,-22.6198743],[-44.5298734,-22.6189716],[-44.5306506,-22.6191193],[-44.53089,-22.617624],[-44.5329941,-22.6158361],[-44.5347189,-22.6164821],[-44.5356286,-22.618342],[-44.5375378,-22.6181941],[-44.5390661,-22.6156574],[-44.5408745,-22.6143809],[-44.5408005,-22.6128429],[-44.5415257,-22.6123874],[-44.5413831,-22.6119242],[-44.5442504,-22.6104015],[-44.5447612,-22.6095169],[-44.5457871,-22.6094972],[-44.5460294,-22.6069617],[-44.5477346,-22.6072838],[-44.5494456,-22.6061904],[-44.550279,-22.6037612],[-44.5530569,-22.6056112],[-44.5533287,-22.6074788],[-44.5550854,-22.6102569],[-44.5575959,-22.6104716],[-44.557918,-22.6115709],[-44.5640868,-22.6119927],[-44.5669858,-22.610556],[-44.5716079,-22.6057498],[-44.5722138,-22.6014319],[-44.574057,-22.6017336],[-44.5751461,-22.6033339],[-44.5748891,-22.6039758],[-44.5755545,-22.6045588],[-44.5758404,-22.6066321],[-44.5772224,-22.607359],[-44.5778866,-22.6093007],[-44.5799063,-22.6117856],[-44.5808624,-22.6145415],[-44.5797216,-22.6164336],[-44.583777,-22.6228551],[-44.5836567,-22.6262132],[-44.5871655,-22.6250735],[-44.5891577,-22.6234941],[-44.5918319,-22.623548],[-44.5932677,-22.6216814],[-44.5928908,-22.6169162],[-44.5968842,-22.6137395],[-44.5969551,-22.6099938],[-44.602076,-22.6077715],[-44.6025551,-22.6100175],[-44.6046058,-22.6137009],[-44.606341,-22.6151443],[-44.6083917,-22.6156491],[-44.6107974,-22.6173843],[-44.612785,-22.6173448],[-44.6135185,-22.6160868],[-44.6172926,-22.6132592],[-44.6229872,-22.6051234],[-44.6248723,-22.6069296],[-44.6273441,-22.6073177],[-44.6288751,-22.6083326],[-44.6309376,-22.6082468],[-44.6330988,-22.6093274],[-44.6349286,-22.6092169],[-44.6379174,-22.6080693],[-44.6402486,-22.6080579],[-44.6435968,-22.605226],[-44.6454401,-22.6045745],[-44.6461165,-22.6033866],[-44.6445073,-22.6005483],[-44.6434484,-22.6004855],[-44.644873,-22.5966279],[-44.6444206,-22.5932436],[-44.6467266,-22.5890745],[-44.6471202,-22.5846413],[-44.6465033,-22.5815239],[-44.6447278,-22.5793247],[-44.6423682,-22.5776348],[-44.6423428,-22.5742457],[-44.6430113,-22.5715396],[-44.6422085,-22.5669481],[-44.6428985,-22.5644965],[-44.6416234,-22.5602024],[-44.6444276,-22.5555986],[-44.6480853,-22.5524939],[-44.6489548,-22.5536747],[-44.6497834,-22.5568177],[-44.6503527,-22.5570132],[-44.6517129,-22.5557192],[-44.6556505,-22.5541691],[-44.6572449,-22.5547045],[-44.659398,-22.5542406],[-44.6615327,-22.5509361],[-44.6658131,-22.5535895],[-44.6678736,-22.5540738],[-44.6705953,-22.5574775],[-44.6749225,-22.5613421],[-44.6774261,-22.5615001],[-44.6785376,-22.5603231],[-44.6788444,-22.5589012],[-44.677593,-22.5551158],[-44.6771244,-22.5475284],[-44.6762564,-22.5449137],[-44.6749227,-22.5429469],[-44.6716176,-22.5411102],[-44.6699265,-22.5392683],[-44.6710072,-22.5366647],[-44.6787531,-22.530615],[-44.6797587,-22.5288816],[-44.6800025,-22.5265884],[-44.6808209,-22.5256914],[-44.686538,-22.5240186],[-44.6880407,-22.5218144],[-44.6880533,-22.5205083],[-44.6888605,-22.5198073],[-44.6946381,-22.5181186],[-44.6961888,-22.5184372],[-44.6974633,-22.5180336],[-44.6969535,-22.5154422],[-44.6992582,-22.5143376],[-44.7001453,-22.5131678],[-44.698816,-22.5121615],[-44.6988657,-22.5114658],[-44.7013876,-22.5107453],[-44.7022821,-22.5114907],[-44.7033256,-22.5112919],[-44.7040861,-22.512429],[-44.7057978,-22.511677],[-44.7082327,-22.5119503],[-44.7097608,-22.5125591],[-44.7110031,-22.5138635],[-44.7134629,-22.5136647],[-44.7145432,-22.5149493],[-44.7162208,-22.5142362],[-44.7152891,-22.5125715],[-44.7171774,-22.5104766],[-44.7163264,-22.509871],[-44.7135374,-22.5099378],[-44.7127903,-22.509367],[-44.7130098,-22.5077171],[-44.7144119,-22.5059681],[-44.7136896,-22.5030789],[-44.7129207,-22.5021597],[-44.7109067,-22.5020097],[-44.7102411,-22.5011104],[-44.7112678,-22.4998924],[-44.7112537,-22.4962598],[-44.7124079,-22.494362],[-44.7122661,-22.4928222],[-44.7163002,-22.4933554],[-44.7169747,-22.4924272],[-44.7200743,-22.4927715],[-44.7210651,-22.4914644],[-44.7220169,-22.4850783],[-44.7235291,-22.4839727],[-44.7249689,-22.4837938],[-44.7235268,-22.4820112],[-44.7235172,-22.4805916],[-44.722483,-22.4793357],[-44.7238223,-22.4761657],[-44.7229969,-22.4750319],[-44.7227656,-22.473381],[-44.7210846,-22.4724843],[-44.7213653,-22.4707248],[-44.7179607,-22.4707184],[-44.717696,-22.4673591],[-44.719345,-22.4669894],[-44.7185774,-22.4655216],[-44.7192455,-22.4634211],[-44.7210826,-22.4627659],[-44.7224444,-22.4629971],[-44.7233116,-22.4621492],[-44.7237397,-22.4580144],[-44.7250139,-22.456567],[-44.7248983,-22.4551602],[-44.7236971,-22.4534451],[-44.7242174,-22.4508307],[-44.7269924,-22.4505609],[-44.7288103,-22.4486145],[-44.7293692,-22.444953],[-44.7309365,-22.4432636],[-44.7315082,-22.4414328],[-44.7303648,-22.4404372],[-44.7302235,-22.4396342],[-44.7314528,-22.4390205],[-44.7319964,-22.4377328],[-44.7338529,-22.4360305],[-44.7330307,-22.4341291],[-44.7338914,-22.4336666],[-44.7339428,-22.4328958],[-44.7362885,-22.4314442],[-44.7378702,-22.4297737],[-44.7378998,-22.4288232],[-44.7393259,-22.4282579],[-44.7397113,-22.4268832],[-44.7414457,-22.4248276],[-44.743103,-22.4241981],[-44.745711,-22.422104],[-44.7491652,-22.4209783],[-44.7505801,-22.418571],[-44.7531753,-22.4178001],[-44.7540104,-22.4162199],[-44.7553337,-22.4152692],[-44.7571066,-22.4152949],[-44.7596118,-22.4167466],[-44.7632348,-22.4169779],[-44.7654574,-22.4158987],[-44.7711745,-22.4150765],[-44.7742578,-22.4122886],[-44.7763519,-22.4120831],[-44.7784846,-22.4088969],[-44.7835978,-22.4079334],[-44.7890258,-22.4081132],[-44.7937922,-22.4090768],[-44.7954495,-22.408171],[-44.7970233,-22.4082931],[-44.7997984,-22.4073552],[-44.8023421,-22.405608],[-44.8028576,-22.4044666],[-44.805387,-22.4038479],[-44.8065352,-22.4041958],[-44.8084703,-22.406032],[-44.809421,-22.4060833],[-44.8090859,-22.4033836],[-44.806646,-22.4023705],[-44.804796,-22.4000836],[-44.8044617,-22.3954382],[-44.8036654,-22.3938141],[-44.8021494,-22.3923495],[-44.7985268,-22.3913994],[-44.7958799,-22.3899085],[-44.7933865,-22.3868711],[-44.7904545,-22.3880364],[-44.7875895,-22.3880914],[-44.7849385,-22.3855115],[-44.7803089,-22.3829067],[-44.7792367,-22.3828447],[-44.776001,-22.3842932],[-44.7713543,-22.3801959],[-44.7676671,-22.3782688],[-44.7617702,-22.3774337],[-44.7564257,-22.3746587],[-44.7467217,-22.3760371],[-44.7446961,-22.3755902],[-44.7411116,-22.3731106],[-44.7379512,-22.3682286],[-44.7332491,-22.3647341],[-44.7302412,-22.3611199],[-44.7259869,-22.3590242],[-44.7243049,-22.3590692],[-44.7211659,-22.3602294],[-44.7079531,-22.3688281],[-44.7047151,-22.3678567],[-44.7007925,-22.3702147],[-44.6954509,-22.3715624],[-44.6916287,-22.3700985],[-44.6902881,-22.3701593],[-44.6894786,-22.3708608],[-44.6892346,-22.3721719],[-44.6882194,-22.3728936],[-44.6792944,-22.3742485],[-44.6764547,-22.372156],[-44.6703924,-22.3748184],[-44.6671544,-22.3727496],[-44.6654815,-22.3728936],[-44.6643482,-22.3741708],[-44.6629271,-22.3799452],[-44.6607006,-22.3805242],[-44.6596171,-22.3796394],[-44.6597552,-22.3750391],[-44.6568648,-22.3726642],[-44.6510994,-22.3702087],[-44.6504428,-22.3684638],[-44.6459456,-22.3651629],[-44.6461075,-22.3634539],[-44.6425637,-22.3579628],[-44.6419546,-22.3561532],[-44.643556,-22.3545519],[-44.6432597,-22.353543],[-44.6427553,-22.3530466],[-44.6409457,-22.3531506],[-44.6406655,-22.3524941],[-44.6351524,-22.3508536],[-44.6337475,-22.3497958],[-44.6331711,-22.3482424],[-44.6311373,-22.3483225],[-44.6300003,-22.3463368],[-44.6274461,-22.3459444],[-44.6276378,-22.3445355],[-44.6266334,-22.341945],[-44.6275009,-22.3402474],[-44.626141,-22.3353834],[-44.6243675,-22.3353994],[-44.6241027,-22.3338223],[-44.6220186,-22.3319478],[-44.619941,-22.3311414],[-44.6159267,-22.3320187],[-44.6157372,-22.330966],[-44.613394,-22.3280971],[-44.6115404,-22.3282212],[-44.6100354,-22.3265578],[-44.6062519,-22.3260834],[-44.6047266,-22.3270802],[-44.6029651,-22.3257791],[-44.6004189,-22.3260753],[-44.59945,-22.3244499],[-44.597891,-22.3245064],[-44.5969759,-22.3236092],[-44.5953705,-22.3239255],[-44.593609,-22.3228966],[-44.5922638,-22.3227845],[-44.5910628,-22.3213072],[-44.5894053,-22.3203705],[-44.5872115,-22.3203504],[-44.5870874,-22.3212232],[-44.5885927,-22.3235852],[-44.5858143,-22.3261554],[-44.5820751,-22.3240496],[-44.5813545,-22.3260513],[-44.5812664,-22.3285415],[-44.5777994,-22.3269001],[-44.5758978,-22.3273805],[-44.5744876,-22.3257945],[-44.5720424,-22.3252666],[-44.5720504,-22.3241056],[-44.5708814,-22.3242498],[-44.569176,-22.3259873],[-44.5701929,-22.3269561],[-44.5700727,-22.3277168],[-44.5686635,-22.3283413],[-44.568007,-22.3273004],[-44.5656798,-22.3279667],[-44.56549,-22.3295442],[-44.5660092,-22.3306393],[-44.5636192,-22.3331775],[-44.563383,-22.331524],[-44.5594676,-22.3301509],[-44.5579411,-22.3307707],[-44.5566432,-22.3288437],[-44.5559446,-22.3290379],[-44.555208,-22.3306953],[-44.5534284,-22.3294182],[-44.5521954,-22.3274145],[-44.5496892,-22.3285154],[-44.550606,-22.3261254],[-44.5500455,-22.3252686],[-44.5491487,-22.3243358],[-44.5455879,-22.3236784],[-44.5460661,-22.3249699],[-44.5449426,-22.3255838],[-44.5454147,-22.3271914],[-44.544334,-22.3273232],[-44.543163,-22.3283511],[-44.5440968,-22.3307534],[-44.545731,-22.332011],[-44.5437465,-22.3323308],[-44.5414783,-22.3316266],[-44.5388556,-22.3296162],[-44.5325793,-22.3307041],[-44.5310369,-22.3273361],[-44.5302293,-22.3231889],[-44.5287157,-22.3227597],[-44.5272924,-22.3212046],[-44.5247577,-22.3204028],[-44.5233916,-22.3183016],[-44.520784,-22.318623],[-44.5197641,-22.3172682],[-44.5171487,-22.3159228],[-44.5151682,-22.3104811],[-44.5135755,-22.3086286],[-44.511674,-22.3094343],[-44.5110414,-22.3079019],[-44.5091974,-22.3066789],[-44.5077958,-22.3068175],[-44.5061965,-22.3056395],[-44.5050968,-22.3068462],[-44.5027823,-22.3069907],[-44.5014117,-22.3052398],[-44.4968558,-22.3037412],[-44.4945169,-22.3014055],[-44.4948214,-22.2997018],[-44.4911022,-22.2986433],[-44.4901708,-22.2964825],[-44.4857662,-22.2949749],[-44.4843452,-22.2937641],[-44.482279,-22.2940541],[-44.4823515,-22.2921474],[-44.480481,-22.2889212],[-44.4791326,-22.2881527],[-44.4761021,-22.2892474],[-44.4765226,-22.286072],[-44.4746012,-22.285108],[-44.4730644,-22.2831358],[-44.4705197,-22.2827733],[-44.4685075,-22.2800951],[-44.4654665,-22.2791556],[-44.4647198,-22.2807361],[-44.4635888,-22.2810841],[-44.4599131,-22.2799893],[-44.4600073,-22.2793223],[-44.4633792,-22.2763202],[-44.4632045,-22.2746969],[-44.4621163,-22.2736325],[-44.4605511,-22.2735079],[-44.4587386,-22.2704666],[-44.4612543,-22.2675775],[-44.462465,-22.267679],[-44.462983,-22.2669684],[-44.4621678,-22.264895],[-44.4604687,-22.2634471],[-44.4602683,-22.2625315],[-44.4590452,-22.2628801],[-44.4575713,-22.2618573],[-44.4575281,-22.2611302],[-44.4589343,-22.2610961],[-44.4576076,-22.2596388],[-44.4566361,-22.2572319],[-44.4549469,-22.2571231],[-44.4523877,-22.2582178],[-44.4520687,-22.2567244],[-44.4509667,-22.2578916],[-44.4497777,-22.2578699],[-44.4477695,-22.2555209],[-44.4455148,-22.2560719],[-44.4450798,-22.2571666],[-44.4415785,-22.2549347],[-44.4404531,-22.2548173],[-44.4387942,-22.2557321],[-44.4381747,-22.2567582],[-44.4386866,-22.2578647],[-44.4371981,-22.2577734],[-44.4358709,-22.2558346],[-44.4359042,-22.2542852],[-44.4332095,-22.2514083],[-44.4303676,-22.2523229],[-44.4291979,-22.254339],[-44.426254,-22.2540762],[-44.4238966,-22.2556627],[-44.4224807,-22.2557554],[-44.419471,-22.2541287],[-44.4144522,-22.2541542],[-44.4130053,-22.2556041],[-44.4062282,-22.2561624],[-44.3989774,-22.2586731],[-44.3947967,-22.2589069],[-44.3923969,-22.2619628],[-44.3919177,-22.2658132],[-44.3899627,-22.2705088],[-44.3883809,-22.2712423],[-44.387589,-22.2725048],[-44.3840734,-22.2675292],[-44.3807202,-22.2670017],[-44.3798512,-22.2683949],[-44.3781752,-22.267788],[-44.3768855,-22.2682984],[-44.374706,-22.2649809],[-44.3760716,-22.2618428],[-44.3747198,-22.2610703],[-44.372699,-22.2609048],[-44.3711265,-22.2591875],[-44.3698713,-22.2597668],[-44.3678918,-22.2574839],[-44.3662434,-22.2565942],[-44.3654641,-22.2575667],[-44.3644847,-22.2577598],[-44.3638916,-22.2567321],[-44.3639605,-22.2538078],[-44.3620225,-22.2519732],[-44.3598637,-22.2524146],[-44.3600362,-22.2536699],[-44.3584085,-22.2537733],[-44.357167,-22.2560562],[-44.3549255,-22.2552424],[-44.3543461,-22.2564149],[-44.3524219,-22.2576839],[-44.3512632,-22.2573529],[-44.351208,-22.2563597],[-44.3484285,-22.2555045],[-44.3461318,-22.2535181],[-44.3417316,-22.2542492],[-44.3403729,-22.2534974],[-44.339159,-22.254663],[-44.3392556,-22.2579598],[-44.3368899,-22.2585598],[-44.333269,-22.2567873],[-44.3306741,-22.2572835],[-44.3283031,-22.2569184],[-44.323896,-22.2537388],[-44.3232821,-22.2557803],[-44.3247719,-22.2564218],[-44.3250202,-22.2571666],[-44.3237649,-22.2593323],[-44.3239374,-22.2607876],[-44.3223489,-22.2611273],[-44.3213303,-22.2597392],[-44.3196061,-22.2587461],[-44.3170128,-22.2593875],[-44.316599,-22.2569597],[-44.315861,-22.2563459],[-44.3153161,-22.2543458],[-44.3136057,-22.2543113],[-44.3120952,-22.2550079],[-44.3094882,-22.2525043],[-44.3077295,-22.2519801],[-44.3061983,-22.2522836],[-44.3047224,-22.2535319],[-44.3021015,-22.2538423],[-44.2995151,-22.2511456],[-44.2973495,-22.2504214],[-44.2958322,-22.2488765],[-44.2971081,-22.2458004],[-44.2950538,-22.2448358],[-44.2946929,-22.2458326],[-44.2915096,-22.2430614],[-44.2899843,-22.2449914],[-44.2894488,-22.2474626],[-44.287972,-22.2457744],[-44.2845176,-22.2435627],[-44.2835348,-22.2440105],[-44.2763915,-22.2431788],[-44.2740046,-22.2433665],[-44.2722083,-22.2445089],[-44.2688046,-22.2448213],[-44.2680442,-22.2456625],[-44.2673426,-22.2483681],[-44.2664648,-22.2480419],[-44.2646682,-22.2441268],[-44.2635061,-22.2434359],[-44.2627377,-22.244084],[-44.2624094,-22.2460832],[-44.2630006,-22.2476087],[-44.2627542,-22.2516215],[-44.2610438,-22.254663],[-44.2623128,-22.258077],[-44.2600437,-22.26176],[-44.2617404,-22.2634153],[-44.2607248,-22.2676798],[-44.259866,-22.2680434],[-44.2531812,-22.2629463],[-44.2518457,-22.2613652],[-44.2493258,-22.260422],[-44.2483396,-22.2612083],[-44.2481464,-22.2626704],[-44.246236,-22.2624497],[-44.2471947,-22.266581],[-44.2469671,-22.2675259],[-44.2451187,-22.2668845],[-44.242753,-22.2675673],[-44.2392011,-22.262767],[-44.2367526,-22.265781],[-44.2352422,-22.2663948],[-44.2339318,-22.2655051],[-44.2327386,-22.2627118],[-44.2285728,-22.2614566],[-44.2276501,-22.2602228],[-44.2236691,-22.2599392],[-44.2240208,-22.2563597],[-44.2222345,-22.2560493],[-44.2216275,-22.2554355],[-44.221862,-22.2547458],[-44.2243725,-22.2532905],[-44.2216275,-22.2525388],[-44.2159031,-22.2496076],[-44.2137374,-22.2480488],[-44.2131098,-22.2460556],[-44.2096958,-22.2473178],[-44.2083026,-22.2509387],[-44.2034816,-22.2486075],[-44.2019518,-22.2511126],[-44.2012401,-22.2512008],[-44.1982117,-22.2452337],[-44.1964461,-22.2446533],[-44.195378,-22.2450847],[-44.1923996,-22.2427567],[-44.1913657,-22.2406547],[-44.1891718,-22.2403874],[-44.1866535,-22.2412268],[-44.1829463,-22.2388179],[-44.1803594,-22.24097],[-44.1796885,-22.2433835],[-44.1780223,-22.2417789],[-44.173618,-22.2420588],[-44.1734646,-22.2430872],[-44.1722053,-22.2436177],[-44.1715257,-22.2449446],[-44.1700485,-22.2449527],[-44.1681269,-22.2465903],[-44.1678182,-22.2480156],[-44.1652449,-22.2502824],[-44.1645726,-22.2517426],[-44.163109,-22.2517882],[-44.1598628,-22.2501464],[-44.1591199,-22.2508239],[-44.1568754,-22.2511625],[-44.1568943,-22.253412],[-44.1557861,-22.2571177],[-44.1587806,-22.2584497],[-44.1592269,-22.2615089],[-44.1613213,-22.2630228],[-44.1631721,-22.2653786],[-44.169122,-22.2680716],[-44.1677496,-22.2688837],[-44.168002,-22.2717359],[-44.1671897,-22.2727908],[-44.1638079,-22.272744],[-44.1621111,-22.2714637],[-44.157887,-22.2744197],[-44.154005,-22.2747526],[-44.1533824,-22.2771029],[-44.1520006,-22.2782283],[-44.1519289,-22.2796327],[-44.1501292,-22.2792776],[-44.1473346,-22.2801161],[-44.1465369,-22.2826346],[-44.1482831,-22.2833592],[-44.1493623,-22.284569],[-44.1494638,-22.2860773],[-44.1507786,-22.2881591],[-44.1493529,-22.2900336],[-44.1509368,-22.2934177],[-44.1505536,-22.2940629],[-44.1499547,-22.293773],[-44.148192,-22.294511],[-44.1473972,-22.2958483],[-44.1483087,-22.296721],[-44.1453614,-22.2991987],[-44.1459562,-22.300203],[-44.1458241,-22.3024005],[-44.147474,-22.3040346],[-44.1473977,-22.3048873],[-44.1487169,-22.3068659],[-44.1528921,-22.3087086],[-44.1534778,-22.3098027],[-44.1553804,-22.3103779],[-44.1559987,-22.3112133],[-44.1575596,-22.3115371],[-44.1580953,-22.3135262],[-44.154383,-22.3153841],[-44.1551351,-22.3167984],[-44.1543476,-22.317618],[-44.1538961,-22.3198121],[-44.1494557,-22.3189389],[-44.1481198,-22.3200419],[-44.146944,-22.3236101],[-44.1474906,-22.3249537],[-44.1457401,-22.3292008],[-44.1461537,-22.3300708],[-44.1480974,-22.3313852],[-44.15016376601359,-22.33123145646847],[-44.1460255,-22.3319729],[-44.1453143,-22.3340311],[-44.1441175,-22.3354562],[-44.1425183,-22.3358166],[-44.1404848,-22.3386972],[-44.1386318,-22.3369897],[-44.1373501,-22.3367868],[-44.1332453,-22.3370157],[-44.1318026,-22.3379524],[-44.1293667,-22.337254],[-44.126129,-22.3388253],[-44.1241873,-22.3391311],[-44.1232574,-22.3387469],[-44.1223745,-22.3352551],[-44.1204138,-22.3333498],[-44.1190641,-22.330099],[-44.1128149,-22.3285767],[-44.1086912,-22.3293814],[-44.1027228,-22.327544],[-44.099525,-22.328462],[-44.0993237,-22.3299814],[-44.096588,-22.3292013],[-44.0948485,-22.3298423],[-44.0929106,-22.3289455],[-44.0897984,-22.3256845],[-44.0875325,-22.3259071],[-44.0866829,-22.3241261],[-44.0849379,-22.3236199],[-44.0852705,-22.3218321],[-44.0841546,-22.3211926],[-44.081128,-22.3217078],[-44.0789996,-22.3202557],[-44.0741234,-22.3190006],[-44.0738474,-22.3198229],[-44.0718205,-22.3198361],[-44.0706029,-22.3191811],[-44.0710782,-22.3187593],[-44.0698301,-22.3180798],[-44.069532,-22.3167221],[-44.0673049,-22.3156559],[-44.0659241,-22.3168302],[-44.062986,-22.3149194],[-44.0515127,-22.3133455],[-44.0512982,-22.3095959],[-44.049783,-22.308864],[-44.0479094,-22.306567],[-44.0456801,-22.3058759],[-44.0436374,-22.3060768],[-44.0406486,-22.3034037],[-44.0347356,-22.3028471],[-44.0320653,-22.3015089],[-44.0303597,-22.2999497],[-44.0271864,-22.2985781],[-44.0264385,-22.2972652],[-44.0247333,-22.2971764],[-44.0236797,-22.2983374],[-44.0239861,-22.3021993],[-44.0225531,-22.3041149],[-44.0254796,-22.3064825],[-44.0258177,-22.3077044],[-44.0281012,-22.3082348],[-44.0306074,-22.3099339],[-44.0318995,-22.3115634],[-44.0338212,-22.3111675],[-44.0345345,-22.3115153],[-44.0365149,-22.3131331],[-44.0366534,-22.3142882],[-44.0396278,-22.3151254],[-44.0403729,-22.3168299],[-44.041284,-22.3164488],[-44.0425436,-22.3179109],[-44.043999,-22.3180584],[-44.0441708,-22.3189566],[-44.0451622,-22.3189907],[-44.0452158,-22.3200586],[-44.0472719,-22.3210534],[-44.0483053,-22.3233723],[-44.0498019,-22.3250382],[-44.051573,-22.3256271],[-44.0526614,-22.3276874],[-44.0539013,-22.3278225],[-44.0550166,-22.3289874],[-44.0564903,-22.3284317],[-44.0567839,-22.3299951],[-44.058745,-22.32972],[-44.0602876,-22.3309699],[-44.0598455,-22.3321849],[-44.0613434,-22.3331628],[-44.0631333,-22.3334567],[-44.0632867,-22.3351891],[-44.0642968,-22.3363515],[-44.0638903,-22.338561],[-44.0652021,-22.3411582],[-44.0656632,-22.3438048],[-44.0668223,-22.3450316],[-44.0686231,-22.3450802],[-44.0690203,-22.3484031],[-44.0681252,-22.3514473],[-44.0687475,-22.3524242],[-44.0680281,-22.3536434],[-44.0683455,-22.3549481],[-44.0715699,-22.3558466],[-44.0727452,-22.3551954],[-44.0735455,-22.3560994],[-44.0759035,-22.3568774],[-44.0753307,-22.3578572],[-44.076073,-22.3583324],[-44.0768566,-22.3616945],[-44.0790733,-22.3639455],[-44.0798686,-22.3675377],[-44.0815735,-22.3699425],[-44.0825409,-22.3699616],[-44.0835972,-22.3720974],[-44.0846141,-22.3726575],[-44.0837876,-22.3735609],[-44.0845514,-22.3739594],[-44.085243,-22.3769104],[-44.0848537,-22.3804718],[-44.0842083,-22.3809051],[-44.0845754,-22.3812759],[-44.0841657,-22.3820116],[-44.0577559,-22.3910218],[-44.0056429,-22.4070852],[-44.013142,-22.4075916],[-44.0048034,-22.4070928],[-44.0025846,-22.4080292],[-44.003306,-22.4090917],[-44.0066629,-22.4109943],[-44.0089456,-22.4130813],[-44.0239394,-22.4227352],[-44.0279726,-22.4264843],[-44.036975,-22.4296226],[-44.0377736,-22.4303065],[-44.0374723,-22.4316372],[-44.0383861,-22.4330053],[-44.0437201,-22.4351799],[-44.0466105,-22.4381534],[-44.0476387,-22.4405595],[-44.0493294,-22.4411815],[-44.0491893,-22.4429949],[-44.0497762,-22.4432051],[-44.0494608,-22.4439235],[-44.0498989,-22.4453077],[-44.0524394,-22.4451237],[-44.0537097,-22.4455968],[-44.0540864,-22.4464991],[-44.0550238,-22.4463764],[-44.0552428,-22.4471474],[-44.0561889,-22.4471123],[-44.0570387,-22.4484001],[-44.0570036,-22.4498631],[-44.0577571,-22.4503012],[-44.0578534,-22.4516503],[-44.0597282,-22.4517204],[-44.0602888,-22.4524475],[-44.061563,-22.451869],[-44.0627957,-22.4529207],[-44.0630126,-22.4540793],[-44.0651266,-22.4548246],[-44.0657963,-22.4562202],[-44.0682702,-22.4561544],[-44.0714209,-22.4595034],[-44.0698538,-22.461835],[-44.0689148,-22.4622197],[-44.0643433,-22.4618096],[-44.0633004,-22.4612052],[-44.0636974,-22.462377],[-44.0609185,-22.4631619],[-44.059448,-22.4654085],[-44.0566766,-22.4676539],[-44.0562553,-22.4687731],[-44.0566239,-22.4704341],[-44.0545562,-22.4733048],[-44.0550465,-22.4744461],[-44.0562837,-22.475197],[-44.056563,-22.4765118],[-44.0560266,-22.47735],[-44.0566484,-22.4781959],[-44.0558978,-22.4790781],[-44.053113,-22.4803465],[-44.0477218,-22.4856632],[-44.0427084,-22.4873236],[-44.0411386,-22.4907231],[-44.0374208,-22.4945384],[-44.0305987,-22.4971381],[-44.03106114034912,-22.497551280532406],[-44.0287652,-22.496284],[-44.0278137,-22.4938088],[-44.0287882,-22.4878702],[-44.0281708,-22.4863255],[-44.0219753,-22.4841424],[-44.0202022,-22.4843512],[-44.0181896,-22.485486],[-44.017307,-22.4871109],[-44.0151868,-22.4884926],[-44.0062966,-22.4974696],[-44.0038678,-22.5015784],[-44.0025239,-22.5051174],[-44.0027937,-22.5087837],[-44.0018965,-22.5112702],[-43.9962779,-22.5157927],[-43.9914904,-22.5174987],[-43.9845211,-22.5152002],[-43.9807004,-22.5151359],[-43.97523,-22.5166244],[-43.9708094,-22.5160563],[-43.9675734,-22.5169433],[-43.9629655,-22.5167938],[-43.9600498,-22.5177108],[-43.9585887,-22.51916],[-43.9551116,-22.5196441]],[[-44.2585548,-22.2715487],[-44.2603262,-22.2697843],[-44.25857973672856,-22.27169997078563],[-44.2585548,-22.2715487]],[[-44.2602464,-22.2728762],[-44.2586515,-22.2721353],[-44.25860329881753,-22.271842902754575],[-44.2602464,-22.2728762]],[[-44.25866935728158,-22.272954880688015],[-44.2587642,-22.272828],[-44.2602464,-22.2728762],[-44.25866935728158,-22.272954880688015]],[[-44.25823498660548,-22.273969697508353],[-44.2582867,-22.2734668],[-44.25846102712861,-22.273233584984798],[-44.25823498660548,-22.273969697508353]],[[-44.2585256,-22.2773116],[-44.258007,-22.2761868],[-44.258137957929314,-22.274913272764614],[-44.2585256,-22.2773116]],[[-44.3206155,-22.3357584],[-44.3198456,-22.3357204],[-44.31967152921764,-22.33560784446],[-44.3206155,-22.3357584]],[[-44.3230512,-22.3334538],[-44.32437550562118,-22.33277140782081],[-44.3206155,-22.3357584],[-44.3230512,-22.3334538]],[[-44.3256554,-22.3321119],[-44.3277199,-22.332355],[-44.32540916741832,-22.33223877946447],[-44.3256554,-22.3321119]],[[-44.3309594,-22.3343097],[-44.33100337575688,-22.33444353442309],[-44.3308887808627,-22.334249452181563],[-44.3309594,-22.3343097]],[[-44.331633946726576,-22.339841642723098],[-44.3315847,-22.3397073],[-44.33158927543983,-22.33968801758567],[-44.331633946726576,-22.339841642723098]],[[-44.332456610644925,-22.342043097485586],[-44.3324408,-22.3420427],[-44.33238751836063,-22.341897350227104],[-44.332456610644925,-22.342043097485586]],[[-44.3338128,-22.3434808],[-44.3318089,-22.3450439],[-44.333787959220714,-22.3434209186925],[-44.3338128,-22.3434808]],[[-44.3380835,-22.3581514],[-44.3381746659168,-22.358208343735978],[-44.3356567,-22.3574253],[-44.3380835,-22.3581514]],[[-44.3411148,-22.3600448],[-44.34109687853699,-22.360106727817737],[-44.33895831245198,-22.358697822292932],[-44.3411148,-22.3600448]],[[-44.3360105,-22.3873837],[-44.3360068417889,-22.38769253982163],[-44.3342008,-22.387534],[-44.3360105,-22.3873837]],[[-44.3359987,-22.3883799],[-44.3333684,-22.3914942],[-44.336003366723105,-22.387985917834236],[-44.3359987,-22.3883799]],[[-44.3308692,-22.3947501],[-44.3308394810896,-22.39478074812701],[-44.3318589,-22.3919594],[-44.3308692,-22.3947501]],[[-44.3290142,-22.3966631],[-44.3280773,-22.3970712],[-44.3307322398727,-22.394891342438555],[-44.3290142,-22.3966631]],[[-44.310318698271246,-22.398108473575938],[-44.3111878,-22.3983009],[-44.31140853772488,-22.398639706946827],[-44.310318698271246,-22.398108473575938]],[[-44.307502724511195,-22.39766516664339],[-44.3077882,-22.3975482],[-44.308255175105366,-22.397651592211382],[-44.307502724511195,-22.39766516664339]],[[-44.30243891437636,-22.39952406100635],[-44.302005,-22.3997048],[-44.29616545927298,-22.39991941465668],[-44.2970888,-22.3996226],[-44.30243891437636,-22.39952406100635]],[[-44.2872184,-22.4026684],[-44.2778299,-22.4034419],[-44.287710709178896,-22.402509023572392],[-44.2872184,-22.4026684]],[[-44.274363716150795,-22.405464559376007],[-44.2745486,-22.4048493],[-44.274872645312755,-22.404710311985138],[-44.274363716150795,-22.405464559376007]],[[-44.2742951,-22.4097744],[-44.2739626,-22.4067994],[-44.27407406806177,-22.40642845483401],[-44.2742951,-22.4097744]],[[-44.2991565,-22.442125],[-44.29984818671281,-22.443649039775586],[-44.2923447,-22.4326878],[-44.2991565,-22.442125]],[[-44.3010988,-22.4464046],[-44.301091537021,-22.446710612836064],[-44.300688381830106,-22.445500298089954],[-44.3010988,-22.4464046]],[[-44.301102808974626,-22.449425937875436],[-44.2999136,-22.4504936],[-44.3010275,-22.4494087],[-44.301102808974626,-22.449425937875436]],[[-44.254553309738114,-22.482305464771756],[-44.2545418,-22.4820322],[-44.2554911,-22.480759],[-44.254553309738114,-22.482305464771756]],[[-44.2528273,-22.4851533],[-44.25252416978833,-22.4851695891449],[-44.25327152316131,-22.48488040665638],[-44.2528273,-22.4851533]],[[-44.247280330980054,-22.48545137448629],[-44.2484773,-22.4852379],[-44.25041312856558,-22.48528302902995],[-44.247280330980054,-22.48545137448629]],[[-44.2342189,-22.4841358],[-44.23421653711028,-22.484087805015026],[-44.2353693,-22.484355],[-44.2342189,-22.4841358]],[[-44.2337866457739,-22.47917888735848],[-44.2338299,-22.47924],[-44.233369,-22.4800161],[-44.2337866457739,-22.47917888735848]],[[-44.2315487202978,-22.477115884226137],[-44.2324687,-22.4773168],[-44.232489684311986,-22.477346448125783],[-44.2315487202978,-22.477115884226137]],[[-44.2308821,-22.4769703],[-44.2284539,-22.4777212],[-44.228396224915244,-22.477714224340282],[-44.2308821,-22.4769703]],[[-44.2216552,-22.4796453],[-44.2215867484484,-22.47949292089384],[-44.2231953,-22.4798837],[-44.2216552,-22.4796453]],[[-44.2228134,-22.4776311],[-44.2214597,-22.4792101],[-44.22281991762473,-22.477593474673146],[-44.2228134,-22.4776311]],[[-44.1645730633686,-22.342512865727517],[-44.1645697,-22.3425308],[-44.1633648,-22.3435512],[-44.1645730633686,-22.342512865727517]],[[-44.1695638,-22.3274907],[-44.1697494,-22.3283763],[-44.169635,-22.3314556],[-44.1695638,-22.3274907]],[[-44.156911232184115,-22.32693988213649],[-44.157307,-22.3263415],[-44.157387083542076,-22.326380371398812],[-44.156911232184115,-22.32693988213649]],[[-44.1538182,-22.3305767],[-44.15303326828687,-22.330717334396024],[-44.15440717486613,-22.329884177521482],[-44.1538182,-22.3305767]],[[-44.31888714426165,-22.507607663189518],[-44.3199616,-22.5093627],[-44.3187588,-22.5077406],[-44.31888714426165,-22.507607663189518]],[[-44.3166596,-22.4672291],[-44.319119057604084,-22.46957950196935],[-44.3191046,-22.4695776],[-44.3166596,-22.4672291]],[[-44.3062623,-22.4516761],[-44.3078566671516,-22.453014163191778],[-44.3078395,-22.453029],[-44.3062623,-22.4516761]],[[-44.3033919,-22.4513039],[-44.30320380260955,-22.450903619922787],[-44.3062623,-22.4516761],[-44.3033919,-22.4513039]],[[-44.302571,-22.449762],[-44.302605397338525,-22.44985092312675],[-44.30168835139722,-22.449559965823543],[-44.302571,-22.449762]],[[-44.08736016075675,-22.539587912989333],[-44.087362,-22.539414],[-44.0898217,-22.5350629],[-44.08736016075675,-22.539587912989333]],[[-44.13573019601224,-22.537891292990068],[-44.1314816,-22.5374934],[-44.131274133914566,-22.537388053222767],[-44.13573019601224,-22.537891292990068]],[[-44.136149909993875,-22.537661924970916],[-44.1385086,-22.5353942],[-44.1365582,-22.5374388],[-44.136149909993875,-22.537661924970916]],[[-44.0278271,-22.5062963],[-44.02786675177801,-22.506289215589813],[-44.0275843,-22.5080898],[-44.0278271,-22.5062963]],[[-44.03266577532853,-22.502217961073573],[-44.0326931,-22.5024632],[-44.03242656140187,-22.50258914849489],[-44.03266577532853,-22.502217961073573]],[[-44.03240178506281,-22.500075276271584],[-44.0324291,-22.5000938],[-44.03249750947098,-22.50070777500204],[-44.03240178506281,-22.500075276271584]],[[-44.0313516,-22.4978108],[-44.03114789123084,-22.499151676290207],[-44.03128127503489,-22.497747966152176],[-44.0313516,-22.4978108]],[[-44.3184962,-22.4070887],[-44.314131,-22.4027981],[-44.313767206687174,-22.402214016569136],[-44.3184962,-22.4070887]],[[-44.48751596792316,-22.461085305775747],[-44.4846314,-22.4608288],[-44.484597026235384,-22.460762241909197],[-44.4864418,-22.4606698],[-44.48751596792316,-22.461085305775747]],[[-44.48832980308227,-22.461400110567276],[-44.4884898,-22.461462],[-44.488471892707075,-22.461530675286067],[-44.48832980308227,-22.461400110567276]],[[-44.48851975060353,-22.46233168579661],[-44.48896139033025,-22.462757470871882],[-44.4885051,-22.4624633],[-44.48851975060353,-22.46233168579661]],[[-44.48946945070522,-22.463247292126425],[-44.4895486,-22.4633236],[-44.488105,-22.4657199],[-44.48946945070522,-22.463247292126425]],[[-44.5137262,-22.4760418],[-44.512839684670276,-22.48309146899202],[-44.5128185,-22.4829997],[-44.5137262,-22.4760418]],[[-44.51300452627046,-22.48380553946361],[-44.5135522414867,-22.484586400254766],[-44.5131575,-22.4844682],[-44.51300452627046,-22.48380553946361]],[[-44.529453091599656,-22.486470182176603],[-44.529679,-22.4864348],[-44.529846412923064,-22.486551188447166],[-44.529453091599656,-22.486470182176603]],[[-44.5337073,-22.4927221],[-44.53624847433529,-22.495591319403914],[-44.5354979,-22.4951247],[-44.5337073,-22.4927221]],[[-44.5451498514257,-22.498948852450926],[-44.5374312,-22.4963266],[-44.53672948159986,-22.495890353506894],[-44.5451498514257,-22.498948852450926]],[[-44.577246763021975,-22.517104059509546],[-44.5773763,-22.5172279],[-44.5777275,-22.5185191],[-44.577246763021975,-22.517104059509546]],[[-44.571240998090765,-22.52843780492643],[-44.5724694,-22.5279536],[-44.576656001336275,-22.52763941955592],[-44.5764331,-22.5278784],[-44.571240998090765,-22.52843780492643]],[[-44.57518623278308,-22.538684608476906],[-44.576549,-22.5393466],[-44.57704557390334,-22.53985546853771],[-44.57518623278308,-22.538684608476906]],[[-44.58006613482942,-22.54295081529513],[-44.5822318,-22.5451701],[-44.58275513905298,-22.546387071409928],[-44.58006613482942,-22.54295081529513]],[[-44.58373933939842,-22.548675728591604],[-44.5841304,-22.5495851],[-44.5846036,-22.5557706],[-44.58373933939842,-22.548675728591604]],[[-44.5884518,-22.5610242],[-44.59248132134548,-22.564553400816433],[-44.5915614,-22.5641012],[-44.5884518,-22.5610242]],[[-44.63745987983155,-22.43523180313613],[-44.6373014,-22.4351118],[-44.637327101274735,-22.434967974487964],[-44.63745987983155,-22.43523180313613]],[[-44.54157781288411,-22.336080737647517],[-44.54288364485161,-22.33719700367484],[-44.5415366,-22.336152],[-44.54157781288411,-22.336080737647517]],[[-44.54394563205146,-22.338020866759397],[-44.5456189,-22.3377387],[-44.5440109,-22.3380715],[-44.54394563205146,-22.338020866759397]],[[-44.5484246722046,-22.337866993256103],[-44.5485037,-22.3378977],[-44.5478477,-22.3387982],[-44.5484246722046,-22.337866993256103]],[[-44.549622,-22.3428724],[-44.5504897,-22.3439064],[-44.550514336611265,-22.34403851001218],[-44.549622,-22.3428724]],[[-44.55073142142895,-22.34520259372478],[-44.5508206,-22.3456808],[-44.550804058974464,-22.34570818489675],[-44.55073142142895,-22.34520259372478]]],[[[-43.0352122,-22.4623735],[-43.0360368,-22.4594651],[-43.0394568,-22.4581154],[-43.0403841,-22.456427],[-43.0436045,-22.4595011],[-43.0473087,-22.4602076],[-43.0489551,-22.4633414],[-43.0501844,-22.4636005],[-43.0502516,-22.4652237],[-43.053308,-22.4661979],[-43.0540418,-22.4673305],[-43.0553086,-22.4677623],[-43.0548945,-22.4704357],[-43.0566052,-22.4719044],[-43.0578804,-22.4743305],[-43.0580109,-22.4753012],[-43.0557751,-22.476655],[-43.0554541,-22.4780111],[-43.0547843,-22.4783277],[-43.0543483,-22.4803762],[-43.0550168,-22.4813327],[-43.0563677,-22.4808548],[-43.0579215,-22.4813399],[-43.0597092,-22.4837344],[-43.0613233,-22.482977],[-43.0626384,-22.4834356],[-43.0622708,-22.4846271],[-43.0630315,-22.4840381],[-43.0661244,-22.4860073],[-43.073013,-22.4857302],[-43.0753704,-22.4868657],[-43.0784867,-22.4868582],[-43.0796757,-22.4874078],[-43.0810936,-22.4895662],[-43.0800453,-22.4901077],[-43.0767761,-22.4901678],[-43.0761561,-22.4919509],[-43.0745239,-22.4924668],[-43.0741484,-22.4929153],[-43.0747846,-22.4939113],[-43.0721772,-22.4962301],[-43.0706302,-22.5005333],[-43.0725964,-22.5047772],[-43.0753069,-22.5069107],[-43.0766619,-22.5091037],[-43.0769971,-22.5099027],[-43.0763235,-22.5109818],[-43.0781258,-22.5117681],[-43.0787435,-22.5128532],[-43.0816036,-22.5136371],[-43.0817017,-22.5142478],[-43.0844681,-22.5162383],[-43.0870431,-22.5171492],[-43.089461,-22.5210378],[-43.0939912,-22.5218287],[-43.0959861,-22.5228957],[-43.0981035,-22.5246591],[-43.0989525,-22.5264917],[-43.102784,-22.528939],[-43.1046966,-22.531883],[-43.1103102,-22.5347641],[-43.1117268,-22.5341582],[-43.1141065,-22.53415],[-43.1179353,-22.5306526],[-43.1228002,-22.5310121],[-43.1263901,-22.5343928],[-43.131274,-22.5337909],[-43.1322887,-22.5349035],[-43.1359117,-22.5363441],[-43.1391709,-22.5373924],[-43.1435544,-22.5379122],[-43.1462374,-22.5394976],[-43.1489214,-22.5396975],[-43.1620464,-22.5471541],[-43.1826089,-22.5532197],[-43.1981498,-22.5531358],[-43.2250105,-22.5636331],[-43.2556632,-22.5722685],[-43.2554874,-22.5733326],[-43.2607948,-22.5612641],[-43.2581115,-22.5549806],[-43.2607019,-22.5553568],[-43.2460052,-22.5270316],[-43.2402952,-22.5253435],[-43.2365291,-22.5231981],[-43.2342529,-22.522748],[-43.2312269,-22.5243814],[-43.230877,-22.5276082],[-43.2270596,-22.529549],[-43.2256347,-22.5288355],[-43.2245295,-22.5265299],[-43.2254064,-22.5249375],[-43.2223881,-22.5215657],[-43.2248025,-22.5212801],[-43.2256234,-22.5201175],[-43.2250296,-22.51802],[-43.2259407,-22.5175711],[-43.2265929,-22.5162394],[-43.228798,-22.5177498],[-43.2303457,-22.5170066],[-43.2306319,-22.5147307],[-43.2315981,-22.5143859],[-43.2325155,-22.5144468],[-43.2335624,-22.5165754],[-43.2352936,-22.5155554],[-43.2367219,-22.5155529],[-43.2371608,-22.5144862],[-43.2367107,-22.5134537],[-43.2378135,-22.5137292],[-43.2385224,-22.5115226],[-43.241006,-22.5108873],[-43.2418201,-22.5093931],[-43.2953954,-22.4755036],[-43.2966546,-22.4757219],[-43.2985252,-22.4742763],[-43.2999606,-22.4745482],[-43.3008624,-22.4738352],[-43.3019197,-22.4738897],[-43.3002957,-22.4716102],[-43.3001878,-22.4691276],[-43.2968659,-22.465537],[-43.2974158,-22.4642958],[-43.2958608,-22.4644077],[-43.2934184,-22.4656481],[-43.2915512,-22.4648541],[-43.2903109,-22.4633098],[-43.2884984,-22.4622975],[-43.2884898,-22.4601902],[-43.2894677,-22.4590104],[-43.2894739,-22.4579536],[-43.294734,-22.4577428],[-43.2954748,-22.4564457],[-43.2979735,-22.455381],[-43.2986187,-22.4538115],[-43.2978941,-22.4524601],[-43.2983254,-22.4512141],[-43.3000689,-22.4515204],[-43.3022071,-22.4528609],[-43.3026217,-22.4539425],[-43.3046299,-22.4552304],[-43.3047634,-22.4562786],[-43.3053728,-22.4567043],[-43.3062205,-22.4550715],[-43.308749,-22.4561393],[-43.3103009,-22.4550862],[-43.3119464,-22.4551535],[-43.3132084,-22.4545142],[-43.3192927,-22.458925],[-43.3203465,-22.4590062],[-43.3231084,-22.4580509],[-43.3260051,-22.4581227],[-43.3276428,-22.4561085],[-43.3294274,-22.455068],[-43.3304595,-22.4533581],[-43.3359475,-22.4545043],[-43.3365549,-22.4537373],[-43.339284,-22.4532577],[-43.3428587,-22.4513459],[-43.3453467,-22.4507785],[-43.3490198,-22.4525669],[-43.3512516,-22.44891],[-43.3520545,-22.4484651],[-43.3537079,-22.4497863],[-43.3561014,-22.4486833],[-43.3567625,-22.449789],[-43.3587321,-22.4507441],[-43.3641595,-22.4504281],[-43.3640172,-22.4517497],[-43.3651151,-22.4534934],[-43.3683617,-22.4534086],[-43.3692074,-22.4530877],[-43.3691212,-22.4521593],[-43.3702693,-22.4517126],[-43.3713821,-22.4497752],[-43.3709417,-22.4477379],[-43.3715973,-22.4452604],[-43.3745269,-22.4455802],[-43.3760891,-22.4450998],[-43.3772656,-22.4429973],[-43.3771717,-22.4421863],[-43.3763309,-22.4420954],[-43.373761,-22.4432466],[-43.3727791,-22.4414419],[-43.3713407,-22.4406722],[-43.3713676,-22.4400026],[-43.3723593,-22.4394469],[-43.3728652,-22.4378593],[-43.3724904,-22.437073],[-43.3744344,-22.4358776],[-43.374175,-22.4344539],[-43.3723209,-22.4326092],[-43.370168,-22.4323266],[-43.3690771,-22.4296384],[-43.3653268,-22.426353],[-43.3613673,-22.4256914],[-43.3617082,-22.4227075],[-43.3609645,-22.4195936],[-43.3548282,-22.4181671],[-43.3532748,-22.41715],[-43.3443197,-22.4179897],[-43.341026,-22.4165318],[-43.3401128,-22.4153282],[-43.3379925,-22.4147451],[-43.3375899,-22.4099302],[-43.3344933,-22.408362],[-43.3346055,-22.4046877],[-43.336295,-22.4034194],[-43.3288992,-22.4032519],[-43.3265114,-22.4013167],[-43.326022,-22.3969204],[-43.3268962,-22.395433],[-43.3253537,-22.3935498],[-43.3203481,-22.3927804],[-43.3191262,-22.3916184],[-43.3175982,-22.3877854],[-43.3180974,-22.3839639],[-43.3165905,-22.3826119],[-43.3160521,-22.3813166],[-43.3100083,-22.378137],[-43.3090813,-22.3785513],[-43.3052534,-22.3778363],[-43.3046172,-22.3759389],[-43.3048109,-22.374568],[-43.3015169,-22.3735312],[-43.2996272,-22.3699006],[-43.2987893,-22.3711436],[-43.2962027,-22.3723589],[-43.2886295,-22.3713814],[-43.28849089714299,-22.370725985005112],[-43.3253957,-22.2787201],[-43.3988421,-22.2211443],[-43.4004141,-22.2162982],[-43.4369938,-22.0599687],[-43.4328007,-22.0582023],[-43.4281699,-22.0547531],[-43.4227739,-22.0552226],[-43.4184435,-22.0538018],[-43.4171462,-22.0522018],[-43.4170535,-22.0501509],[-43.415225,-22.048966],[-43.4109872,-22.0489648],[-43.4102953,-22.0483965],[-43.410493,-22.0473093],[-43.4099865,-22.046568],[-43.4046862,-22.042392],[-43.4002754,-22.0415889],[-43.3989411,-22.0407982],[-43.3972855,-22.0383766],[-43.3932896,-22.035126],[-43.3828425,-22.0301605],[-43.3813058,-22.0285483],[-43.3756164,-22.024949],[-43.3734527,-22.0243537],[-43.3713524,-22.0221916],[-43.3685753,-22.0205074],[-43.3678312,-22.019807],[-43.3672258,-22.0170889],[-43.3675965,-22.0156681],[-43.366744,-22.0129006],[-43.3650143,-22.0104667],[-43.3637788,-22.0100219],[-43.36027,-22.0106767],[-43.3588121,-22.009503],[-43.3551179,-22.008391],[-43.3524122,-22.0089594],[-43.3503725,-22.0080324],[-43.3501953,-22.0040043],[-43.3496152,-22.0029247],[-43.3483103,-22.0021147],[-43.3466988,-22.0037624],[-43.345037,-22.0042838],[-43.3427513,-22.0034403],[-43.3430252,-22.0046165],[-43.3421229,-22.0061472],[-43.34172,-22.0085641],[-43.3396569,-22.0104321],[-43.3381174,-22.0101825],[-43.3370147,-22.0091901],[-43.334831,-22.0101084],[-43.3300039,-22.010734],[-43.3284788,-22.009707],[-43.327883,-22.0084192],[-43.3250192,-22.0065549],[-43.3225013,-22.0055747],[-43.3199451,-22.0055554],[-43.3162356,-22.0076697],[-43.3161971,-22.0090919],[-43.3174657,-22.0119557],[-43.3169275,-22.016607],[-43.3099691,-22.0161705],[-43.3066063,-22.0191825],[-43.3043383,-22.0195093],[-43.3032428,-22.0208355],[-43.3022433,-22.0210084],[-43.2979764,-22.0204511],[-43.29715,-22.020009],[-43.2960929,-22.0176449],[-43.2949277,-22.0164932],[-43.2825811,-22.0135126],[-43.2819468,-22.0120903],[-43.2787947,-22.0105335],[-43.2763922,-22.011975],[-43.2745086,-22.0114176],[-43.2702015,-22.0113625],[-43.2684408,-22.0121692],[-43.2675317,-22.0120134],[-43.2651484,-22.0090151],[-43.261535,-22.0080348],[-43.2590749,-22.0090727],[-43.2563456,-22.0119365],[-43.2547964,-22.0119959],[-43.250964,-22.0107833],[-43.2486579,-22.0078286],[-43.2465625,-22.0065741],[-43.245467,-22.0065741],[-43.2436827,-22.0070481],[-43.2404121,-22.0104758],[-43.23616,-22.0118254],[-43.2341933,-22.0141504],[-43.2342523,-22.0154176],[-43.2363152,-22.0186888],[-43.2367433,-22.0228756],[-43.2363759,-22.0238146],[-43.232455,-22.0241029],[-43.2312633,-22.0247564],[-43.227687920904614,-22.02870350340019],[-43.227448,-22.025435],[-43.228503,-22.023748],[-43.22777,-22.018967],[-43.223879,-22.015531],[-43.219412,-22.013783],[-43.217919,-22.010516],[-43.218234,-22.006778],[-43.223259,-22.003732],[-43.225199,-22.001643],[-43.227017,-21.997713],[-43.226303,-21.995855],[-43.226596,-21.993475],[-43.228152,-21.992123],[-43.225531,-21.988621],[-43.223197,-21.987588],[-43.224352,-21.985226],[-43.224138,-21.984389],[-43.221003,-21.983486],[-43.220264,-21.97955],[-43.22077,-21.977594],[-43.222503,-21.975045],[-43.225526,-21.973799],[-43.225866,-21.973085],[-43.225894,-21.971637],[-43.222821,-21.970608],[-43.222459,-21.969818],[-43.225345,-21.968515],[-43.227201,-21.961887],[-43.23453,-21.959963],[-43.234386,-21.958505],[-43.233365,-21.956856],[-43.233593,-21.955889],[-43.234792,-21.954481],[-43.236614,-21.950415],[-43.239293,-21.94947],[-43.240075,-21.948593],[-43.237367,-21.944908],[-43.237701,-21.943102],[-43.239282,-21.940049],[-43.240448,-21.93941],[-43.245672,-21.939749],[-43.248366,-21.937252],[-43.249147,-21.933519],[-43.250843,-21.933218],[-43.254273,-21.930205],[-43.251546,-21.929719],[-43.249411,-21.928656],[-43.246689,-21.929276],[-43.241957,-21.928636],[-43.240689,-21.926793],[-43.237082,-21.925078],[-43.234945,-21.922056],[-43.231225,-21.91979],[-43.231267,-21.918664],[-43.233632,-21.914848],[-43.230068,-21.91003],[-43.221836,-21.908845],[-43.219423,-21.906905],[-43.216129,-21.905946],[-43.217041,-21.904023],[-43.216982,-21.902472],[-43.213561,-21.896665],[-43.213474,-21.894678],[-43.214489,-21.893523],[-43.217546,-21.894127],[-43.22009,-21.895309],[-43.224048,-21.898343],[-43.226557,-21.897974],[-43.22756,-21.896842],[-43.22762,-21.894705],[-43.224614,-21.892354],[-43.222356,-21.891505],[-43.22155,-21.890555],[-43.221556,-21.889625],[-43.226629,-21.883715],[-43.226019,-21.8788],[-43.228321,-21.876811],[-43.227212,-21.874715],[-43.227205,-21.873531],[-43.23261,-21.865907],[-43.23698,-21.861754],[-43.233883,-21.858834],[-43.231356,-21.858319],[-43.229525,-21.856767],[-43.226928,-21.856838],[-43.224816,-21.853644],[-43.224277,-21.850085],[-43.22465,-21.84682],[-43.223967,-21.845836],[-43.220178,-21.845983],[-43.2169957,-21.8488839],[-43.214458,-21.846554],[-43.212073,-21.846888],[-43.211183,-21.846341],[-43.20999,-21.842349],[-43.208998,-21.841229],[-43.206371,-21.842265],[-43.20357,-21.841108],[-43.201187,-21.841822],[-43.196166,-21.845927],[-43.192872,-21.852746],[-43.190322,-21.852438],[-43.188392,-21.854884],[-43.184992,-21.856326],[-43.183196,-21.856496],[-43.181173,-21.857828],[-43.179676,-21.860628],[-43.182112,-21.862523],[-43.182116,-21.863212],[-43.178204,-21.867748],[-43.17582,-21.868415],[-43.173395,-21.868347],[-43.16951,-21.867045],[-43.166915,-21.871735],[-43.165263,-21.873317],[-43.164069,-21.875495],[-43.165723,-21.878336],[-43.165085,-21.880855],[-43.166032,-21.882769],[-43.166011,-21.885526],[-43.167538,-21.887725],[-43.166889,-21.890394],[-43.163893,-21.893959],[-43.158301,-21.895515],[-43.15551,-21.898413],[-43.154267,-21.898385],[-43.152332,-21.895947],[-43.151256,-21.892816],[-43.149258,-21.892297],[-43.148268,-21.89144],[-43.147124,-21.887195],[-43.142725,-21.886447],[-43.138502,-21.88409],[-43.138123,-21.882483],[-43.134214,-21.883266],[-43.136357,-21.88572],[-43.136293,-21.887501],[-43.135414,-21.888919],[-43.136883,-21.891692],[-43.136175,-21.895004],[-43.137567,-21.895285],[-43.140298,-21.894777],[-43.140773,-21.896142],[-43.140685,-21.897981],[-43.139469,-21.900687],[-43.140719,-21.901818],[-43.140678,-21.903346],[-43.139439,-21.906213],[-43.13726,-21.908545],[-43.14141,-21.910788],[-43.141937,-21.912577],[-43.141816,-21.915152],[-43.14261,-21.916182],[-43.144462,-21.917034],[-43.147563,-21.916766],[-43.148528,-21.917646],[-43.148455,-21.919875],[-43.14894,-21.920769],[-43.150927,-21.921564],[-43.152946,-21.921554],[-43.153149,-21.922587],[-43.152256,-21.925774],[-43.147828,-21.924497],[-43.143858,-21.925689],[-43.140212,-21.925546],[-43.136817,-21.926102],[-43.135447,-21.925523],[-43.132911,-21.927925],[-43.129934,-21.928445],[-43.127603,-21.927709],[-43.126078,-21.925867],[-43.123374,-21.924455],[-43.116897,-21.922246],[-43.111676,-21.924522],[-43.109391,-21.927784],[-43.107013,-21.929657],[-43.108469,-21.930316],[-43.110837,-21.933258],[-43.1142,-21.931197],[-43.117803,-21.934753],[-43.117141,-21.939869],[-43.117635,-21.942463],[-43.11594,-21.943229],[-43.114659,-21.945476],[-43.110909,-21.946665],[-43.110508,-21.949884],[-43.109308,-21.951188],[-43.109741,-21.953725],[-43.111089,-21.954856],[-43.11248,-21.954746],[-43.113433,-21.95334],[-43.114649,-21.952656],[-43.116741,-21.952325],[-43.117112,-21.952714],[-43.116818,-21.957425],[-43.114274,-21.960838],[-43.113559,-21.962978],[-43.113827,-21.964712],[-43.115731,-21.965967],[-43.11727,-21.965879],[-43.119173,-21.967019],[-43.121489,-21.967169],[-43.122299,-21.966579],[-43.12265,-21.963188],[-43.127975,-21.961773],[-43.129401,-21.963501],[-43.13187,-21.964408],[-43.130236,-21.967495],[-43.129315,-21.967959],[-43.126875,-21.967752],[-43.124754,-21.969555],[-43.12411,-21.971166],[-43.121271,-21.972317],[-43.12132,-21.974396],[-43.120736,-21.975766],[-43.118681,-21.976167],[-43.118938,-21.978061],[-43.120008,-21.980136],[-43.118615,-21.982153],[-43.118806,-21.983393],[-43.120668,-21.985969],[-43.122506,-21.986339],[-43.120793,-21.986347],[-43.119302,-21.988526],[-43.118091,-21.994483],[-43.116297,-21.995514],[-43.114435,-21.995143],[-43.112542,-21.993636],[-43.105805,-21.99392],[-43.100699,-21.997517],[-43.096205,-21.995619],[-43.09229,-21.996096],[-43.090846,-21.995586],[-43.086982,-21.995675],[-43.086209,-21.992275],[-43.086598,-21.988964],[-43.086135,-21.987565],[-43.084673,-21.985894],[-43.081656,-21.986069],[-43.079429,-21.989043],[-43.07627,-21.990309],[-43.074328,-21.9864],[-43.071571,-21.984321],[-43.067114,-21.982308],[-43.066926,-21.974565],[-43.064341,-21.972336],[-43.061983,-21.968739],[-43.05992,-21.967599],[-43.058506,-21.965652],[-43.056398,-21.957803],[-43.055037,-21.959142],[-43.0542,-21.959215],[-43.046608,-21.958168],[-43.044295,-21.956155],[-43.042372,-21.953257],[-43.039763,-21.951131],[-43.0374,-21.951429],[-43.034899,-21.953771],[-43.03239,-21.954414],[-43.032025,-21.955231],[-43.032754,-21.958249],[-43.029869,-21.960169],[-43.029961,-21.961409],[-43.032902,-21.96605],[-43.031459,-21.968192],[-43.030172,-21.974643],[-43.028012,-21.976191],[-43.027787,-21.9754],[-43.029758,-21.973036],[-43.029285,-21.972062],[-43.029575,-21.970705],[-43.028028,-21.969229],[-43.026625,-21.969545],[-43.026271,-21.967663],[-43.022982,-21.964896],[-43.021688,-21.962041],[-43.02205,-21.960615],[-43.020289,-21.958037],[-43.019642,-21.953996],[-43.016526,-21.951413],[-43.015208,-21.948672],[-43.013766,-21.948552],[-43.013133,-21.944706],[-43.011824,-21.941449],[-43.010585,-21.939868],[-43.009012,-21.940472],[-43.005701,-21.943484],[-42.999717,-21.945309],[-42.994523,-21.944529],[-42.991556,-21.945246],[-42.987795,-21.94519],[-42.985537,-21.944592],[-42.982931,-21.942731],[-42.979377,-21.944889],[-42.978098,-21.945019],[-42.974546,-21.944873],[-42.96766,-21.943513],[-42.966632,-21.940962],[-42.962462,-21.937818],[-42.959984,-21.931668],[-42.955809,-21.929361],[-42.955723,-21.92756],[-42.954368,-21.926279],[-42.954803,-21.923702],[-42.953551,-21.921734],[-42.948761,-21.9212],[-42.947979,-21.91881],[-42.946245,-21.918984],[-42.943857,-21.917685],[-42.940643,-21.915131],[-42.940162,-21.913557],[-42.938659,-21.91231],[-42.936073,-21.9114],[-42.935173,-21.910041],[-42.934963,-21.908446],[-42.933218,-21.908389],[-42.927236,-21.902791],[-42.926566,-21.900264],[-42.923004,-21.898351],[-42.921657,-21.895842],[-42.923665,-21.891704],[-42.923371,-21.889798],[-42.92247,-21.8886],[-42.919137,-21.88741],[-42.916265,-21.888608],[-42.914472,-21.888574],[-42.914023,-21.884202],[-42.912015,-21.881564],[-42.904718,-21.881438],[-42.901753,-21.880353],[-42.899742,-21.878104],[-42.896653,-21.877087],[-42.895486,-21.873617],[-42.893674,-21.872849],[-42.891512,-21.869429],[-42.889579,-21.868282],[-42.885925,-21.867261],[-42.884474,-21.865761],[-42.883322,-21.865399],[-42.881915,-21.86297],[-42.882015,-21.861113],[-42.883363,-21.859849],[-42.882783,-21.858549],[-42.881804,-21.857993],[-42.883878,-21.854864],[-42.885967,-21.853157],[-42.886108,-21.852252],[-42.884248,-21.851288],[-42.879665,-21.851523],[-42.878073,-21.850882],[-42.876442,-21.852213],[-42.8752,-21.857412],[-42.879581,-21.857887],[-42.880388,-21.858511],[-42.881057,-21.862678],[-42.880344,-21.866148],[-42.88242,-21.866195],[-42.883983,-21.867455],[-42.889067,-21.869391],[-42.890336,-21.870649],[-42.891559,-21.873065],[-42.891262,-21.875024],[-42.893234,-21.875873],[-42.892701,-21.878278],[-42.892998,-21.879679],[-42.895168,-21.880209],[-42.895876,-21.880935],[-42.895029,-21.884244],[-42.895421,-21.88599],[-42.897805,-21.887633],[-42.899185,-21.8906],[-42.898958,-21.891424],[-42.896499,-21.891535],[-42.893641,-21.892606],[-42.891583,-21.89679],[-42.886593,-21.898651],[-42.885016,-21.901003],[-42.890885,-21.901648],[-42.89388,-21.903742],[-42.89643,-21.904481],[-42.89927,-21.904315],[-42.901817,-21.905547],[-42.90322,-21.907046],[-42.907563,-21.908025],[-42.907669,-21.913702],[-42.904356,-21.916525],[-42.906363,-21.917707],[-42.907121,-21.919982],[-42.909045,-21.920728],[-42.911796,-21.924403],[-42.919835,-21.929396],[-42.921113,-21.932912],[-42.920618,-21.936785],[-42.921109,-21.9386],[-42.919443,-21.94133],[-42.921603,-21.94358],[-42.92058,-21.945695],[-42.921783,-21.949303],[-42.917319,-21.954734],[-42.917083,-21.956854],[-42.921148,-21.960915],[-42.924566,-21.962484],[-42.927004,-21.965435],[-42.932444,-21.969826],[-42.93068,-21.975916],[-42.928702,-21.977452],[-42.927768,-21.979109],[-42.925895,-21.979751],[-42.92278,-21.978585],[-42.920052,-21.975025],[-42.91785,-21.975149],[-42.916419,-21.974142],[-42.912695,-21.973912],[-42.909669,-21.977632],[-42.91022,-21.979619],[-42.912222,-21.981604],[-42.91113,-21.9840346],[-42.9085923,-21.9865257],[-42.90977,-21.9895981],[-42.9096255,-21.9907235],[-42.9294926,-21.999022],[-42.9384922,-22.0037027],[-42.9470947,-22.0059204],[-42.9502282,-22.0096191],[-42.9557408,-22.0124519],[-42.9592083,-22.0150036],[-42.9615487,-22.01515],[-42.9648202,-22.0136999],[-42.9689855,-22.014895],[-42.9779542,-22.0223947],[-42.9842606,-22.0260023],[-42.9852955,-22.0272214],[-42.986635,-22.0305301],[-42.9897618,-22.0332688],[-42.9898043,-22.0342283],[-42.9903417,-22.0336569],[-42.9932626,-22.0356116],[-42.9950981,-22.0362322],[-42.9969043,-22.0361104],[-42.9999588,-22.0350774],[-43.0018464,-22.0330322],[-43.0046513,-22.0314764],[-43.0022142,-22.0328366],[-43.0057386,-22.0347534],[-43.0064729,-22.0345824],[-43.0075647,-22.0357888],[-43.0075606,-22.0371247],[-43.0100305,-22.0391815],[-43.0099694,-22.0399319],[-43.0088237,-22.0400555],[-43.0080566,-22.0420428],[-43.0083103,-22.0436302],[-43.0094764,-22.0448014],[-43.0069159,-22.0457408],[-43.005558,-22.0469719],[-43.0046271,-22.0466882],[-43.0038884,-22.048435],[-43.0053342,-22.0496864],[-43.0046944,-22.0503274],[-43.0056381,-22.0512639],[-43.0058321,-22.0524207],[-43.0062867,-22.0527428],[-43.0068541,-22.052298],[-43.0076744,-22.0528793],[-43.0088382,-22.0550193],[-43.009664,-22.0551984],[-43.0094171,-22.0555505],[-43.010097,-22.0560275],[-43.0081686,-22.0602026],[-43.0081007,-22.0616112],[-43.0089127,-22.0622125],[-43.0083378,-22.063565],[-43.0087266,-22.0638628],[-43.0066209,-22.0705894],[-43.0073127,-22.0720298],[-43.0085987,-22.0727697],[-43.0108861,-22.0757697],[-43.0134787,-22.0753374],[-43.0127454,-22.0768925],[-43.0130648,-22.081665],[-43.016272,-22.0858489],[-42.9695939,-22.088405],[-42.9709427,-22.090912],[-42.9708358,-22.0926044],[-42.9716358,-22.0944383],[-42.9733103,-22.095756],[-42.9738592,-22.0972407],[-42.9720413,-22.0990449],[-42.9694854,-22.1032166],[-42.9674675,-22.1048915],[-42.9682976,-22.1077277],[-42.9672983,-22.1113763],[-42.9657997,-22.1126057],[-42.9650555,-22.1149207],[-42.9661329,-22.1166381],[-42.9651694,-22.1189453],[-42.964319,-22.126431],[-42.9628591,-22.1270701],[-42.9599108,-22.1325519],[-42.9570004,-22.1352154],[-42.9564387,-22.1372616],[-42.9549754,-22.1388705],[-43.0015041,-22.1539532],[-43.0020463,-22.1513383],[-43.0041047,-22.1492792],[-43.0058012,-22.1496122],[-43.0080438,-22.1490433],[-43.0094704,-22.1495125],[-43.0119853,-22.1470768],[-43.0134171,-22.1467426],[-43.0157867,-22.1482839],[-43.0172176,-22.148267],[-43.0186451,-22.1545832],[-43.0195189,-22.1554145],[-43.0207642,-22.1618091],[-43.0220783,-22.1629845],[-43.0226477,-22.1653436],[-43.0260673,-22.1678567],[-43.0257416,-22.1698989],[-43.0298284,-22.1739677],[-43.0310605,-22.177799],[-43.0343153,-22.1809587],[-43.0357384,-22.1841363],[-43.0365671,-22.1843373],[-43.0370713,-22.1856278],[-43.0388821,-22.1870903],[-43.0390515,-22.188126],[-43.0404982,-22.1886725],[-43.0409411,-22.1897707],[-43.0401043,-22.1901326],[-43.0388765,-22.1920962],[-43.0416316,-22.1935032],[-43.0421953,-22.1955434],[-43.0454314,-22.200473],[-43.0452424,-22.2023038],[-43.0471632,-22.2056759],[-43.04774834625878,-22.208561150716143],[-43.0435366,-22.2079726],[-43.0393231,-22.2045669],[-43.0381094,-22.2067651],[-43.0361978,-22.2068328],[-43.0350187,-22.2062462],[-43.0326049,-22.2033967],[-43.0303871,-22.202521],[-43.0290347,-22.2025929],[-43.0257442,-22.2066781],[-43.0212959,-22.2149035],[-43.018918,-22.2177381],[-43.0192157,-22.2190514],[-43.0187928,-22.2186364],[-43.0180289,-22.2212436],[-43.0183024,-22.2228074],[-43.0153822,-22.2233109],[-43.0128027,-22.2216391],[-43.0118822,-22.2200055],[-43.0085904,-22.2193397],[-43.000571,-22.2244945],[-42.9967535,-22.226125],[-42.9959739,-22.228631],[-42.996629,-22.2312834],[-42.9962943,-22.2330945],[-42.9949228,-22.23365],[-42.9925114,-22.2370881],[-42.992245,-22.2392272],[-42.9903502,-22.2401506],[-42.9892531,-22.2418224],[-42.9865938,-22.242881],[-42.9837765,-22.2471767],[-42.9799266,-22.2493632],[-42.9779814,-22.2552295],[-42.9785504,-22.2606551],[-42.9804975,-22.2646997],[-42.9779506,-22.2630071],[-42.9743414,-22.2633939],[-42.9730439,-22.2612436],[-42.9734232,-22.2582719],[-42.9707878,-22.2566425],[-42.9702554,-22.2542412],[-42.9629762,-22.2520357],[-42.9611483,-22.2532609],[-42.9581088,-22.254089],[-42.9555843,-22.25353],[-42.9543263,-22.25226],[-42.9535885,-22.2493574],[-42.9527423,-22.2482246],[-42.949588,-22.2465236],[-42.9488258,-22.2454506],[-42.947079,-22.2457093],[-42.9464892,-22.2450763],[-42.9445862,-22.2404356],[-42.9448464,-22.2387996],[-42.9429661,-22.237378],[-42.9410385,-22.2370208],[-42.9409389,-22.2365863],[-42.9426236,-22.2355847],[-42.942595,-22.2341688],[-42.9398701,-22.2336464],[-42.9369178,-22.2315496],[-42.9344897,-22.2310507],[-42.9337724,-22.2290293],[-42.9294999,-22.2277317],[-42.9277575,-22.2261909],[-42.918763,-22.2232678],[-42.916072,-22.2234129],[-42.9113348,-22.225492],[-42.9089098,-22.2247952],[-42.9065514,-22.2249506],[-42.903949,-22.2215537],[-42.9042109,-22.2186883],[-42.9035702,-22.2183413],[-42.9012519,-22.2114647],[-42.8993437,-22.2085048],[-42.8985407,-22.2053305],[-42.8967004,-22.2019266],[-42.8967201,-22.1991628],[-42.8953351,-22.1979454],[-42.8954285,-22.1967121],[-42.8943521,-22.1960336],[-42.8935483,-22.1945481],[-42.8936217,-22.1921853],[-42.8921838,-22.1897059],[-42.8895378,-22.1896579],[-42.8861514,-22.1882623],[-42.8861246,-22.1877813],[-42.8850429,-22.1879504],[-42.8819871,-22.1867647],[-42.8779897,-22.1864147],[-42.8774012,-22.1874541],[-42.8772919,-22.1911436],[-42.8767863,-22.1913866],[-42.8741518,-22.1920994],[-42.8728453,-22.1914251],[-42.871009,-22.1914075],[-42.8701479,-22.1907445],[-42.8685676,-22.1909312],[-42.8630654,-22.18714],[-42.8610081,-22.1874549],[-42.8595641,-22.1867865],[-42.8583449,-22.185252],[-42.8545378,-22.1834807],[-42.8523748,-22.1811155],[-42.8534874,-22.1783849],[-42.849239,-22.1773937],[-42.8475173,-22.1747393],[-42.8458689,-22.1743073],[-42.8445698,-22.1750028],[-42.8392594,-22.1753938],[-42.8382922,-22.1742238],[-42.834898,-22.1729246],[-42.8320928,-22.1706683],[-42.829096,-22.1697265],[-42.8285961,-22.1689266],[-42.8228447,-22.1673095],[-42.820181,-22.1641628],[-42.8149514,-22.1635234],[-42.8122888,-22.1615794],[-42.8107111,-22.1594416],[-42.8083689,-22.157832],[-42.8062653,-22.1571632],[-42.8054523,-22.1529934],[-42.8025613,-22.149377],[-42.8008379,-22.1480729],[-42.7970714,-22.1470129],[-42.7931856,-22.1437056],[-42.7916543,-22.1433353],[-42.7909917,-22.14208],[-42.7890498,-22.14117],[-42.7868376,-22.1383911],[-42.7845242,-22.1374052],[-42.7789858,-22.1330509],[-42.7771486,-22.1304897],[-42.7744935,-22.1305332],[-42.7724095,-22.1321868],[-42.7697937,-22.1318083],[-42.7680512,-22.1327844],[-42.7670828,-22.1318929],[-42.7663961,-22.1292212],[-42.7633326,-22.1277912],[-42.7616683,-22.1252013],[-42.7606368,-22.1254411],[-42.7575515,-22.1245698],[-42.7560835,-22.1248482],[-42.7557968,-22.1243956],[-42.7551871,-22.1249236],[-42.7530475,-22.1245206],[-42.7498942,-22.1248246],[-42.7471438,-22.1262333],[-42.7456874,-22.1277057],[-42.7446687,-22.1276987],[-42.7476067,-22.1292414],[-42.7467145,-22.1323575],[-42.7489958,-22.1327923],[-42.7486733,-22.1347386],[-42.7497744,-22.1360542],[-42.7486945,-22.1389613],[-42.7504121,-22.142623],[-42.7496667,-22.1450491],[-42.7501869,-22.1456736],[-42.7531736,-22.1462086],[-42.7553769,-22.1482308],[-42.7559944,-22.1544207],[-42.7554987,-22.156702],[-42.7522469,-22.1618032],[-42.7491982,-22.1617265],[-42.7476947,-22.1623642],[-42.7488191,-22.1644457],[-42.748154,-22.1673666],[-42.7471224,-22.16889],[-42.7480423,-22.1699413],[-42.7482494,-22.1715424],[-42.7467788,-22.1743685],[-42.7449549,-22.1761591],[-42.7474263,-22.1797335],[-42.7460818,-22.1842687],[-42.7465587,-22.1848433],[-42.748278,-22.1850975],[-42.7497663,-22.1843197],[-42.751823,-22.1861424],[-42.7512801,-22.1902668],[-42.751617,-22.1913085],[-42.7497027,-22.191636],[-42.7488838,-22.1925548],[-42.7486928,-22.1940007],[-42.7463644,-22.1936969],[-42.7454809,-22.1927758],[-42.7425139,-22.1921911],[-42.7432189,-22.1930854],[-42.7428811,-22.1954183],[-42.7442083,-22.196984],[-42.7444933,-22.1985107],[-42.7403886,-22.2025478],[-42.7384881,-22.2068636],[-42.7324828,-22.2094388],[-42.7336705,-22.2108875],[-42.7331282,-22.214378],[-42.7319773,-22.2166913],[-42.7325702,-22.2182963],[-42.7343853,-22.21797],[-42.7369295,-22.21932],[-42.7361531,-22.2197783],[-42.7369357,-22.220733],[-42.7333464,-22.223904],[-42.7329589,-22.224911],[-42.7356903,-22.2254448],[-42.7354072,-22.2265912],[-42.7358779,-22.2275525],[-42.739252,-22.2299452],[-42.7393964,-22.2308609],[-42.7426593,-22.2323917],[-42.7440072,-22.2338715],[-42.7376237,-22.2373231],[-42.7354412,-22.2409469],[-42.7316268,-22.2407504],[-42.7308365,-22.2419765],[-42.7294295,-22.2424108],[-42.7278896,-22.2437872],[-42.7257848,-22.2440938],[-42.7234798,-22.2466983],[-42.7213925,-22.2480832],[-42.7192426,-22.2525305],[-42.7185611,-22.2531217],[-42.7158581,-22.2534413],[-42.7152718,-22.2547628],[-42.7156155,-22.2560603],[-42.7171615,-22.2570939],[-42.7185607,-22.2591465],[-42.7168944,-22.2615676],[-42.7140955,-22.2634871],[-42.7136795,-22.2653048],[-42.7143479,-22.2669365],[-42.714134,-22.2681938],[-42.7166988,-22.2698682],[-42.7163451,-22.2714026],[-42.7172524,-22.2722856],[-42.7173994,-22.2749732],[-42.7166632,-22.2762321],[-42.7179889,-22.2785732],[-42.717559,-22.2806286],[-42.7160729,-22.2810128],[-42.7143727,-22.2838514],[-42.713205,-22.2844668],[-42.7130988,-22.2854628],[-42.7110089,-22.2872787],[-42.7118883,-22.2885154],[-42.7121541,-22.2912017],[-42.7171792,-22.2974568],[-42.7169151,-22.2989846],[-42.7177324,-22.3021095],[-42.7202948,-22.3057564],[-42.7202506,-22.3066909],[-42.721581,-22.3073518],[-42.7230325,-22.3099347],[-42.7222093,-22.3117775],[-42.7235419,-22.3121806],[-42.7261427,-22.3162166],[-42.7262844,-22.318217],[-42.719827,-22.323458],[-42.7177399,-22.3280106],[-42.7182864,-22.3287268],[-42.7179167,-22.3300359],[-42.7191736,-22.3321362],[-42.7202295,-22.3323999],[-42.722129,-22.3345961],[-42.725125,-22.3366096],[-42.7262945,-22.3364263],[-42.7266539,-22.3358535],[-42.7260713,-22.3385223],[-42.7250715,-22.3393094],[-42.7245733,-22.3413909],[-42.7258031,-22.3427905],[-42.7247361,-22.3436464],[-42.7253081,-22.3444078],[-42.7248796,-22.3475525],[-42.7226804,-22.3501226],[-42.7225152,-22.3527103],[-42.7273061,-22.3554652],[-42.7350681,-22.3579653],[-42.7381674,-22.3605706],[-42.7400261,-22.3610029],[-42.7390427,-22.3645595],[-42.7397042,-22.3681307],[-42.7390098,-22.3704956],[-42.741952,-22.3725685],[-42.7458897,-22.3737487],[-42.7496262,-22.3728708],[-42.7517892,-22.3734855],[-42.7556997,-22.3768867],[-42.7558051,-22.3776611],[-42.7601077,-22.3768132],[-42.7631115,-22.3779597],[-42.7638968,-22.3789091],[-42.7646865,-22.3816829],[-42.767177,-22.3842544],[-42.770162,-22.3843002],[-42.7731804,-22.3825634],[-42.7747553,-22.3806961],[-42.7780379,-22.3806653],[-42.7803875,-22.3815014],[-42.783395,-22.3790469],[-42.7855393,-22.3788199],[-42.7870346,-22.3778298],[-42.7890446,-22.3785551],[-42.7900667,-22.378344],[-42.791464,-22.3762348],[-42.7932255,-22.375947],[-42.7934877,-22.3754453],[-42.7959845,-22.3774165],[-42.7989106,-22.3775511],[-42.8034126,-22.3786874],[-42.8021488,-22.3815886],[-42.8022986,-22.387047],[-42.8052028,-22.387134],[-42.8072436,-22.3886396],[-42.813083,-22.3889534],[-42.8151766,-22.3915003],[-42.8115665,-22.3929781],[-42.8108733,-22.395243],[-42.8110901,-22.3977664],[-42.8096025,-22.3982623],[-42.808711,-22.4004684],[-42.8097197,-22.4018321],[-42.8095708,-22.4041341],[-42.8105379,-22.4052316],[-42.8147758,-22.4053919],[-42.8167121,-22.4063546],[-42.8217791,-22.4060885],[-42.8223375,-22.4089223],[-42.8274556,-22.4130683],[-42.8301744,-22.412659],[-42.8339602,-22.4132761],[-42.8372777,-22.4129615],[-42.8399982,-22.4113334],[-42.8524038,-22.4169173],[-42.8506499,-22.4175127],[-42.8519745,-22.4210442],[-42.8512599,-22.422287],[-42.8506835,-22.4258415],[-42.8548648,-22.4270761],[-42.8576756,-22.4264472],[-42.8586393,-22.4272767],[-42.8618216,-22.4279711],[-42.8625519,-22.429026],[-42.8637418,-22.4286693],[-42.8691004,-22.4321652],[-42.8698155,-22.4334032],[-42.8683973,-22.4349733],[-42.8692151,-22.4356112],[-42.8686682,-22.4372596],[-42.8748547,-22.4426001],[-42.8715645,-22.4461028],[-42.8724922,-22.4463938],[-42.8735165,-22.4476744],[-42.873809,-22.4493774],[-42.8764128,-22.448483],[-42.8802441,-22.448814],[-42.8849477,-22.4526347],[-42.8852871,-22.4535656],[-42.890355,-22.4550976],[-42.8906531,-22.4556101],[-42.8897545,-22.4580519],[-42.8902484,-22.4587089],[-42.8940952,-22.4573281],[-42.897746,-22.4590323],[-42.8987309,-22.4574579],[-42.90164,-22.4576742],[-42.9020517,-22.4562955],[-42.9040341,-22.4560177],[-42.9057883,-22.4547829],[-42.9076037,-22.4548015],[-42.9091099,-22.4559276],[-42.9125572,-22.4563718],[-42.9148844,-22.4543966],[-42.9162606,-22.4523861],[-42.9184264,-22.450888],[-42.9192914,-22.4523706],[-42.925361,-22.4538971],[-42.9265993,-22.4529741],[-42.9265015,-22.4506292],[-42.930178,-22.4479991],[-42.9341286,-22.4495154],[-42.9356344,-22.4526664],[-42.9407713,-22.4571701],[-42.9429511,-22.4573192],[-42.9453868,-22.455188],[-42.9478577,-22.4564965],[-42.9524889,-22.4568311],[-42.9551438,-22.4577407],[-42.955333,-22.4588335],[-42.9541013,-22.4595002],[-42.9560934,-22.4623404],[-42.9555243,-22.4647295],[-42.9558404,-22.4657474],[-42.9593979,-22.465641],[-42.9611521,-22.4642149],[-42.9637797,-22.4641573],[-42.965615,-22.4662483],[-42.968926,-22.4678117],[-42.9697322,-22.4703272],[-42.9705864,-22.4711724],[-42.9738128,-22.4704947],[-42.9766872,-22.4709371],[-42.9767711,-22.4700021],[-42.9781592,-22.4686112],[-42.9806901,-22.4680926],[-42.9808365,-22.4671625],[-42.9820766,-22.4661509],[-42.9827776,-22.463591],[-42.984445,-22.4632564],[-42.9847971,-22.4626586],[-42.9882001,-22.4621641],[-42.9899911,-22.4624839],[-42.9948625,-22.4613909],[-42.9960919,-22.4616746],[-42.999821,-22.4596747],[-43.0040075,-22.4606118],[-43.0056323,-22.4616333],[-43.009574,-22.4627703],[-43.0128542,-22.4654157],[-43.0148011,-22.4657517],[-43.0164912,-22.467102],[-43.0170429,-22.465119],[-43.0182006,-22.4647661],[-43.0189964,-22.4633085],[-43.0198803,-22.4632237],[-43.0202769,-22.4623749],[-43.022206,-22.4621142],[-43.0243915,-22.46281],[-43.0249502,-22.4607898],[-43.0255697,-22.4603134],[-43.0276222,-22.4612661],[-43.0298554,-22.460711],[-43.0317386,-22.4619519],[-43.0337679,-22.4614361],[-43.0352122,-22.4623735]],[[-43.20824738879245,-22.029746930239178],[-43.2115775,-22.0300203],[-43.2086494,-22.029908],[-43.20824738879245,-22.029746930239178]],[[-43.2040136,-22.0259626],[-43.2071097028544,-22.029291105131595],[-43.2065581,-22.0290701],[-43.2040136,-22.0259626]],[[-43.2026849,-22.0255102],[-43.20279524589371,-22.025547770920685],[-43.2013375,-22.0258327],[-43.2026849,-22.0255102]],[[-43.2017027,-22.0287417],[-43.20183427675659,-22.02817380516219],[-43.20203740810146,-22.029131079901305],[-43.2017027,-22.0287417]],[[-43.1312232,-22.0292132],[-43.1323376,-22.0301998],[-43.13115655867473,-22.02919669175124],[-43.1312232,-22.0292132]],[[-43.133107,-22.027834],[-43.13289364940772,-22.027990201898756],[-43.134715,-22.024783],[-43.133107,-22.027834]],[[-43.14258,-22.01753],[-43.140478,-22.018265],[-43.14261767139266,-22.017411577857022],[-43.14258,-22.01753]],[[-43.143193,-22.015603],[-43.14279940588893,-22.01684028523985],[-43.143422,-22.010041],[-43.143193,-22.015603]],[[-43.142221,-21.980695],[-43.142004,-21.983729],[-43.1421510507117,-21.980623747308815],[-43.142221,-21.980695]],[[-43.141738,-21.980203],[-43.14197361019574,-21.980443000447835],[-43.136572,-21.979447],[-43.141738,-21.980203]],[[-43.0380094,-22.4145339],[-43.03790334183864,-22.41483214272353],[-43.0371894,-22.4122897],[-43.0380094,-22.4145339]],[[-43.2844391,-22.3664555],[-43.2847457,-22.3652567],[-43.28450463485903,-22.366491776204356],[-43.2844391,-22.3664555]],[[-43.28264375514671,-22.36151410752884],[-43.2827075,-22.3615783],[-43.282711816424225,-22.361707320125557],[-43.28264375514671,-22.36151410752884]],[[-43.2789114,-22.357028],[-43.2804679,-22.3578553],[-43.28045509655156,-22.357912838735643],[-43.2789114,-22.357028]],[[-43.27692460792758,-22.349656341620264],[-43.276962,-22.3496902],[-43.2781027,-22.3531576],[-43.27692460792758,-22.349656341620264]],[[-43.272374189165376,-22.342951130215308],[-43.2724136,-22.3429511],[-43.2737325,-22.3467659],[-43.272374189165376,-22.342951130215308]],[[-43.268125593757254,-22.333580721195595],[-43.26752353057419,-22.33296727224384],[-43.2675862,-22.3329459],[-43.268125593757254,-22.333580721195595]],[[-43.2657544,-22.3347322],[-43.2670103,-22.3331423],[-43.267423304036335,-22.333001452643277],[-43.2657544,-22.3347322]],[[-43.24190621147921,-22.303168128943376],[-43.2419798,-22.3031374],[-43.24269677263306,-22.303662203333555],[-43.24190621147921,-22.303168128943376]],[[-43.2059182,-22.3012383],[-43.20570319629406,-22.30134257065749],[-43.2067797,-22.2997862],[-43.2059182,-22.3012383]],[[-43.2007181,-22.3037602],[-43.20024827051452,-22.303693671252812],[-43.201379058395226,-22.3034396540534],[-43.2007181,-22.3037602]],[[-43.07432533261864,-22.2226667586911],[-43.0759482,-22.2234582],[-43.076046493192685,-22.22361371609995],[-43.07432533261864,-22.2226667586911]],[[-43.0689668,-22.2209336],[-43.0726647,-22.2218569],[-43.07293716670088,-22.221989776786394],[-43.0689668,-22.2209336]],[[-43.05037501835015,-22.20750346121526],[-43.0504695,-22.2075116],[-43.05048921036438,-22.207801987662332],[-43.05037501835015,-22.20750346121526]],[[-43.048073456129075,-22.208419280950956],[-43.0496267,-22.207439],[-43.05020559952294,-22.20748886723465],[-43.048073456129075,-22.208419280950956]],[[-43.04779618072409,-22.208540276959354],[-43.0589395,-22.1899045],[-43.04781226617509,-22.20853325767337],[-43.04779618072409,-22.208540276959354]],[[-43.0329251,-22.306465],[-43.0363942,-22.3083642],[-43.032007262642054,-22.306164356822606],[-43.0329251,-22.306465]],[[-43.0326687,-22.3298468],[-43.0339074,-22.3272669],[-43.034198311948956,-22.327335567613883],[-43.0326687,-22.3298468]],[[-43.1802,-22.2995721],[-43.18099565607169,-22.30108950504818],[-43.1809676,-22.3010872],[-43.1802,-22.2995721]],[[-43.1779051,-22.2997669],[-43.177656732050906,-22.299539433321726],[-43.1802,-22.2995721],[-43.1779051,-22.2997669]],[[-43.177201696975864,-22.29862101939825],[-43.177391955499566,-22.29929693889827],[-43.1771541,-22.2990791],[-43.177201696975864,-22.29862101939825]],[[-43.177130750944336,-22.27879394492756],[-43.1781756,-22.2790623],[-43.1771594,-22.2788986],[-43.177130750944336,-22.27879394492756]],[[-43.1772752,-22.2765019],[-43.177109421382006,-22.27871602798268],[-43.1768813,-22.2778827],[-43.1772752,-22.2765019]],[[-43.1766711,-22.2718648],[-43.1759738,-22.272509],[-43.176662979924316,-22.27179772231558],[-43.1766711,-22.2718648]],[[-43.17542669861057,-22.26930799132382],[-43.1765242,-22.2706513],[-43.1754081,-22.2695065],[-43.17542669861057,-22.26930799132382]],[[-43.17537286420551,-22.266209455488063],[-43.1756591,-22.2668275],[-43.1751414,-22.2664311],[-43.17537286420551,-22.266209455488063]],[[-43.17519055509214,-22.26581581098531],[-43.1752021201018,-22.26584078232324],[-43.1751414,-22.2658184],[-43.17519055509214,-22.26581581098531]],[[-43.1698866,-22.2327792],[-43.1701139,-22.2391477],[-43.16980884972668,-22.232645048289214],[-43.1698866,-22.2327792]],[[-43.159050820715024,-22.193830238663008],[-43.1605641,-22.2041905],[-43.1589776,-22.1939527],[-43.159050820715024,-22.193830238663008]],[[-43.1983922,-22.200747],[-43.1596295,-22.1928624],[-43.159629073148245,-22.19286217668258],[-43.1983922,-22.200747]],[[-43.0483803,-22.1647298],[-43.048587254290226,-22.164846946076178],[-43.0435826,-22.164352],[-43.0483803,-22.1647298]],[[-43.0385834,-22.163035],[-43.038849322527014,-22.16301707773084],[-43.0357263,-22.1648036],[-43.0385834,-22.163035]],[[-43.14463610953488,-22.04806314008908],[-43.1446093,-22.0480766],[-43.14456546948479,-22.048031360496143],[-43.14463610953488,-22.04806314008908]],[[-43.14435000167843,-22.047808966198218],[-43.1440898,-22.0475404],[-43.1443549,-22.0465862],[-43.14435000167843,-22.047808966198218]],[[-43.140631,-22.0398684],[-43.1381425,-22.0390639],[-43.131975701241885,-22.035736098617495],[-43.140631,-22.0398684]],[[-43.1306809630063,-22.035117951428077],[-43.13080568719876,-22.035507582586792],[-43.130123016779365,-22.03485157102581],[-43.1306809630063,-22.035117951428077]],[[-43.13092847429978,-22.035891162383948],[-43.1310161,-22.0361649],[-43.13009712739704,-22.036306605092975],[-43.13092847429978,-22.035891162383948]],[[-43.13020296439448,-22.040658277534625],[-43.1305572,-22.0410378],[-43.130530614065556,-22.041500530650566],[-43.13020296439448,-22.040658277534625]],[[-43.130497341286436,-22.042079646452017],[-43.1304708,-22.0425416],[-43.1295892,-22.0444257],[-43.130497341286436,-22.042079646452017]],[[-43.1410823,-22.104835],[-43.1383881,-22.1082028],[-43.1375097064925,-22.10872473901951],[-43.1410823,-22.104835]],[[-43.0755643,-22.0931884],[-43.0750405,-22.093392],[-43.07478436137238,-22.09327583267971],[-43.0755643,-22.0931884]],[[-43.063925195539554,-22.08835084261804],[-43.0631073,-22.0879799],[-43.053126,-22.0817249],[-43.063925195539554,-22.08835084261804]],[[-43.128526331825995,-22.029605432879375],[-43.1285357,-22.0293118],[-43.1296238,-22.028817],[-43.128526331825995,-22.029605432879375]],[[-43.129437,-22.0321851],[-43.1285002,-22.0304245],[-43.12851093065603,-22.030088161944782],[-43.129437,-22.0321851]],[[-43.12918743350116,-22.033952523067487],[-43.1288978,-22.0336742],[-43.128947166110656,-22.03353786640322],[-43.12918743350116,-22.033952523067487]]],[[[-41.9407433,-22.8792987],[-41.9418201,-22.87995],[-41.9429606,-22.8784914],[-41.9427438,-22.8777313],[-41.9397461,-22.8767686],[-41.9407433,-22.8792987]]],[[[-41.9379626,-22.8700041],[-41.9382956,-22.8704044],[-41.9385076,-22.8701762],[-41.9379626,-22.8700041]]],[[[-41.9396765,-22.8706013],[-41.9403051,-22.8736067],[-41.9417263,-22.8738898],[-41.9431892,-22.8753515],[-41.9445816,-22.8758809],[-41.9458215,-22.8756641],[-41.945973,-22.8741261],[-41.948018,-22.8739788],[-41.9479545,-22.8722892],[-41.9469223,-22.8701539],[-41.9481529,-22.8698826],[-41.9492568,-22.8705971],[-41.950128,-22.8698795],[-41.9483586,-22.8688521],[-41.9469317,-22.8669874],[-41.9455248,-22.8637602],[-41.9424195,-22.8641175],[-41.941577,-22.8630229],[-41.9365684,-22.8626399],[-41.9349646,-22.8644472],[-41.939903,-22.8680419],[-41.9382145,-22.8682568],[-41.938031,-22.8689505],[-41.9396765,-22.8706013]]],[[[-41.9196277,-22.8640881],[-41.9183197,-22.8641873],[-41.919528,-22.8654724],[-41.9202676,-22.8655329],[-41.9211177,-22.8647564],[-41.9213475,-22.8635877],[-41.9203329,-22.8633946],[-41.9196277,-22.8640881]]],[[[-41.9231683,-22.8648481],[-41.9236013,-22.8639631],[-41.9239471,-22.8646268],[-41.9248045,-22.8643219],[-41.9229535,-22.8633475],[-41.9213951,-22.8638955],[-41.9231683,-22.8648481]]],[[[-41.9093155,-22.8588408],[-41.909534,-22.8627826],[-41.9114126,-22.8626822],[-41.9118295,-22.8615703],[-41.9120602,-22.8624823],[-41.9126202,-22.8623667],[-41.9129359,-22.8610841],[-41.9099063,-22.8584703],[-41.9100398,-22.8575414],[-41.9077542,-22.8577034],[-41.9065186,-22.856369],[-41.9063237,-22.8557443],[-41.9072331,-22.8548116],[-41.9055097,-22.8534232],[-41.9062077,-22.8524438],[-41.9040245,-22.8508764],[-41.9032452,-22.8512654],[-41.9038728,-22.8562125],[-41.9028425,-22.8566842],[-41.9027062,-22.85731],[-41.9041576,-22.8599853],[-41.9065896,-22.8602293],[-41.9085376,-22.8596397],[-41.9093155,-22.8588408]]],[[[-41.9191237,-22.815604],[-41.9180844,-22.8162513],[-41.9181655,-22.8170294],[-41.9194539,-22.8166894],[-41.9191237,-22.815604]]],[[[-41.9174311,-22.8162177],[-41.9180507,-22.8155834],[-41.9173694,-22.8157165],[-41.9174311,-22.8162177]]],[[[-41.9192767,-22.8153039],[-41.9191202,-22.8155022],[-41.9196789,-22.8157508],[-41.9192767,-22.8153039]]],[[[-41.9208613,-22.8134761],[-41.9201968,-22.8146597],[-41.9209509,-22.8147795],[-41.9221718,-22.8135962],[-41.9232868,-22.8133768],[-41.923597,-22.8123166],[-41.9208613,-22.8134761]]],[[[-41.9415406,-22.7395023],[-41.9415966,-22.7395075],[-41.9415432,-22.7393167],[-41.9415406,-22.7395023]]],[[[-41.9463059,-22.7400052],[-41.9469203,-22.739441],[-41.9469062,-22.7376932],[-41.9460808,-22.7369261],[-41.9454419,-22.7369076],[-41.9457439,-22.7371978],[-41.9442713,-22.7390028],[-41.943572,-22.7390934],[-41.9430942,-22.7385003],[-41.9418831,-22.7393066],[-41.9439704,-22.7410633],[-41.9453407,-22.739895],[-41.9463059,-22.7400052]]],[[[-41.940498,-22.7363336],[-41.9407726,-22.7368639],[-41.9407803,-22.7360323],[-41.940498,-22.7363336]]],[[[-41.9212773,-22.7215414],[-41.9197923,-22.7219277],[-41.9204918,-22.7231628],[-41.9202777,-22.7243983],[-41.9220718,-22.7254732],[-41.9243339,-22.7239705],[-41.9265375,-22.7237217],[-41.9241836,-22.7218992],[-41.9212773,-22.7215414]]],[[[-41.9346991,-22.5415047],[-41.9337769,-22.5416086],[-41.9338611,-22.5417382],[-41.9346991,-22.5415047]]],[[[-41.9419304,-22.5417386],[-41.942095,-22.5411452],[-41.9414358,-22.5411493],[-41.9419304,-22.5417386]]],[[[-41.9350288,-22.5406178],[-41.9351311,-22.5408157],[-41.9352626,-22.5407617],[-41.9350288,-22.5406178]]],[[[-41.9415623,-22.5405519],[-41.9416691,-22.5404813],[-41.9416309,-22.5404165],[-41.9415623,-22.5405519]]],[[[-41.9338146,-22.5403784],[-41.9336697,-22.5403307],[-41.9337459,-22.540489],[-41.9338146,-22.5403784]]],[[[-41.9339596,-22.5402181],[-41.9340817,-22.5404928],[-41.934116,-22.5404051],[-41.9339596,-22.5402181]]],[[[-41.9343334,-22.5399492],[-41.9340015,-22.5399339],[-41.9341122,-22.540077],[-41.9343334,-22.5399492]]],[[[-41.9430233,-22.5396269],[-41.9429203,-22.5398233],[-41.9431377,-22.5397566],[-41.9430233,-22.5396269]]],[[[-41.9356762,-22.539459],[-41.9358707,-22.5394972],[-41.9358364,-22.5393942],[-41.9356762,-22.539459]]],[[[-41.9373583,-22.5385175],[-41.9358976,-22.539079],[-41.9381221,-22.5399026],[-41.9373583,-22.5385175]]],[[[-41.9089675,-22.537157],[-41.9091922,-22.5371011],[-41.909149,-22.5369016],[-41.9089675,-22.537157]]],[[[-41.9094563,-22.5365512],[-41.9095613,-22.5364504],[-41.9094815,-22.536431],[-41.9094563,-22.5365512]]],[[[-41.9198888,-22.5334764],[-41.9190592,-22.5318509],[-41.9188352,-22.53257],[-41.9178729,-22.5328639],[-41.9198888,-22.5334764]]],[[[-41.9164386,-22.5325604],[-41.9170909,-22.5324705],[-41.9165586,-22.5320982],[-41.9164386,-22.5325604]]],[[[-41.9187542,-22.5317571],[-41.9187313,-22.5314996],[-41.9185215,-22.5315035],[-41.9187542,-22.5317571]]],[[[-41.9196659,-22.5265844],[-41.9197498,-22.5269258],[-41.9199329,-22.5268572],[-41.9196659,-22.5265844]]],[[[-41.9032511,-22.8507637],[-41.9035035,-22.8503924],[-41.9030633,-22.8503316],[-41.9032511,-22.8507637]]],[[[-41.8915594,-22.8456326],[-41.8918507,-22.846439],[-41.8936387,-22.8456492],[-41.8931397,-22.8446817],[-41.8907456,-22.84322],[-41.8890111,-22.8446874],[-41.8915594,-22.8456326]]],[[[-41.8964878,-22.7857473],[-41.8963734,-22.7863291],[-41.8964191,-22.7862852],[-41.8964878,-22.7857473]]],[[[-41.8921248,-22.7847715],[-41.8922237,-22.7845921],[-41.8921184,-22.7846421],[-41.8921248,-22.7847715]]],[[[-41.902393,-22.7835195],[-41.9025227,-22.7836282],[-41.9025951,-22.7835577],[-41.902393,-22.7835195]]],[[[-41.8997799,-22.782686],[-41.8998066,-22.7827471],[-41.8999058,-22.7825983],[-41.8997799,-22.782686]]],[[[-41.899902,-22.782459],[-41.8999897,-22.7823217],[-41.8998485,-22.7823465],[-41.899902,-22.782459]]],[[[-41.872586,-22.7659586],[-41.872196,-22.765764],[-41.8719924,-22.766568],[-41.872586,-22.7659586]]],[[[-41.903663,-22.7561515],[-41.9040524,-22.7558882],[-41.9037524,-22.7554068],[-41.903663,-22.7561515]]],[[[-41.8875471,-22.7528984],[-41.8873973,-22.7523305],[-41.8869513,-22.7524947],[-41.8871469,-22.7529448],[-41.8875471,-22.7528984]]],[[[-41.875489,-22.7308382],[-41.8750274,-22.7299017],[-41.8741491,-22.7295504],[-41.8729023,-22.7304283],[-41.8749653,-22.7313129],[-41.875489,-22.7308382]]],[[[-41.8848606,-22.4898508],[-41.8849598,-22.4897669],[-41.8845745,-22.4896829],[-41.8848606,-22.4898508]]],[[[-41.8835848,-22.4898284],[-41.8840432,-22.4896086],[-41.8833841,-22.4893998],[-41.8835848,-22.4898284]]],[[[-41.8849789,-22.4895647],[-41.8850857,-22.4894483],[-41.884811,-22.4894083],[-41.8849789,-22.4895647]]],[[[-41.8847614,-22.4878862],[-41.8840176,-22.4878786],[-41.8840443,-22.4882486],[-41.8847614,-22.4878862]]],[[[-41.8650989,-22.4783913],[-41.8642358,-22.4792516],[-41.8645417,-22.4792346],[-41.8650989,-22.4783913]]],[[[-41.8485047,-22.478966],[-41.8488846,-22.4787547],[-41.8484333,-22.4784583],[-41.8485047,-22.478966]]],[[[-41.8500108,-22.4786774],[-41.8496982,-22.4784119],[-41.8495705,-22.4784886],[-41.8500108,-22.4786774]]],[[[-41.8509619,-22.4778107],[-41.8506138,-22.4785445],[-41.851331,-22.4786382],[-41.8509619,-22.4778107]]],[[[-41.8618132,-22.4751304],[-41.861761,-22.4747579],[-41.8610889,-22.4751057],[-41.8618132,-22.4751304]]],[[[-41.8565893,-22.4742791],[-41.8571878,-22.4747717],[-41.8582066,-22.4743218],[-41.8575995,-22.473395],[-41.8565893,-22.4742791]]],[[[-41.8580835,-22.4728115],[-41.8574152,-22.4731215],[-41.8577144,-22.4733703],[-41.8580835,-22.4728115]]],[[[-41.8559937,-22.4679749],[-41.856852,-22.4673551],[-41.8562026,-22.4667782],[-41.8559937,-22.4679749]]],[[[-41.8511715,-22.4648466],[-41.8509378,-22.4651051],[-41.8510799,-22.4651185],[-41.8511715,-22.4648466]]],[[[-41.8522759,-22.4638839],[-41.8519386,-22.464049],[-41.8522019,-22.4640919],[-41.8522759,-22.4638839]]],[[[-41.8539692,-22.4625702],[-41.8529325,-22.4628574],[-41.8534268,-22.4637203],[-41.8541317,-22.4632778],[-41.8539692,-22.4625702]]],[[[-41.85247,-22.4628847],[-41.8525997,-22.4625681],[-41.8521534,-22.4626863],[-41.85247,-22.4628847]]],[[[-41.8547092,-22.457031],[-41.8548428,-22.4571283],[-41.8549343,-22.4569433],[-41.8547092,-22.457031]]],[[[-41.8549725,-22.4569319],[-41.855125,-22.4569967],[-41.8551441,-22.4569624],[-41.8549725,-22.4569319]]],[[[-41.8538547,-22.4557626],[-41.8542972,-22.4552706],[-41.8542324,-22.4548891],[-41.8538547,-22.4557626]]],[[[-41.8545032,-22.4549577],[-41.854343,-22.4547594],[-41.8542972,-22.4549062],[-41.8545032,-22.4549577]]],[[[-41.8510272,-22.4538383],[-41.8505637,-22.4544098],[-41.8520083,-22.4550826],[-41.8525413,-22.4540056],[-41.8510272,-22.4538383]]],[[[-41.8289366,-22.7844487],[-41.8283184,-22.7843293],[-41.828912,-22.7848482],[-41.8289366,-22.7844487]]],[[[-41.8289132,-22.7840297],[-41.8297559,-22.7844048],[-41.8291074,-22.7838727],[-41.8289132,-22.7840297]]],[[[-41.8217966,-22.7721707],[-41.8197364,-22.7718129],[-41.821161,-22.7736658],[-41.8253791,-22.7763618],[-41.8257774,-22.7733643],[-41.8268057,-22.7728932],[-41.8264281,-22.7720547],[-41.8242878,-22.7713254],[-41.8217966,-22.7721707]]],[[[-41.7921648,-22.7707721],[-41.7938633,-22.7717016],[-41.7939804,-22.770394],[-41.7931071,-22.7700142],[-41.7931706,-22.7694509],[-41.7910412,-22.7689435],[-41.7896374,-22.7674313],[-41.7871998,-22.7689211],[-41.7843125,-22.76913],[-41.784162,-22.770299],[-41.7849068,-22.7708374],[-41.7866226,-22.7711926],[-41.787391,-22.7705609],[-41.7880294,-22.7712792],[-41.7913289,-22.7712968],[-41.7921648,-22.7707721]]],[[[-41.8288837,-22.4258337],[-41.8290327,-22.4256299],[-41.8285619,-22.4253876],[-41.8288837,-22.4258337]]],[[[-41.8275847,-22.4244402],[-41.8276681,-22.424622],[-41.827829,-22.4245449],[-41.8275847,-22.4244402]]],[[[-41.8281687,-22.4245393],[-41.8282163,-22.4244347],[-41.8279959,-22.4245173],[-41.8281687,-22.4245393]]],[[[-41.8278946,-22.4242474],[-41.8278111,-22.4243411],[-41.8280376,-22.4243466],[-41.8278946,-22.4242474]]],[[[-41.7164309,-22.4165861],[-41.7153258,-22.4187256],[-41.7120453,-22.4197052],[-41.7130344,-22.4219951],[-41.7140782,-22.4216064],[-41.7156216,-22.4195622],[-41.7166674,-22.4190571],[-41.7172693,-22.4169269],[-41.7164309,-22.4165861]]],[[[-41.6999011,-22.4188416],[-41.7003106,-22.4198343],[-41.7025962,-22.4207346],[-41.7037626,-22.4203141],[-41.7044642,-22.4189603],[-41.7070915,-22.4187208],[-41.7092058,-22.4174258],[-41.7103486,-22.4149217],[-41.7108481,-22.4148134],[-41.7110885,-22.4135636],[-41.7103118,-22.4125342],[-41.7107505,-22.4106255],[-41.7100862,-22.4096203],[-41.709241,-22.4102539],[-41.7077584,-22.4099047],[-41.7065919,-22.4085069],[-41.706748,-22.4073361],[-41.705339,-22.4067413],[-41.7051349,-22.4055653],[-41.7035697,-22.4053842],[-41.7032133,-22.4048101],[-41.7021945,-22.40524],[-41.6980074,-22.4114261],[-41.6998197,-22.4125633],[-41.7007757,-22.4121859],[-41.7010846,-22.4129476],[-41.7019386,-22.4123546],[-41.7029956,-22.4131631],[-41.6999011,-22.4188416]]],[[[-41.8007961,-22.4101255],[-41.8006435,-22.409725],[-41.8005215,-22.4099729],[-41.8007961,-22.4101255]]],[[[-41.6906862,-22.403602],[-41.6912084,-22.4031332],[-41.6908342,-22.4028746],[-41.6903681,-22.402963],[-41.6906862,-22.403602]]],[[[-41.688746,-22.4012759],[-41.6877902,-22.4015885],[-41.6891726,-22.4017842],[-41.688746,-22.4012759]]],[[[-41.6921979,-22.4038271],[-41.6918818,-22.4046284],[-41.6934756,-22.4045929],[-41.6951833,-22.4054128],[-41.6960249,-22.4033588],[-41.6974234,-22.4027039],[-41.697005,-22.4020975],[-41.6952059,-22.4018958],[-41.6950104,-22.401335],[-41.6973961,-22.4007664],[-41.6976101,-22.3997069],[-41.6948898,-22.3990607],[-41.6958416,-22.3985135],[-41.6942985,-22.3981072],[-41.6945115,-22.397217],[-41.6940128,-22.3967133],[-41.6929379,-22.3966042],[-41.6918482,-22.3975337],[-41.6942285,-22.3990646],[-41.6913378,-22.3988643],[-41.6901078,-22.4005154],[-41.6920076,-22.4012481],[-41.6903641,-22.4015334],[-41.6915622,-22.4023136],[-41.6921979,-22.4038271]]],[[[-41.6889687,-22.3994919],[-41.6860327,-22.3989768],[-41.6853022,-22.399522],[-41.6857737,-22.4003341],[-41.6884071,-22.4005006],[-41.6889687,-22.3994919]]],[[[-41.7653413,-22.3912521],[-41.7654512,-22.3921479],[-41.766582,-22.3919406],[-41.7662363,-22.3906457],[-41.7653413,-22.3912521]]],[[[-41.7643048,-22.3898045],[-41.7640696,-22.3905919],[-41.764928,-22.3909729],[-41.7643048,-22.3898045]]],[[[-41.7586437,-22.3827296],[-41.7581941,-22.3833131],[-41.7591402,-22.384737],[-41.7599931,-22.3838586],[-41.7595983,-22.3827428],[-41.7586437,-22.3827296]]],[[[-41.1165217,-22.081258],[-41.1163895,-22.081212],[-41.1163895,-22.0816714],[-41.1165217,-22.081258]]],[[[-41.0272556,-21.6231039],[-41.0284916,-21.6221883],[-41.0293613,-21.6221369],[-41.0297886,-21.6214197],[-41.0272137,-21.6215894],[-41.0263477,-21.6228025],[-41.0272556,-21.6231039]]],[[[-41.0247799,-21.6229837],[-41.0285068,-21.6207197],[-41.021999,-21.6210573],[-41.0247799,-21.6229837]]],[[[-41.0168644,-21.6210611],[-41.0155636,-21.6209562],[-41.0158802,-21.6213777],[-41.0168644,-21.6210611]]],[[[-41.0175663,-21.6205652],[-41.0172077,-21.6196974],[-41.0160442,-21.620384],[-41.0167004,-21.6207769],[-41.0175663,-21.6205652]]],[[[-41.0189243,-21.6204679],[-41.0202099,-21.6202467],[-41.0176807,-21.6195505],[-41.0175739,-21.6197431],[-41.0189243,-21.6204679]]],[[[-41.016914,-21.6193884],[-41.015308,-21.6190832],[-41.0158268,-21.6200674],[-41.016914,-21.6193884]]]]}}]}