{"type":"FeatureCollection","features":[{"type":"Feature","properties":{"geometry_key":"area|area_conc_urb_sao_paulo","type":"area_estudo","area_col":"area_conc_urb_sao_paulo","area_label":"São Paulo - Conc. Urbana","label":"São Paulo - Conc. Urbana"},"geometry":{"type":"Polygon","coordinates":[[[-46.9638902,-23.8945866],[-46.9635547,-23.8933802],[-46.9656761,-23.8935485],[-46.9679805,-23.8926669],[-46.9690361,-23.8914052],[-46.9712031,-23.8903906],[-46.9722475,-23.8879578],[-46.9739635,-23.8871186],[-46.9747341,-23.8872847],[-46.9753835,-23.8887066],[-46.9778627,-23.8888748],[-46.9813104,-23.8914352],[-46.9815476,-23.8921736],[-46.9808981,-23.8931089],[-46.9817873,-23.8941716],[-46.9830081,-23.8935613],[-46.9830031,-23.8949589],[-46.9849809,-23.8948752],[-46.9859721,-23.8938035],[-46.9876378,-23.894833],[-46.9882427,-23.8930324],[-46.9909496,-23.8941189],[-46.9920507,-23.8939739],[-46.9923693,-23.8935194],[-46.9911194,-23.892745],[-46.9914248,-23.8916979],[-46.9888767,-23.8908036],[-46.9884018,-23.8892432],[-46.9893022,-23.8872304],[-46.9911555,-23.8857037],[-46.9910136,-23.8849112],[-46.9934099,-23.8846308],[-46.9943217,-23.8835141],[-46.9936558,-23.8818849],[-46.9949199,-23.8812154],[-46.9947576,-23.8801084],[-46.9958763,-23.8787289],[-46.9954454,-23.8778802],[-46.9962709,-23.8769034],[-46.996112,-23.8758236],[-46.9973117,-23.8743264],[-46.9967042,-23.873017],[-46.9976251,-23.872075],[-46.9999081,-23.8718485],[-47.0019812,-23.8701213],[-47.0021982,-23.8671226],[-47.0041405,-23.8677979],[-47.0060277,-23.8670171],[-47.0111817,-23.8612524],[-47.0114628,-23.8581882],[-47.0127411,-23.8590544],[-47.0151681,-23.8582125],[-47.0166152,-23.8562547],[-47.0188593,-23.8553209],[-47.0220911,-23.8519944],[-47.0236791,-23.8510867],[-47.0255573,-23.8483836],[-47.0277297,-23.8483574],[-47.0286086,-23.847804],[-47.0287876,-23.8461936],[-47.027086,-23.844801],[-47.027617,-23.843884],[-47.025773,-23.844015],[-47.024629,-23.841918],[-47.02496,-23.841216],[-47.022615,-23.84025],[-47.023131,-23.839859],[-47.023052,-23.8386],[-47.021928,-23.836284],[-47.020187,-23.835367],[-47.018653,-23.836464],[-47.016844,-23.836139],[-47.015712,-23.834817],[-47.015317,-23.835713],[-47.014787,-23.835596],[-47.015112,-23.832648],[-47.014589,-23.830946],[-47.012608,-23.830741],[-47.014337,-23.828002],[-47.013039,-23.825096],[-47.015377,-23.822383],[-47.017564,-23.821327],[-47.015792,-23.820138],[-47.017397,-23.817771],[-47.014591,-23.814195],[-47.012287,-23.815097],[-47.009694,-23.814738],[-47.007068,-23.815637],[-47.005962,-23.814643],[-47.001232,-23.812717],[-46.998755,-23.813135],[-46.996699,-23.81194],[-46.994374,-23.811579],[-46.991868,-23.809228],[-46.98647,-23.808414],[-46.986423,-23.806554],[-46.985531,-23.804454],[-46.98402,-23.803046],[-46.985566,-23.800642],[-46.988924,-23.800812],[-46.992901,-23.803426],[-46.995257,-23.801896],[-46.996592,-23.802721],[-46.998841,-23.801142],[-47.000501,-23.801683],[-47.002088,-23.798944],[-47.003828,-23.79871],[-47.005409,-23.797341],[-47.006928,-23.79356],[-47.008589,-23.79185],[-47.009926,-23.791325],[-47.014098,-23.792211],[-47.015992,-23.78988],[-47.019268,-23.788647],[-47.018935,-23.78747],[-47.020698,-23.786132],[-47.022574,-23.780643],[-47.023595,-23.779702],[-47.023152,-23.775075],[-47.025243,-23.774345],[-47.024931,-23.773289],[-47.026032,-23.771731],[-47.029496,-23.770376],[-47.030229,-23.769381],[-47.030856,-23.769841],[-47.0318955,-23.7695143],[-47.0322439,-23.7676952],[-47.0335325,-23.7674574],[-47.0323663,-23.765682],[-47.0329229,-23.7643307],[-47.0287827,-23.7616204],[-47.0295786,-23.759907],[-47.0286012,-23.7573594],[-47.0316139,-23.7570552],[-47.0325975,-23.7563851],[-47.0332078,-23.7575166],[-47.0346597,-23.7578962],[-47.0344968,-23.7559286],[-47.0362733,-23.7535987],[-47.036458,-23.7523116],[-47.0351411,-23.7506004],[-47.0352219,-23.749384],[-47.0360685,-23.7484265],[-47.0336167,-23.7474075],[-47.0337916,-23.7469104],[-47.032929,-23.7460174],[-47.0330133,-23.7440546],[-47.0322432,-23.7430481],[-47.0322513,-23.7410405],[-47.0336311,-23.7397333],[-47.0332567,-23.7374606],[-47.0343855,-23.7355771],[-47.0387498,-23.735052],[-47.0403804,-23.7355939],[-47.0409051,-23.7367835],[-47.0441394,-23.736789],[-47.0471748,-23.7350571],[-47.0498461,-23.7311247],[-47.0493128,-23.7299482],[-47.0497312,-23.7281396],[-47.0510927,-23.7276677],[-47.0513213,-23.7241319],[-47.0523809,-23.7234461],[-47.0531855,-23.721263],[-47.0525716,-23.7203992],[-47.0563122,-23.7186885],[-47.0562133,-23.7172251],[-47.0579441,-23.7149386],[-47.0577451,-23.7126622],[-47.0585952,-23.7115941],[-47.060311,-23.7108801],[-47.0603558,-23.7097061],[-47.0624598,-23.708631],[-47.0613996,-23.7038626],[-47.0596166,-23.7028514],[-47.0594382,-23.7019594],[-47.0618193,-23.6943904],[-47.0615546,-23.6919808],[-47.062983,-23.6897975],[-47.0621606,-23.6824693],[-47.0633835,-23.6814169],[-47.065476,-23.6819009],[-47.0689976,-23.6809616],[-47.0694167,-23.680258],[-47.0734576,-23.6811116],[-47.074351,-23.680612],[-47.075984,-23.680787],[-47.076461,-23.678484],[-47.078022,-23.676175],[-47.07653,-23.675032],[-47.076977,-23.674091],[-47.076442,-23.673862],[-47.076672,-23.673305],[-47.078828,-23.67246],[-47.079344,-23.671517],[-47.079944,-23.671846],[-47.080306,-23.671314],[-47.08103,-23.671568],[-47.08194,-23.671009],[-47.083029,-23.669795],[-47.083094,-23.668588],[-47.083934,-23.668405],[-47.083404,-23.667661],[-47.084756,-23.667156],[-47.081944,-23.664251],[-47.082402,-23.663184],[-47.083213,-23.66359],[-47.082607,-23.662539],[-47.083449,-23.661371],[-47.082196,-23.661591],[-47.082365,-23.660899],[-47.081856,-23.660596],[-47.081783,-23.658862],[-47.082529,-23.659126],[-47.083265,-23.658016],[-47.081833,-23.655604],[-47.081917,-23.654456],[-47.081109,-23.654366],[-47.082265,-23.653598],[-47.079784,-23.652995],[-47.080159,-23.653745],[-47.079133,-23.653929],[-47.077933,-23.65263],[-47.0780273,-23.6533062],[-47.076519,-23.65368],[-47.07565,-23.652384],[-47.074697,-23.652569],[-47.073342,-23.651312],[-47.074355,-23.64984],[-47.072825,-23.647004],[-47.073367,-23.646511],[-47.072657,-23.645367],[-47.06967,-23.64636],[-47.066894,-23.646185],[-47.062039,-23.643868],[-47.060098,-23.641572],[-47.060082,-23.640096],[-47.058989,-23.639732],[-47.058812,-23.638587],[-47.059322,-23.637713],[-47.058052,-23.635668],[-47.059791,-23.629032],[-47.05737,-23.6255088],[-47.0570022,-23.621172],[-47.0555993,-23.618002],[-47.0545636,-23.6172937],[-47.0528096,-23.6172336],[-47.0513044,-23.6184801],[-47.0493929,-23.6188388],[-47.0491,-23.6179237],[-47.047681,-23.6173745],[-47.0470199,-23.6164655],[-47.0473341,-23.613999],[-47.0448825,-23.6124811],[-47.042527,-23.6120572],[-47.0412205,-23.6105741],[-47.0408521,-23.6073092],[-47.0391888,-23.60438],[-47.0380241,-23.6037746],[-47.0363956,-23.6012063],[-47.0372933,-23.5989123],[-47.0348291,-23.5969545],[-47.031181,-23.5889544],[-47.0322827,-23.5855115],[-47.0320503,-23.5832552],[-47.031081,-23.58225],[-47.025784,-23.580849],[-47.024775,-23.580033],[-47.024598,-23.57667],[-47.025823,-23.575729],[-47.026058,-23.574593],[-47.027,-23.574515],[-47.027225,-23.573363],[-47.029336,-23.571848],[-47.029623,-23.569344],[-47.030183,-23.568791],[-47.029382,-23.567697],[-47.026861,-23.568248],[-47.024574,-23.566813],[-47.020508,-23.567361],[-47.018863,-23.564333],[-47.014394,-23.563366],[-47.01539,-23.560244],[-47.013898,-23.559899],[-47.012384,-23.558383],[-47.006126,-23.554358],[-47.006047,-23.553423],[-47.007162,-23.551351],[-47.008754,-23.55051],[-47.012225,-23.550085],[-47.012922,-23.545591],[-47.012665,-23.544054],[-47.013552,-23.541207],[-47.012898,-23.537944],[-47.013164,-23.536354],[-47.007931,-23.535596],[-47.005124,-23.533443],[-46.996915,-23.532132],[-46.995608,-23.531088],[-46.993387,-23.530483],[-46.992568,-23.529441],[-46.9916247,-23.5293514],[-46.9909373,-23.5277549],[-46.992879,-23.526047],[-46.992072,-23.525056],[-46.993266,-23.524202],[-46.995377,-23.524048],[-46.995651,-23.522718],[-46.996998,-23.521966],[-46.996501,-23.520632],[-46.996739,-23.519263],[-46.996016,-23.518676],[-46.99646,-23.514909],[-46.994989,-23.513955],[-46.994511,-23.51202],[-46.9936,-23.5109],[-46.993582,-23.508574],[-46.99498707799455,-23.507046195110462],[-46.996437,-23.507072],[-46.997407,-23.506401],[-46.998748,-23.506444],[-46.999601,-23.505674],[-47.00087285602123,-23.50566143961497],[-47.003105,-23.502577],[-47.00392,-23.499389],[-47.00893,-23.494664],[-47.00996,-23.490954],[-47.011567,-23.489589],[-47.013295,-23.485471],[-47.014835,-23.484425],[-47.017123,-23.484508],[-47.017917,-23.483252],[-47.016838,-23.480884],[-47.013662,-23.478064],[-47.013869,-23.477006],[-47.016739,-23.473865],[-47.017211,-23.472587],[-47.012936,-23.467801],[-47.011652,-23.464285],[-47.011195,-23.460257],[-47.013989,-23.457648],[-47.013237,-23.45453],[-47.011927,-23.454201],[-47.010404,-23.454799],[-47.010364,-23.454068],[-47.01213,-23.452722],[-47.01203,-23.451697],[-47.010633,-23.449745],[-47.011959,-23.449015],[-47.012279,-23.448186],[-47.010532,-23.445723],[-47.011892,-23.44613],[-47.014134,-23.445816],[-47.015542,-23.444024],[-47.015743,-23.445413],[-47.016764,-23.445724],[-47.017193,-23.444912],[-47.020136,-23.444259],[-47.020448,-23.442868],[-47.024192,-23.440778],[-47.025401,-23.441283],[-47.026609,-23.441051],[-47.027862,-23.442243],[-47.029318,-23.442486],[-47.031802,-23.440807],[-47.032939,-23.438041],[-47.035395,-23.437359],[-47.03647,-23.43598],[-47.037523,-23.435569],[-47.035989,-23.434261],[-47.0351454,-23.4319799],[-47.0352223,-23.4297617],[-47.0360816,-23.4279537],[-47.035528,-23.4272473],[-47.0384835,-23.4233752],[-47.0407444,-23.423806],[-47.0401156,-23.4226111],[-47.0412444,-23.4222704],[-47.041479,-23.4170998],[-47.040867,-23.415921],[-47.0388956,-23.4154267],[-47.0385058,-23.4125939],[-47.0374115,-23.411833],[-47.0382179,-23.4110827],[-47.0382605,-23.4101988],[-47.0398348,-23.4099343],[-47.0397343,-23.4090306],[-47.0380357,-23.4085861],[-47.0372343,-23.4070432],[-47.0376202,-23.4061861],[-47.0385627,-23.4061444],[-47.0394592,-23.4051707],[-47.0390255,-23.4046628],[-47.0395887,-23.4038253],[-47.036909,-23.4023312],[-47.036735,-23.4014664],[-47.0373353,-23.4003889],[-47.0361237,-23.3990847],[-47.0367234,-23.3970091],[-47.0385848,-23.3957512],[-47.0382795,-23.394011],[-47.0410962,-23.3931727],[-47.0413372,-23.3901684],[-47.0423148,-23.388821],[-47.0426254,-23.3867469],[-47.0416166,-23.3850681],[-47.0378604,-23.3825966],[-47.0370486,-23.3791263],[-47.0360751,-23.3789035],[-47.0336394,-23.3798781],[-47.0305017,-23.3789279],[-47.0292935,-23.3772654],[-47.0290144,-23.3754958],[-47.0306017,-23.37175],[-47.034088,-23.3711489],[-47.0361795,-23.3687808],[-47.0387472,-23.3690202],[-47.0393437,-23.3671879],[-47.0387153,-23.3647938],[-47.0400801,-23.3615284],[-47.0396207,-23.3591049],[-47.0429147,-23.3522613],[-47.0419167,-23.3522495],[-47.038157,-23.3503054],[-47.036301,-23.3487122],[-47.0332037,-23.3478646],[-47.0312477,-23.3460128],[-47.0250011,-23.3457766],[-47.0212363,-23.3441257],[-47.0186644,-23.3453547],[-47.0173298,-23.3453575],[-47.0173815,-23.3440752],[-47.0159786,-23.343032],[-47.0163831,-23.3415389],[-47.0153509,-23.3403334],[-47.0108561,-23.3386994],[-47.0089393,-23.338679],[-47.0078391,-23.3374488],[-47.0070056,-23.3380496],[-47.0049339,-23.3379792],[-47.0042025,-23.3369208],[-47.0027151,-23.3369078],[-47.00153,-23.337996],[-47.0005443,-23.3381417],[-47.0005147,-23.3362144],[-46.999585,-23.3346639],[-46.9999975,-23.3332458],[-46.9957193,-23.3310003],[-46.9931311,-23.3335424],[-46.9915025,-23.3335338],[-46.9919817,-23.3330601],[-46.9914962,-23.3326513],[-46.9889646,-23.3341547],[-46.9880296,-23.3337664],[-46.9875815,-23.3327035],[-46.9836671,-23.3336404],[-46.9781529,-23.3296327],[-46.9765271,-23.3289979],[-46.9744073,-23.3299867],[-46.9737671,-23.3297084],[-46.9733452,-23.3283188],[-46.9708212,-23.3272334],[-46.9703404,-23.3262355],[-46.9683985,-23.3261947],[-46.9640341,-23.3235745],[-46.9633355,-23.3237904],[-46.962016,-23.3263598],[-46.9600181,-23.3279485],[-46.958952,-23.3278928],[-46.9591092,-23.3268291],[-46.9564605,-23.3259552],[-46.9562099,-23.3253817],[-46.9548896,-23.325506],[-46.9540358,-23.3248444],[-46.9523789,-23.3253173],[-46.950931,-23.3242492],[-46.9496498,-23.3244299],[-46.9496139,-23.3258817],[-46.9486651,-23.3262929],[-46.9472874,-23.3258566],[-46.9469865,-23.3247922],[-46.945335,-23.3251629],[-46.9455141,-23.3239278],[-46.9449219,-23.3228198],[-46.9436684,-23.3229577],[-46.9427963,-23.3217024],[-46.9414095,-23.3213825],[-46.9417506,-23.3204888],[-46.9410999,-23.3203006],[-46.9400256,-23.3228349],[-46.9391854,-23.3235042],[-46.9382924,-23.3230483],[-46.9386343,-23.3223612],[-46.9374542,-23.3218188],[-46.9371018,-23.3199931],[-46.9356444,-23.3176139],[-46.9347848,-23.316952],[-46.9335654,-23.317077],[-46.9333707,-23.3151398],[-46.9321137,-23.3141115],[-46.9308956,-23.3116695],[-46.9283215,-23.3115917],[-46.926576,-23.3108793],[-46.9224067,-23.3079266],[-46.9210921,-23.3082035],[-46.9184298,-23.310722],[-46.9167574,-23.3087301],[-46.9154444,-23.3082956],[-46.9129558,-23.3090578],[-46.9091722,-23.3082598],[-46.9080837,-23.308995],[-46.907156,-23.3083497],[-46.9060862,-23.3088629],[-46.9043803,-23.3084188],[-46.9034934,-23.3075588],[-46.9019133,-23.3075829],[-46.9010357,-23.305245],[-46.8987965,-23.3051477],[-46.8971209,-23.3043403],[-46.8954195,-23.3017963],[-46.8900296,-23.2998155],[-46.8895852,-23.2983683],[-46.8870433,-23.2961717],[-46.8870741,-23.2936538],[-46.885999,-23.2922886],[-46.8863441,-23.2915461],[-46.8855537,-23.2905306],[-46.881614,-23.2891296],[-46.8789807,-23.2909552],[-46.877194,-23.2909482],[-46.8768434,-23.2901843],[-46.8777973,-23.2875724],[-46.8758036,-23.2837155],[-46.8736957,-23.2825058],[-46.869642,-23.282185],[-46.869177,-23.279682],[-46.867464,-23.277939],[-46.86479,-23.27968],[-46.862539,-23.278496],[-46.860967,-23.281786],[-46.85275,-23.284512],[-46.851466,-23.284431],[-46.849939,-23.285617],[-46.848499,-23.285488],[-46.846878,-23.284513],[-46.846075,-23.282099],[-46.844723,-23.281902],[-46.842849,-23.282957],[-46.839868,-23.286833],[-46.838064,-23.287844],[-46.840322,-23.290433],[-46.837327,-23.287138],[-46.834489,-23.286227],[-46.834077,-23.284802],[-46.834676,-23.280627],[-46.832081,-23.279062],[-46.819411,-23.280861],[-46.815947,-23.282622],[-46.814245,-23.282109],[-46.813495,-23.279778],[-46.81426,-23.277722],[-46.813753,-23.276684],[-46.810634,-23.27588],[-46.809716,-23.274626],[-46.806602,-23.275203],[-46.805451,-23.274673],[-46.805947,-23.27248],[-46.803069,-23.270399],[-46.803609,-23.267438],[-46.802532,-23.265431],[-46.803401,-23.263443],[-46.802299,-23.256983],[-46.797424,-23.259529],[-46.792796,-23.261192],[-46.791942,-23.262231],[-46.792573,-23.263907],[-46.791278,-23.266709],[-46.787637,-23.266469],[-46.786711,-23.265221],[-46.785528,-23.264959],[-46.78265296627181,-23.2661140119976],[-46.783686,-23.265378],[-46.784266,-23.26197],[-46.783886,-23.260757],[-46.777982,-23.256418],[-46.771508,-23.259853],[-46.766154,-23.259221],[-46.763431,-23.257768],[-46.760845,-23.258396],[-46.760075,-23.257859],[-46.760068,-23.25623],[-46.758115,-23.255037],[-46.757163,-23.253483],[-46.754229,-23.2544905],[-46.7525611,-23.2557441],[-46.7513655,-23.2545461],[-46.7519295,-23.2537497],[-46.7511606,-23.253171],[-46.745466,-23.2504049],[-46.7429804,-23.2504475],[-46.7388663,-23.2526911],[-46.7371461,-23.2529434],[-46.7349184,-23.25233],[-46.7332634,-23.2533602],[-46.7315717,-23.2532348],[-46.7288035,-23.2518009],[-46.7267679,-23.2491346],[-46.7253636,-23.2484576],[-46.7229292,-23.2490701],[-46.7193813,-23.2517972],[-46.7185235,-23.2532958],[-46.7148786,-23.2536567],[-46.7095646,-23.2533155],[-46.7053349,-23.2516307],[-46.7042768,-23.2521745],[-46.7021117,-23.2518123],[-46.6979398,-23.2535959],[-46.6971794,-23.2549749],[-46.6989502,-23.2560337],[-46.6988037,-23.2569401],[-46.6957401,-23.257225],[-46.6942003,-23.259201],[-46.693079,-23.2590746],[-46.6909392,-23.2570353],[-46.6865655,-23.2589582],[-46.6856386,-23.2584628],[-46.6851633,-23.2572825],[-46.6843128,-23.2571066],[-46.6783601,-23.2610006],[-46.675775,-23.2616018],[-46.67209,-23.2560258],[-46.6690511,-23.2563759],[-46.6677528,-23.2582946],[-46.6666941,-23.2588102],[-46.6636535,-23.2585496],[-46.6563133,-23.2599065],[-46.6513443,-23.2594797],[-46.6492264,-23.2575334],[-46.646295,-23.2566078],[-46.6436501,-23.2546388],[-46.6414205,-23.2553403],[-46.638447,-23.257666],[-46.637107,-23.25808],[-46.634297,-23.257463],[-46.633237,-23.258248],[-46.629729,-23.259108],[-46.626406,-23.256211],[-46.62399,-23.257062],[-46.622848,-23.256858],[-46.622163,-23.254809],[-46.622775,-23.25246],[-46.622563,-23.244619],[-46.621772,-23.242179],[-46.618944,-23.241603],[-46.617603,-23.240313],[-46.618323,-23.2385],[-46.617,-23.233301],[-46.61453,-23.230748],[-46.615404,-23.2275],[-46.609922,-23.225823],[-46.606979,-23.22672],[-46.60501,-23.229133],[-46.604615,-23.233603],[-46.603917,-23.235212],[-46.601173,-23.234241],[-46.598958,-23.235328],[-46.59443,-23.236394],[-46.58998,-23.236691],[-46.588444,-23.234891],[-46.585217,-23.234149],[-46.583386,-23.232775],[-46.575295,-23.232543],[-46.568253,-23.233735],[-46.566764,-23.235865],[-46.563602,-23.236548],[-46.559183,-23.235229],[-46.55294,-23.236486],[-46.551786,-23.237819],[-46.551501,-23.239339],[-46.546229,-23.241379],[-46.539578,-23.239766],[-46.532758,-23.240398],[-46.529002,-23.241544],[-46.52601,-23.23907],[-46.5238,-23.238073],[-46.520164,-23.237444],[-46.516779,-23.238513],[-46.5153801,-23.2375019],[-46.515436,-23.239789],[-46.51459,-23.241982],[-46.515324,-23.244159],[-46.513474,-23.247482],[-46.514195,-23.250163],[-46.510932,-23.250159],[-46.504529,-23.248733],[-46.503069,-23.247942],[-46.502322,-23.250517],[-46.500879,-23.251246],[-46.499896,-23.252783],[-46.495498,-23.253483],[-46.494931,-23.254789],[-46.491828,-23.255252],[-46.49058,-23.257726],[-46.488193,-23.259061],[-46.487473,-23.261162],[-46.482865,-23.265322],[-46.483138,-23.266948],[-46.478456,-23.269392],[-46.476393,-23.272701],[-46.476232,-23.274901],[-46.472741,-23.276643],[-46.472356,-23.280916],[-46.470485,-23.282795],[-46.467338,-23.280717],[-46.462804,-23.280065],[-46.462117,-23.27851],[-46.460636,-23.278071],[-46.460265,-23.275647],[-46.46184,-23.272439],[-46.459384,-23.270338],[-46.454954,-23.273024],[-46.452486,-23.272691],[-46.450875,-23.27108],[-46.447892,-23.270024],[-46.446926,-23.271495],[-46.443541,-23.271709],[-46.440066,-23.273208],[-46.434303,-23.279628],[-46.437512,-23.283659],[-46.437409,-23.284552],[-46.429914,-23.289044],[-46.427253,-23.292],[-46.427635,-23.294938],[-46.425434,-23.297358],[-46.425915,-23.30185],[-46.423488,-23.306008],[-46.42165,-23.307642],[-46.420331,-23.312237],[-46.418459,-23.314696],[-46.4184515954342,-23.31619820128585],[-46.417149,-23.315102],[-46.413923,-23.310234],[-46.413499,-23.30832],[-46.410499,-23.30579],[-46.41031,-23.304315],[-46.412098,-23.302716],[-46.41199,-23.30167],[-46.4083,-23.300294],[-46.405078,-23.300968],[-46.402736,-23.299121],[-46.403438,-23.296155],[-46.40114,-23.295846],[-46.400639,-23.295318],[-46.400753,-23.291574],[-46.399971,-23.288779],[-46.396249,-23.285818],[-46.390332,-23.287516],[-46.38742,-23.286929],[-46.386533,-23.28507],[-46.384689,-23.283788],[-46.384213,-23.281174],[-46.381682,-23.278166],[-46.379318,-23.278704],[-46.376292,-23.278385],[-46.371704,-23.275666],[-46.36932,-23.275007],[-46.367157,-23.275169],[-46.365865,-23.273983],[-46.364623,-23.273837],[-46.361989,-23.276713],[-46.364157,-23.274083],[-46.356876,-23.272567],[-46.359286,-23.271125],[-46.359771,-23.267791],[-46.357916,-23.265623],[-46.355899,-23.264943],[-46.35381,-23.264964],[-46.353944,-23.262709],[-46.350202,-23.258435],[-46.348015,-23.254443],[-46.348066,-23.252645],[-46.343626,-23.251452],[-46.339984,-23.251418],[-46.337167,-23.250639],[-46.33294,-23.246858],[-46.329657,-23.246343],[-46.329264,-23.244436],[-46.326665,-23.240792],[-46.323674,-23.239094],[-46.321765,-23.236825],[-46.317597,-23.23371],[-46.314401,-23.22883],[-46.311501,-23.227427],[-46.310737,-23.22447],[-46.308924,-23.222917],[-46.309131,-23.220017],[-46.307144,-23.217611],[-46.305542,-23.213005],[-46.305809,-23.211106],[-46.30738,-23.210335],[-46.308714,-23.208805],[-46.309999,-23.204751],[-46.307672,-23.203135],[-46.307658,-23.202166],[-46.309012,-23.19996],[-46.307736,-23.198041],[-46.303811,-23.197303],[-46.301641,-23.198275],[-46.298594,-23.196391],[-46.296933,-23.197011],[-46.294323,-23.194799],[-46.286019,-23.190976],[-46.285191,-23.189973],[-46.283589,-23.184244],[-46.282202,-23.183444],[-46.27581,-23.184938],[-46.273102,-23.187315],[-46.270854,-23.187714],[-46.269669,-23.190001],[-46.268092,-23.190584],[-46.263297,-23.188172],[-46.262198,-23.186387],[-46.26024,-23.186524],[-46.258328,-23.185697],[-46.253556,-23.187143],[-46.251976,-23.188556],[-46.250531,-23.189013],[-46.248652,-23.187535],[-46.244918,-23.185912],[-46.241191,-23.187132],[-46.239606,-23.186951],[-46.238885,-23.187514],[-46.23554,-23.186641],[-46.234107,-23.187232],[-46.232566,-23.189651],[-46.229409,-23.188935],[-46.227738,-23.189332],[-46.224675,-23.196238],[-46.218589,-23.197434],[-46.217073,-23.200006],[-46.21442,-23.200453],[-46.210843,-23.203728],[-46.207948,-23.205026],[-46.207936,-23.206467],[-46.204882,-23.209674],[-46.204446,-23.208539],[-46.203095,-23.20787],[-46.198146,-23.208489],[-46.197477,-23.209671],[-46.195848,-23.210609],[-46.196527,-23.215805],[-46.196283,-23.218793],[-46.191157,-23.221041],[-46.189668,-23.22395],[-46.188671,-23.224632],[-46.18702,-23.224854],[-46.183962,-23.224183],[-46.182101,-23.226471],[-46.178915,-23.227217],[-46.176403,-23.229929],[-46.174416,-23.231124],[-46.171925,-23.229936],[-46.170229,-23.230155],[-46.166708,-23.232528],[-46.165017,-23.235146],[-46.162529,-23.234592],[-46.15954,-23.235748],[-46.154482,-23.235269],[-46.153199,-23.235705],[-46.153082,-23.237248],[-46.154624,-23.240608],[-46.156717,-23.241171],[-46.157508,-23.2423],[-46.157351,-23.244206],[-46.158154,-23.246574],[-46.156646,-23.248406],[-46.155963,-23.250722],[-46.156941,-23.25492],[-46.15196,-23.257334],[-46.145746,-23.256827],[-46.147193,-23.259],[-46.148778,-23.259724],[-46.149265,-23.261124],[-46.150622,-23.261535],[-46.150668,-23.264246],[-46.153543,-23.265825],[-46.151963,-23.267518],[-46.152011,-23.272356],[-46.150958,-23.274343],[-46.149095,-23.274782],[-46.146307,-23.273519],[-46.145215,-23.273663],[-46.144245,-23.276378],[-46.141998,-23.277255],[-46.139513,-23.279765],[-46.138824,-23.281023],[-46.139454,-23.282479],[-46.139216,-23.285014],[-46.136674,-23.287507],[-46.133821,-23.287947],[-46.127315,-23.287191],[-46.125975,-23.287848],[-46.124876,-23.289668],[-46.12339,-23.290215],[-46.119828,-23.286658],[-46.119359,-23.285482],[-46.114168,-23.285402],[-46.113153,-23.286637],[-46.112747,-23.288583],[-46.113673,-23.289654],[-46.113377,-23.291966],[-46.115126,-23.294324],[-46.115002,-23.297274],[-46.113814,-23.299335],[-46.111152,-23.300208],[-46.110258,-23.301767],[-46.10279,-23.302932],[-46.100655,-23.305558],[-46.101804,-23.309237],[-46.105419,-23.31099],[-46.110854,-23.31044],[-46.112702,-23.309724],[-46.114764,-23.313484],[-46.12458,-23.319944],[-46.12468,-23.32073],[-46.126098,-23.321652],[-46.127163,-23.321645],[-46.127981,-23.322485],[-46.129153,-23.32243],[-46.13052,-23.323185],[-46.131646,-23.322706],[-46.133607,-23.324044],[-46.13413,-23.326394],[-46.135252,-23.326459],[-46.136507,-23.327563],[-46.13908,-23.328386],[-46.139382,-23.329194],[-46.140041,-23.329068],[-46.140153,-23.328413],[-46.142245,-23.331098],[-46.144641,-23.331745],[-46.145099,-23.332969],[-46.147435,-23.334441],[-46.147612,-23.335206],[-46.148894,-23.334955],[-46.150337,-23.33647],[-46.151398,-23.336209],[-46.152023,-23.337101],[-46.151072,-23.33756],[-46.1520543,-23.3385341],[-46.1562067,-23.3398314],[-46.1577605,-23.3422735],[-46.1567176,-23.3450219],[-46.15691,-23.352773],[-46.1549105,-23.3599779],[-46.1559665,-23.3629573],[-46.152938,-23.367471],[-46.153352,-23.368512],[-46.154408,-23.369072],[-46.156285,-23.371445],[-46.156112,-23.372947],[-46.157024,-23.374737],[-46.156681,-23.376217],[-46.157561,-23.378506],[-46.158746,-23.379837],[-46.157818,-23.38236],[-46.159672,-23.38511],[-46.159442,-23.38631],[-46.160501,-23.388275],[-46.158615,-23.391144],[-46.158764,-23.391953],[-46.157259,-23.391999],[-46.155064,-23.393767],[-46.154251,-23.395437],[-46.14814,-23.401891],[-46.146923,-23.404879],[-46.14793,-23.406498],[-46.147559,-23.407932],[-46.142722,-23.410999],[-46.143129,-23.412713],[-46.142089,-23.415327],[-46.142841,-23.416597],[-46.14709,-23.418501],[-46.149483,-23.421357],[-46.151448,-23.422137],[-46.151993,-23.423115],[-46.153789,-23.423584],[-46.15505,-23.426603],[-46.151701,-23.430015],[-46.150155,-23.430399],[-46.148405,-23.432309],[-46.14588,-23.433742],[-46.139665,-23.440398],[-46.135404,-23.438536],[-46.13412,-23.437006],[-46.131276,-23.43807],[-46.127754,-23.435827],[-46.126349,-23.436211],[-46.121344,-23.435481],[-46.11609,-23.438138],[-46.114266,-23.438407],[-46.11317,-23.440089],[-46.113291,-23.443199],[-46.111771,-23.445828],[-46.106588,-23.448179],[-46.105801,-23.452643],[-46.106352,-23.45411],[-46.105605,-23.455379],[-46.102769,-23.453965],[-46.100986,-23.455491],[-46.099927,-23.455613],[-46.094682,-23.453369],[-46.092061,-23.453437],[-46.089544,-23.451752],[-46.087744,-23.452456],[-46.085717,-23.452101],[-46.083335,-23.452636],[-46.077948,-23.451014],[-46.076613,-23.452307],[-46.073958,-23.4524],[-46.059124,-23.465033],[-46.056389,-23.469285],[-46.056222,-23.470333],[-46.053874,-23.473258],[-46.054407,-23.479244],[-46.053691,-23.480823],[-46.051954,-23.481998],[-46.053196,-23.485001],[-46.051108,-23.488759],[-46.059355,-23.491492],[-46.061847,-23.49304],[-46.063957,-23.493089],[-46.063792,-23.497114],[-46.065088,-23.499364],[-46.065086,-23.501357],[-46.066011,-23.503044],[-46.066058,-23.506867],[-46.066554,-23.507612],[-46.069893,-23.508961],[-46.071409,-23.511838],[-46.072819,-23.512063],[-46.074208,-23.511204],[-46.074853,-23.509717],[-46.076225,-23.509674],[-46.078328,-23.512327],[-46.077039,-23.514675],[-46.077746,-23.516648],[-46.075332,-23.518201],[-46.074928,-23.52102],[-46.071476,-23.522779],[-46.071924,-23.524922],[-46.073483,-23.525308],[-46.07416,-23.526904],[-46.075777,-23.52805],[-46.075409,-23.530979],[-46.076326,-23.532908],[-46.075741,-23.53418],[-46.073046,-23.535607],[-46.071196,-23.537326],[-46.069051,-23.537453],[-46.064584,-23.539625],[-46.06155,-23.539902],[-46.05695,-23.542169],[-46.053062,-23.541213],[-46.051113,-23.539009],[-46.041134,-23.53832],[-46.040309,-23.536637],[-46.038811,-23.535757],[-46.035693,-23.532233],[-46.036083,-23.528334],[-46.034431,-23.525504],[-46.03086,-23.525673],[-46.027971,-23.527141],[-46.026233,-23.53035],[-46.024739,-23.529716],[-46.022882,-23.531254],[-46.021209,-23.531197],[-46.018068,-23.528828],[-46.014713,-23.529754],[-46.013426,-23.529402],[-46.012507,-23.527896],[-46.011168,-23.528734],[-46.00652,-23.528001],[-46.005577,-23.525287],[-46.000095,-23.521464],[-45.998382,-23.519153],[-45.997492,-23.519131],[-45.995119,-23.520975],[-45.985889,-23.517305],[-45.983957,-23.517905],[-45.982711,-23.514719],[-45.980916,-23.513287],[-45.979619,-23.510901],[-45.977736,-23.509467],[-45.977659,-23.50661],[-45.9752,-23.503456],[-45.972174,-23.502831],[-45.9619131,-23.4970512],[-45.9610003,-23.498817],[-45.9583732,-23.4986107],[-45.9542963,-23.4999695],[-45.9497086,-23.5005082],[-45.946605,-23.4959732],[-45.9393777,-23.4943655],[-45.9368811,-23.4961296],[-45.9341708,-23.4971545],[-45.9303616,-23.4973255],[-45.9287969,-23.4991929],[-45.9254734,-23.4990211],[-45.9239005,-23.5000127],[-45.9215181,-23.5005331],[-45.9192033,-23.5026515],[-45.9174514,-23.5057898],[-45.913939,-23.5051488],[-45.9113357,-23.5068342],[-45.9072719,-23.505431],[-45.9031305,-23.5050838],[-45.9016648,-23.5035805],[-45.901051,-23.5005984],[-45.8989794,-23.4986477],[-45.8950702,-23.4970012],[-45.8912924,-23.4969478],[-45.8901398,-23.4963969],[-45.8885812,-23.4948125],[-45.8876884,-23.4924814],[-45.885756,-23.493289],[-45.8839268,-23.4951566],[-45.882723,-23.4953912],[-45.8809171,-23.492968],[-45.8775914,-23.4899587],[-45.874963,-23.4896658],[-45.8729968,-23.4905442],[-45.8716057,-23.4898875],[-45.8696251,-23.4863926],[-45.865799,-23.4833465],[-45.8645852,-23.4828855],[-45.8607868,-23.4831872],[-45.8580054,-23.4815482],[-45.8521024,-23.4807965],[-45.8489535,-23.4784765],[-45.8467439,-23.4741286],[-45.843125,-23.4742743],[-45.8402627,-23.4721117],[-45.836548,-23.4752911],[-45.8373322,-23.479314],[-45.835352,-23.4828678],[-45.8327246,-23.4845389],[-45.8300721,-23.4850331],[-45.828769,-23.4868823],[-45.8256215,-23.48753],[-45.824138,-23.4888722],[-45.8194205,-23.4890946],[-45.8183034,-23.4896354],[-45.8169147,-23.4914702],[-45.8133395,-23.4996701],[-45.8105145,-23.4971763],[-45.8042017,-23.4943049],[-45.8000718,-23.4946766],[-45.7982183,-23.4919876],[-45.7952041,-23.4912151],[-45.7922802,-23.4926125],[-45.789277,-23.4926537],[-45.7880148,-23.4935847],[-45.7876036,-23.4958056],[-45.7896603,-23.4966018],[-45.7899439,-23.4972281],[-45.7886341,-23.5018605],[-45.7901905,-23.5031003],[-45.7911483,-23.5063271],[-45.7891458,-23.5075682],[-45.7884429,-23.5091507],[-45.7875274,-23.5088445],[-45.7823714,-23.5099187],[-45.7738939,-23.5084166],[-45.7720752,-23.507153],[-45.7707247,-23.5084719],[-45.7652374,-23.5100265],[-45.7636051,-23.511206],[-45.756027,-23.5111595],[-45.7561191,-23.5121613],[-45.7592762,-23.5130211],[-45.7594432,-23.5140188],[-45.7606449,-23.5149856],[-45.7619432,-23.5184805],[-45.7596921,-23.5205328],[-45.7594071,-23.5226696],[-45.7605365,-23.5240092],[-45.7592846,-23.5239668],[-45.7584951,-23.5247009],[-45.754198,-23.5261875],[-45.7539806,-23.531966],[-45.7523184,-23.5341783],[-45.7468286,-23.5384206],[-45.7460907,-23.5398288],[-45.7457768,-23.5424042],[-45.7465715,-23.5452747],[-45.746147,-23.5478299],[-45.7468885,-23.550408],[-45.7465912,-23.5525458],[-45.7470908,-23.5546333],[-45.7462764,-23.5561486],[-45.7449256,-23.5564424],[-45.7430319,-23.5581294],[-45.741247,-23.5613615],[-45.7431248,-23.5634983],[-45.7459848,-23.564793],[-45.7461274,-23.5661283],[-45.7415361,-23.5721523],[-45.7362564,-23.57176],[-45.7333736,-23.5720875],[-45.730937,-23.5744871],[-45.7316616,-23.5769855],[-45.7356465,-23.5782923],[-45.7395985,-23.5832677],[-45.7403813,-23.5850474],[-45.7398301,-23.5863353],[-45.7381762,-23.5869025],[-45.7339321,-23.5867135],[-45.7340867,-23.5930682],[-45.7392861,-23.5960081],[-45.740004,-23.5988002],[-45.7427237,-23.6005091],[-45.7437527,-23.6020893],[-45.7418639,-23.6035622],[-45.7403546,-23.6039326],[-45.7334344,-23.6031548],[-45.7278652,-23.6004757],[-45.7256126,-23.5984748],[-45.7239168,-23.598178],[-45.7214957,-23.5999336],[-45.7222634,-23.6046953],[-45.721454,-23.6063361],[-45.7153279,-23.608783],[-45.7128536,-23.6075116],[-45.7131388,-23.6062778],[-45.7057963,-23.6016762],[-45.7030226,-23.6042034],[-45.7030544,-23.6060258],[-45.7017785,-23.6092312],[-45.7035097,-23.6102868],[-45.7035437,-23.6111743],[-45.70178,-23.6135264],[-45.7016561,-23.6148619],[-45.7003601,-23.616059],[-45.6997698,-23.6179847],[-45.6975231,-23.6201945],[-45.696842,-23.6222041],[-45.6977668,-23.6250323],[-45.6953159,-23.6288781],[-45.6948141,-23.6308281],[-45.6952955,-23.6315494],[-45.7000525,-23.6338254],[-45.7016741,-23.6354678],[-45.7035518,-23.6377154],[-45.7040809,-23.6395876],[-45.7065213,-23.6420507],[-45.7074982,-23.6447732],[-45.7103015,-23.6452931],[-45.7112507,-23.6439494],[-45.7114276,-23.6421971],[-45.7138286,-23.6430399],[-45.7183367,-23.6468828],[-45.7209828,-23.6503823],[-45.7262376,-23.6530302],[-45.7277672,-23.6556672],[-45.7290931,-23.6562027],[-45.7336567,-23.656421],[-45.7353463,-23.6596349],[-45.7381319,-23.6627848],[-45.7385493,-23.6648788],[-45.7416925,-23.6681687],[-45.7451522,-23.6682718],[-45.7496093,-23.6706618],[-45.7510288,-23.6704033],[-45.7534978,-23.6713156],[-45.763488,-23.671053],[-45.7648389,-23.6742166],[-45.7678637,-23.6753472],[-45.7694324,-23.6785313],[-45.771526,-23.678904],[-45.773898,-23.680768],[-45.775361,-23.680904],[-45.778017,-23.683088],[-45.784444,-23.681609],[-45.786411,-23.678394],[-45.791386,-23.683131],[-45.796058,-23.682972],[-45.794026,-23.680211],[-45.798179,-23.6754],[-45.800287,-23.676156],[-45.805366,-23.676739],[-45.808868,-23.675505],[-45.810781,-23.676624],[-45.814109,-23.676927],[-45.816953,-23.676674],[-45.818181,-23.675521],[-45.820599,-23.674926],[-45.821816,-23.674983],[-45.823292,-23.676202],[-45.825696,-23.674473],[-45.830231,-23.67475],[-45.830507,-23.674272],[-45.829402,-23.672386],[-45.831385,-23.671864],[-45.832609,-23.669918],[-45.837387,-23.669927],[-45.838004,-23.669133],[-45.835249,-23.664862],[-45.833916,-23.66432],[-45.832797,-23.664552],[-45.831052,-23.663119],[-45.831753,-23.661157],[-45.831744,-23.65727],[-45.833131,-23.656377],[-45.831143,-23.651562],[-45.832829,-23.651167],[-45.833191,-23.648856],[-45.833932,-23.648403],[-45.836157,-23.648985],[-45.837659,-23.64803],[-45.841985,-23.648469],[-45.845377,-23.643535],[-45.847297,-23.645598],[-45.847981,-23.645271],[-45.848427,-23.64403],[-45.850371,-23.644221],[-45.850657,-23.64772],[-45.853893,-23.646369],[-45.854684,-23.646661],[-45.854686,-23.649346],[-45.856509,-23.650593],[-45.855428,-23.653334],[-45.857677,-23.655257],[-45.859488,-23.655036],[-45.862744,-23.652066],[-45.864613,-23.652592],[-45.866357,-23.654284],[-45.87005,-23.655171],[-45.872086,-23.654762],[-45.873196,-23.652619],[-45.875555,-23.65423],[-45.877473,-23.653559],[-45.883038,-23.653312],[-45.887063,-23.657272],[-45.890738,-23.657024],[-45.89294,-23.655504],[-45.894611,-23.65533],[-45.897609,-23.656343],[-45.899555,-23.655856],[-45.900656,-23.658977],[-45.90553,-23.660843],[-45.904851,-23.663119],[-45.905644,-23.664311],[-45.908807,-23.664768],[-45.911875,-23.664399],[-45.913024,-23.665218],[-45.914807,-23.665397],[-45.916139,-23.666904],[-45.91693,-23.665291],[-45.915958,-23.667443],[-45.917513,-23.669179],[-45.916876,-23.672233],[-45.917987,-23.674468],[-45.918171,-23.677571],[-45.924412,-23.681334],[-45.922798,-23.685368],[-45.919815,-23.687127],[-45.919764,-23.688433],[-45.921328,-23.689306],[-45.923964,-23.68965],[-45.925956,-23.693695],[-45.927441,-23.694985],[-45.92925,-23.695505],[-45.931266,-23.698145],[-45.936097,-23.701209],[-45.937417,-23.700574],[-45.938375,-23.701357],[-45.940118,-23.701474],[-45.941784,-23.699949],[-45.94384,-23.700984],[-45.945882,-23.700885],[-45.95046,-23.702288],[-45.951345,-23.701707],[-45.950961,-23.700175],[-45.951861,-23.699586],[-45.954771,-23.700621],[-45.956626,-23.700566],[-45.956908,-23.699857],[-45.956236,-23.697266],[-45.954103,-23.695566],[-45.955037,-23.694133],[-45.957613,-23.694921],[-45.960047,-23.694911],[-45.965884,-23.696931],[-45.96951,-23.696946],[-45.970475,-23.696553],[-45.971285,-23.694744],[-45.976513,-23.694006],[-45.978612,-23.6958],[-45.984918,-23.697915],[-45.987058,-23.699417],[-45.990608,-23.702538],[-45.992233,-23.705579],[-45.993203,-23.705721],[-45.994945,-23.704525],[-45.996866,-23.704538],[-46.004233,-23.708121],[-46.008499,-23.708677],[-46.010467,-23.71047],[-46.013877,-23.712286],[-46.016655,-23.714847],[-46.020059,-23.715716],[-46.022424,-23.715303],[-46.025849,-23.71561],[-46.026914,-23.718009],[-46.031666,-23.720341],[-46.037232,-23.720972],[-46.043774,-23.720027],[-46.054107,-23.716325],[-46.056949,-23.716064],[-46.059252,-23.71874],[-46.065133,-23.722336],[-46.066083,-23.723615],[-46.065373,-23.724608],[-46.065488,-23.725882],[-46.067385,-23.728754],[-46.073141,-23.731155],[-46.074968,-23.731125],[-46.077063,-23.732516],[-46.084603,-23.733819],[-46.089819,-23.73316],[-46.095608,-23.73379],[-46.097727,-23.735567],[-46.102564,-23.73633],[-46.103441,-23.735614],[-46.103843,-23.733744],[-46.107239,-23.731751],[-46.106846,-23.730721],[-46.103593,-23.729175],[-46.10025,-23.729299],[-46.09851,-23.728193],[-46.096999,-23.72632],[-46.09752,-23.725343],[-46.099504,-23.725044],[-46.101615,-23.722723],[-46.100153,-23.720167],[-46.100905,-23.71845],[-46.104004,-23.715301],[-46.103127,-23.712716],[-46.104585,-23.711245],[-46.106503,-23.711598],[-46.109027,-23.715429],[-46.111467,-23.714882],[-46.112446,-23.716619],[-46.113919,-23.717801],[-46.11583,-23.717625],[-46.11702,-23.715986],[-46.118191,-23.715766],[-46.122546,-23.71872],[-46.123256,-23.718311],[-46.12357,-23.717138],[-46.122408,-23.714879],[-46.124325,-23.714984],[-46.125437,-23.713151],[-46.12612,-23.712895],[-46.127253,-23.716507],[-46.12937,-23.720501],[-46.131167,-23.721752],[-46.131183,-23.723723],[-46.131817,-23.724869],[-46.136225,-23.724703],[-46.137776,-23.726385],[-46.139854,-23.725856],[-46.147793,-23.728265],[-46.150235,-23.732527],[-46.155867,-23.736213],[-46.157337,-23.734811],[-46.157448,-23.732876],[-46.158596,-23.732221],[-46.160552,-23.731863],[-46.163963,-23.732707],[-46.165844,-23.734365],[-46.169226,-23.732204],[-46.17035,-23.732328],[-46.174156,-23.735784],[-46.176095,-23.73545],[-46.176869,-23.735897],[-46.176414,-23.737913],[-46.17789,-23.739328],[-46.178418,-23.745672],[-46.179824,-23.745794],[-46.183533,-23.744371],[-46.186406,-23.744683],[-46.189881,-23.747629],[-46.190275,-23.750627],[-46.192771,-23.753634],[-46.194087,-23.754228],[-46.195311,-23.753986],[-46.196616,-23.752797],[-46.1992,-23.753073],[-46.201109,-23.751303],[-46.203624,-23.750913],[-46.20659,-23.75167],[-46.208104,-23.751281],[-46.208519,-23.750635],[-46.207993,-23.745532],[-46.208638,-23.743404],[-46.210245,-23.741721],[-46.211899,-23.74154],[-46.216375,-23.743978],[-46.217723,-23.744114],[-46.221511,-23.741996],[-46.222641,-23.740464],[-46.225217,-23.740454],[-46.225883,-23.737848],[-46.227006,-23.736976],[-46.234897,-23.737213],[-46.23724,-23.735514],[-46.238761,-23.735359],[-46.23976,-23.736014],[-46.241602,-23.739022],[-46.241995,-23.741093],[-46.24375,-23.741645],[-46.245235,-23.742976],[-46.245869,-23.745595],[-46.247877,-23.746289],[-46.247629,-23.749825],[-46.246703,-23.752354],[-46.248858,-23.756896],[-46.25091,-23.758284],[-46.255655,-23.759957],[-46.255331,-23.763049],[-46.257983,-23.766186],[-46.26028,-23.767913],[-46.262242,-23.76721],[-46.264599,-23.767761],[-46.27008,-23.765789],[-46.271779,-23.766258],[-46.273441,-23.765988],[-46.274468,-23.767862],[-46.278391,-23.770307],[-46.284567,-23.776734],[-46.287204,-23.778025],[-46.29133,-23.781208],[-46.293843,-23.7837],[-46.296665,-23.787747],[-46.297975,-23.788137],[-46.299054,-23.786929],[-46.299707,-23.786924],[-46.304005,-23.788935],[-46.308926,-23.793639],[-46.308773,-23.794695],[-46.314323,-23.799303],[-46.316528,-23.801996],[-46.319338,-23.802356],[-46.320292,-23.803097],[-46.320324,-23.785135],[-46.3234,-23.785384],[-46.327551,-23.783342],[-46.328692,-23.783443],[-46.329429,-23.782381],[-46.331329,-23.782119],[-46.331781,-23.781258],[-46.338191,-23.781535],[-46.343243,-23.78453],[-46.345174,-23.78746],[-46.348409,-23.787833],[-46.349169,-23.787164],[-46.353628,-23.788484],[-46.35357,-23.790513],[-46.354444,-23.791472],[-46.355798,-23.791339],[-46.356404,-23.790604],[-46.35866,-23.792152],[-46.36107,-23.792473],[-46.362395,-23.791199],[-46.367435,-23.792489],[-46.372387,-23.789711],[-46.372704,-23.790615],[-46.374948,-23.792525],[-46.37707,-23.793588],[-46.377118,-23.795029],[-46.374544,-23.794617],[-46.373327,-23.79546],[-46.377598,-23.804134],[-46.380676,-23.806115],[-46.381662,-23.807672],[-46.38231,-23.807519],[-46.382513,-23.808887],[-46.383397,-23.809644],[-46.386287,-23.809276],[-46.389392,-23.809906],[-46.392737,-23.812077],[-46.394332,-23.81436],[-46.396052,-23.811778],[-46.402311,-23.811741],[-46.407726,-23.812984],[-46.40855,-23.814865],[-46.409293,-23.815266],[-46.411206,-23.814804],[-46.410296,-23.815379],[-46.413433,-23.817548],[-46.414807,-23.818004],[-46.415141,-23.817019],[-46.41919,-23.81917],[-46.424225,-23.823935],[-46.426594,-23.825273],[-46.431725,-23.826001],[-46.433776,-23.825484],[-46.433661,-23.824236],[-46.43417,-23.824055],[-46.43781,-23.826307],[-46.438273,-23.827727],[-46.437291,-23.828507],[-46.437404,-23.829302],[-46.438388,-23.829616],[-46.439265,-23.828348],[-46.440081,-23.829592],[-46.441141,-23.828715],[-46.444562,-23.829165],[-46.443938,-23.830702],[-46.441525,-23.829842],[-46.440235,-23.831054],[-46.438817,-23.831427],[-46.440993,-23.833317],[-46.439392,-23.833216],[-46.441163,-23.834867],[-46.442057,-23.839129],[-46.443859,-23.841105],[-46.442601,-23.841704],[-46.441739,-23.840671],[-46.439298,-23.839591],[-46.437898,-23.842583],[-46.439166,-23.84348],[-46.441107,-23.847307],[-46.443548,-23.850173],[-46.448501,-23.851637],[-46.451351,-23.851443],[-46.452368,-23.852788],[-46.454552,-23.853909],[-46.456105,-23.857189],[-46.45719,-23.8581],[-46.457612,-23.860146],[-46.458585,-23.860448],[-46.458955,-23.862459],[-46.4597,-23.863177],[-46.459708,-23.864699],[-46.45853,-23.865203],[-46.458485,-23.866031],[-46.459898,-23.866088],[-46.465828,-23.861013],[-46.467309,-23.864124],[-46.468122,-23.864718],[-46.467885,-23.865326],[-46.466591,-23.865175],[-46.466418,-23.865839],[-46.467717,-23.870689],[-46.468782,-23.871399],[-46.469376,-23.872928],[-46.47283,-23.874578],[-46.475255,-23.878811],[-46.478068,-23.879186],[-46.482613,-23.885704],[-46.484444,-23.885675],[-46.484582,-23.885075],[-46.483542,-23.884079],[-46.485251,-23.883454],[-46.4878765,-23.8847019],[-46.489809,-23.887795],[-46.492618,-23.890392],[-46.493259,-23.896207],[-46.498092,-23.901935],[-46.50086,-23.902379],[-46.503783,-23.90478],[-46.505507,-23.904421],[-46.506563,-23.904842],[-46.509062,-23.904148],[-46.512483,-23.904378],[-46.515007,-23.905875],[-46.517153,-23.904958],[-46.519947,-23.905342],[-46.521101,-23.907095],[-46.522419,-23.907748],[-46.521641,-23.909107],[-46.52247,-23.909872],[-46.522692,-23.911176],[-46.520878,-23.910961],[-46.521284,-23.912255],[-46.52436,-23.913357],[-46.526049,-23.91576],[-46.532262,-23.917576],[-46.533586,-23.919813],[-46.534745,-23.920207],[-46.534054,-23.921263],[-46.535346,-23.923256],[-46.537364,-23.924046],[-46.540724,-23.92363],[-46.544269,-23.926686],[-46.544537,-23.927442],[-46.543752,-23.928367],[-46.545684,-23.930149],[-46.548273,-23.929731],[-46.548384,-23.933243],[-46.550295,-23.934603],[-46.550725,-23.936363],[-46.551803,-23.93636],[-46.552213,-23.936982],[-46.552174,-23.940403],[-46.556373,-23.941461],[-46.556901,-23.94351],[-46.558728,-23.946285],[-46.560408,-23.947326],[-46.560971,-23.946498],[-46.563484,-23.948588],[-46.564655,-23.953118],[-46.566738,-23.9542],[-46.567556,-23.953908],[-46.567644,-23.951051],[-46.566158,-23.94969],[-46.567384,-23.949498],[-46.567629,-23.947577],[-46.569671,-23.946789],[-46.56977,-23.94867],[-46.571346,-23.952489],[-46.57247,-23.953312],[-46.575312,-23.953939],[-46.577386,-23.957013],[-46.580286,-23.95577],[-46.582449,-23.958522],[-46.584798,-23.959583],[-46.585299,-23.960838],[-46.588256,-23.961357],[-46.589305,-23.962587],[-46.592237,-23.962947],[-46.595268,-23.965353],[-46.595938,-23.965235],[-46.597297,-23.963444],[-46.600287,-23.963557],[-46.606972,-23.965613],[-46.608867,-23.967439],[-46.611341,-23.967918],[-46.61185003658701,-23.967453954020435],[-46.6125394,-23.9699316],[-46.6132316,-23.9697861],[-46.613278,-23.9684775],[-46.616097,-23.9673418],[-46.6166789,-23.9681068],[-46.6179828,-23.9677768],[-46.619191,-23.968876],[-46.618871,-23.969472],[-46.620026,-23.969627],[-46.620545,-23.970807],[-46.624339,-23.971183],[-46.625113,-23.972355],[-46.627472,-23.972291],[-46.627933,-23.973374],[-46.629636,-23.973185],[-46.629422,-23.973764],[-46.631398,-23.975166],[-46.635708,-23.977319],[-46.634758,-23.981125],[-46.633279,-23.983759],[-46.633264,-23.987839],[-46.63036,-23.989903],[-46.629217,-23.990129],[-46.629538,-23.991241],[-46.631151,-23.992286],[-46.63351,-23.992593],[-46.634929,-23.994748],[-46.637901,-23.994343],[-46.640369,-23.997833],[-46.642445,-23.997759],[-46.643704,-23.998722],[-46.647587,-23.999895],[-46.649908,-24.001601],[-46.651141,-24.000676],[-46.653153,-23.996523],[-46.656644,-23.993212],[-46.659706,-23.991599],[-46.660242,-23.990061],[-46.661937,-23.988102],[-46.667847,-23.988243],[-46.671708,-23.989126],[-46.673455,-23.988527],[-46.675374,-23.989425],[-46.680297,-23.987013],[-46.682907,-23.982588],[-46.685496,-23.98242],[-46.687808,-23.984771],[-46.690949,-23.984258],[-46.692632,-23.984611],[-46.694134,-23.986749],[-46.698918,-23.990137],[-46.703266,-23.991627],[-46.705618,-23.990757],[-46.707884,-23.990888],[-46.709691,-23.993061],[-46.712956,-23.993998],[-46.714482,-23.996115],[-46.719534,-23.995032],[-46.720858,-23.993002],[-46.724374,-23.994269],[-46.7311,-23.995495],[-46.735454,-23.993856],[-46.737696,-23.991826],[-46.739799,-23.992469],[-46.743319,-23.991892],[-46.744655,-23.99379],[-46.749549,-23.994428],[-46.749442,-23.995639],[-46.750896,-23.996513],[-46.752209,-23.995789],[-46.755048,-23.996783],[-46.758843,-24.002261],[-46.761621,-24.003503],[-46.763033,-24.006202],[-46.764527,-24.006351],[-46.7669,-24.00535],[-46.769164,-24.008264],[-46.770446,-24.008367],[-46.772017,-24.007698],[-46.772452,-24.006193],[-46.774168,-24.005039],[-46.774737,-24.002989],[-46.768084,-23.998664],[-46.768401,-23.996671],[-46.7669,-23.994667],[-46.766437,-23.991658],[-46.764773,-23.990103],[-46.764606,-23.988611],[-46.762323,-23.98802],[-46.762234,-23.986651],[-46.760311,-23.984589],[-46.760075,-23.982738],[-46.758204,-23.980584],[-46.759239,-23.979708],[-46.759055,-23.978651],[-46.757007,-23.97817],[-46.755978,-23.976017],[-46.755007,-23.975588],[-46.754843,-23.972893],[-46.758201,-23.972543],[-46.75971,-23.970323],[-46.763051,-23.967872],[-46.763674,-23.965915],[-46.762718,-23.965244],[-46.762572,-23.964413],[-46.764893,-23.961727],[-46.766325,-23.961216],[-46.768692,-23.961995],[-46.769624,-23.960877],[-46.771333,-23.961341],[-46.773531,-23.957856],[-46.775113,-23.956785],[-46.774136,-23.95418],[-46.774918,-23.952747],[-46.774172,-23.950344],[-46.777681,-23.949993],[-46.781103,-23.948724],[-46.783534,-23.946912],[-46.783596,-23.944607],[-46.786161,-23.94187],[-46.789596,-23.940766],[-46.791176,-23.94259],[-46.793259,-23.943087],[-46.794976,-23.9421],[-46.79628,-23.939957],[-46.800124,-23.938],[-46.805467,-23.938753],[-46.806898,-23.938153],[-46.807351,-23.936485],[-46.806951,-23.934639],[-46.808305,-23.93182],[-46.808002,-23.929021],[-46.810684,-23.920464],[-46.8115222,-23.9197377],[-46.812885,-23.9196008],[-46.8164759,-23.9221243],[-46.8191786,-23.925078],[-46.8196723,-23.9269007],[-46.8211924,-23.928288],[-46.8234801,-23.9292061],[-46.8247704,-23.9279512],[-46.8277685,-23.9315571],[-46.8303266,-23.9322317],[-46.8309239,-23.9333085],[-46.832821,-23.9342317],[-46.8364606,-23.9340996],[-46.8380109,-23.9357621],[-46.8395432,-23.9346475],[-46.8403453,-23.934708],[-46.841133,-23.9368399],[-46.8426167,-23.9379675],[-46.8436948,-23.9351264],[-46.8446443,-23.9350311],[-46.8463741,-23.9361899],[-46.8491328,-23.9362278],[-46.8491658,-23.9379052],[-46.849924,-23.9385124],[-46.8536738,-23.9379009],[-46.8544029,-23.9396915],[-46.8561378,-23.938146],[-46.8570565,-23.9390525],[-46.8584161,-23.9387624],[-46.8597421,-23.9355409],[-46.8624474,-23.9359578],[-46.8630748,-23.9340036],[-46.8637562,-23.9334728],[-46.8670745,-23.9340454],[-46.8698575,-23.9359577],[-46.8722007,-23.9354567],[-46.8735994,-23.929694],[-46.8790807,-23.9282436],[-46.8845733,-23.9309253],[-46.8866654,-23.9338869],[-46.8901345,-23.933204],[-46.8910484,-23.9348089],[-46.8926158,-23.9359418],[-46.8934278,-23.9381466],[-46.8983338,-23.9387377],[-46.8993176,-23.9406279],[-46.9029829,-23.9398676],[-46.9034908,-23.9402726],[-46.9035599,-23.9416285],[-46.9043551,-23.9418528],[-46.9075623,-23.9360376],[-46.9097906,-23.9365288],[-46.9124212,-23.9344749],[-46.9130759,-23.9355029],[-46.913108,-23.9370134],[-46.9156944,-23.9384371],[-46.917112,-23.9350601],[-46.9189821,-23.933564],[-46.9205043,-23.934161],[-46.9213169,-23.9367232],[-46.9241608,-23.936911],[-46.9273937,-23.9355643],[-46.9312675,-23.9348703],[-46.9324012,-23.9336161],[-46.9343521,-23.9330666],[-46.9348281,-23.93107],[-46.9365457,-23.930685],[-46.9373539,-23.9293763],[-46.9397063,-23.9288928],[-46.9419605,-23.9306719],[-46.9436211,-23.9311143],[-46.9463854,-23.9292813],[-46.9467379,-23.9274362],[-46.9478882,-23.9273171],[-46.9493669,-23.924316],[-46.9493709,-23.9229077],[-46.9511142,-23.9216155],[-46.9507881,-23.9205622],[-46.9512444,-23.9200225],[-46.9501583,-23.9178476],[-46.9509979,-23.9172383],[-46.9516624,-23.9141228],[-46.9511283,-23.9111673],[-46.9516979,-23.9105851],[-46.9546325,-23.910038],[-46.9555035,-23.9086341],[-46.9541701,-23.9069205],[-46.9544655,-23.9048005],[-46.9563356,-23.900361],[-46.9585227,-23.8996674],[-46.9616937,-23.9003903],[-46.962293,-23.8965665],[-46.9638902,-23.8945866]],[[-46.77903899272665,-23.271652709087924],[-46.779147,-23.271227],[-46.78219261107705,-23.2664420041408],[-46.77903899272665,-23.271652709087924]],[[-46.767891,-23.285677],[-46.764962,-23.285675],[-46.767932717958146,-23.28562483796833],[-46.767891,-23.285677]],[[-46.758256004966285,-23.292464789832927],[-46.758286,-23.292407],[-46.7599934,-23.2911757],[-46.758256004966285,-23.292464789832927]],[[-46.755773,-23.297467],[-46.755647408968436,-23.297490632720994],[-46.75641585906831,-23.296010100866884],[-46.755773,-23.297467]],[[-46.754843,-23.297642],[-46.753745,-23.2970251],[-46.755490867604124,-23.297520089429334],[-46.754843,-23.297642]],[[-46.694699,-23.290152],[-46.693895700890764,-23.290029637495387],[-46.697329,-23.289553],[-46.694699,-23.290152]],[[-46.691163,-23.290726],[-46.68975510018214,-23.29060446814321],[-46.692003619380586,-23.290292311082332],[-46.691163,-23.290726]],[[-46.688904,-23.290531],[-46.687473,-23.287125],[-46.68907145086883,-23.290545454590273],[-46.688904,-23.290531]],[[-46.672196,-23.365069],[-46.669971482202804,-23.363195106724255],[-46.670187,-23.363096],[-46.672196,-23.365069]],[[-46.668897,-23.367092],[-46.669639,-23.363348],[-46.66988940915363,-23.363232848345405],[-46.668897,-23.367092]],[[-46.65501700506172,-23.39538940601841],[-46.6549397,-23.3949808],[-46.6554286,-23.3943257],[-46.65501700506172,-23.39538940601841]],[[-46.65575601158662,-23.3961916734626],[-46.6551109,-23.3958857],[-46.65505911796416,-23.39561199927433],[-46.65575601158662,-23.3961916734626]],[[-46.66975542431653,-23.41859386100559],[-46.669744838532104,-23.41859816641791],[-46.6697514,-23.418593],[-46.66975542431653,-23.41859386100559]],[[-46.684912,-23.419558],[-46.685398,-23.425469],[-46.68474178130205,-23.41943570570242],[-46.684912,-23.419558]],[[-46.68672020759499,-23.426898595013874],[-46.686588,-23.426962],[-46.685398,-23.425469],[-46.68672020759499,-23.426898595013874]],[[-46.691943,-23.42283],[-46.69213713861849,-23.422903830153533],[-46.688523,-23.426034],[-46.691943,-23.42283]],[[-46.699241402489214,-23.423604795702726],[-46.698959,-23.423874],[-46.695861,-23.42432],[-46.699241402489214,-23.423604795702726]],[[-46.70040304624628,-23.422308828183077],[-46.700414,-23.422487],[-46.700137679904756,-23.422750406166394],[-46.70040304624628,-23.422308828183077]],[[-46.709268,-23.410585],[-46.70935657259375,-23.41026287733763],[-46.709241,-23.415047],[-46.709268,-23.410585]],[[-46.710262,-23.40697],[-46.71055904079158,-23.40676703974383],[-46.70951413254013,-23.4096898600276],[-46.710262,-23.40697]],[[-46.711105,-23.406394],[-46.715658,-23.407355],[-46.710865827563005,-23.406557420312822],[-46.711105,-23.406394]],[[-46.71756139148695,-23.406277900304765],[-46.717205,-23.406643],[-46.715658,-23.407355],[-46.71756139148695,-23.406277900304765]],[[-46.719492436118216,-23.404133284281933],[-46.719415,-23.404379],[-46.7186230209301,-23.405190330594678],[-46.719492436118216,-23.404133284281933]],[[-46.721562,-23.396398],[-46.72158357991068,-23.396398186765555],[-46.719597,-23.398744],[-46.721562,-23.396398]],[[-46.735398,-23.388138],[-46.735437051242286,-23.388146751064674],[-46.733338,-23.391172],[-46.735398,-23.388138]],[[-46.75160574473138,-23.39024083356834],[-46.751542,-23.390274],[-46.750047,-23.389305],[-46.75160574473138,-23.39024083356834]],[[-46.763788,-23.385118],[-46.763989590701534,-23.385029354088832],[-46.76385960478002,-23.385238461875623],[-46.763788,-23.385118]],[[-46.764236,-23.384921],[-46.766102,-23.386685],[-46.76414130721743,-23.38496263946019],[-46.764236,-23.384921]],[[-46.78263608086147,-23.403331740852472],[-46.782585,-23.403271],[-46.78413,-23.399611],[-46.78263608086147,-23.403331740852472]],[[-46.78334868937558,-23.4040982748949],[-46.783283,-23.404101],[-46.783106990166324,-23.40389170463904],[-46.78334868937558,-23.4040982748949]],[[-46.7886331125276,-23.40409073358575],[-46.788225,-23.404357],[-46.78821827669587,-23.404335571386845],[-46.7886331125276,-23.40409073358575]],[[-46.788123,-23.403249],[-46.789396,-23.403593],[-46.789321341731124,-23.403641709579354],[-46.788123,-23.403249]],[[-46.79199131408356,-23.402355430581967],[-46.791999,-23.402382],[-46.788448,-23.402689],[-46.79199131408356,-23.402355430581967]],[[-46.8196916324355,-23.417971645526674],[-46.819671,-23.417899],[-46.820383,-23.415263],[-46.8196916324355,-23.417971645526674]],[[-46.82316915463354,-23.422267977286946],[-46.822657,-23.421882],[-46.822435,-23.420571],[-46.82316915463354,-23.422267977286946]],[[-46.824449,-23.4218718],[-46.8234114,-23.4223041],[-46.822602,-23.425325],[-46.82327118367495,-23.4223448698698],[-46.824449,-23.4218718]],[[-46.821461,-23.42711],[-46.81990944461339,-23.428610030783528],[-46.822602,-23.425325],[-46.821461,-23.42711]],[[-46.819594,-23.428915],[-46.816949,-23.42972],[-46.8196841759666,-23.42882781862897],[-46.819594,-23.428915]],[[-46.80062442372419,-23.467652736273816],[-46.80077,-23.467228],[-46.800879766308896,-23.46711387845495],[-46.80062442372419,-23.467652736273816]],[[-46.80117082082564,-23.471146656601267],[-46.800691,-23.470356],[-46.800413758829,-23.468267376414243],[-46.80117082082564,-23.471146656601267]],[[-46.799554676160525,-23.471711966105083],[-46.7988,-23.470455],[-46.799528,-23.471383],[-46.799554676160525,-23.471711966105083]],[[-46.76933359575643,-23.458530809871796],[-46.769252,-23.458478],[-46.76984,-23.457985],[-46.76933359575643,-23.458530809871796]],[[-46.77098,-23.459516],[-46.77103837603086,-23.45963416661093],[-46.77041639527885,-23.459231612296666],[-46.77098,-23.459516]],[[-46.774824,-23.464436],[-46.772781,-23.463073],[-46.77274000855842,-23.46298824572251],[-46.774824,-23.464436]],[[-46.785672,-23.574332],[-46.78573730955476,-23.574422168300547],[-46.781833,-23.574752],[-46.785672,-23.574332]],[[-46.791232,-23.577715],[-46.79124926488505,-23.57774606488628],[-46.787737,-23.577183],[-46.791232,-23.577715]],[[-46.801989,-23.582485],[-46.80264,-23.583575],[-46.80193507194838,-23.58252282609792],[-46.801989,-23.582485]],[[-46.806408,-23.583973],[-46.80642735075806,-23.584006395019575],[-46.80264,-23.583575],[-46.806408,-23.583973]],[[-46.807378,-23.585647],[-46.80732019935389,-23.585701574869734],[-46.806672955262094,-23.58443025268943],[-46.807378,-23.585647]],[[-46.809173,-23.602781],[-46.80914316322901,-23.602818836484957],[-46.807588,-23.602055],[-46.809173,-23.602781]],[[-46.810367,-23.604942],[-46.807876633881094,-23.60920375582848],[-46.805471,-23.609051],[-46.8039114994377,-23.608495923528675],[-46.807775,-23.609067],[-46.810367,-23.604942]],[[-46.76067331470185,-23.594931782254896],[-46.760685,-23.594916],[-46.763622,-23.5983],[-46.76067331470185,-23.594931782254896]],[[-46.75919379531501,-23.597619996418626],[-46.759122,-23.597027],[-46.760610213336804,-23.595017007451066],[-46.75919379531501,-23.597619996418626]],[[-46.768366,-23.625422],[-46.76923363305965,-23.627207845625023],[-46.76807673283361,-23.625066642347967],[-46.768366,-23.625422]],[[-46.787787,-23.6407986],[-46.787863832388794,-23.640983052191967],[-46.786594,-23.639856],[-46.787787,-23.6407986]],[[-46.79269988304036,-23.647160892908456],[-46.79269676657366,-23.647179310727957],[-46.792681284591694,-23.647168162551644],[-46.79269988304036,-23.647160892908456]],[[-46.79489141061277,-23.726214164209857],[-46.794784,-23.726147],[-46.792403,-23.721301],[-46.79489141061277,-23.726214164209857]],[[-46.798283,-23.728549],[-46.79830074408667,-23.728775736845407],[-46.79797113865589,-23.728345439595394],[-46.798283,-23.728549]],[[-46.796043,-23.739127],[-46.795668,-23.735637],[-46.79575717958046,-23.735494097361073],[-46.796043,-23.739127]],[[-46.790291,-23.743966],[-46.79008779066681,-23.74412718391365],[-46.79027022547612,-23.743692386721044],[-46.790291,-23.743966]],[[-46.76987287928468,-23.75314550664948],[-46.769935,-23.752912],[-46.772233,-23.751881],[-46.76987287928468,-23.75314550664948]],[[-46.77075060164576,-23.762611510401513],[-46.770054,-23.761349],[-46.76990056827609,-23.760463145808618],[-46.77075060164576,-23.762611510401513]],[[-46.77216234711751,-23.764683043833028],[-46.771685,-23.764305],[-46.77152659378162,-23.764017906939596],[-46.77216234711751,-23.764683043833028]],[[-46.775235869354134,-23.76624741407204],[-46.773204,-23.765508],[-46.772868971821985,-23.765242668269817],[-46.775235869354134,-23.76624741407204]],[[-46.777421,-23.767175],[-46.781492,-23.772055],[-46.777372799933744,-23.76715453911668],[-46.777421,-23.767175]],[[-46.800522,-23.801642],[-46.800754,-23.803069],[-46.800485133865344,-23.801636314024496],[-46.800522,-23.801642]],[[-46.80176527212855,-23.806188032972848],[-46.801936,-23.807939],[-46.80173350160788,-23.808459195869542],[-46.80176527212855,-23.806188032972848]],[[-46.801261,-23.809673],[-46.80118466848262,-23.80969599980623],[-46.801379602434864,-23.809368323522875],[-46.801261,-23.809673]],[[-46.796545,-23.811094],[-46.794459,-23.810632],[-46.79678407752505,-23.811021962433614],[-46.796545,-23.811094]],[[-46.762780265054296,-23.827428998350744],[-46.762762,-23.827177],[-46.76297391650305,-23.827019659253903],[-46.762780265054296,-23.827428998350744]],[[-46.763639,-23.832041],[-46.763008,-23.830571],[-46.76290631211983,-23.82916803794592],[-46.763639,-23.832041]],[[-46.763251921788246,-23.838205361254374],[-46.762508,-23.836361],[-46.76262178249508,-23.836139647272493],[-46.763251921788246,-23.838205361254374]],[[-46.763372,-23.838599],[-46.763251451304896,-23.839105885477],[-46.76334296913322,-23.838503831410982],[-46.763372,-23.838599]],[[-46.76323105394081,-23.840386850871436],[-46.76309,-23.840168],[-46.763098163841704,-23.840114293807616],[-46.76323105394081,-23.840386850871436]],[[-46.76739,-23.843619],[-46.764778,-23.842787],[-46.76473334135587,-23.842717710314595],[-46.76739,-23.843619]],[[-46.80588,-23.89215],[-46.805845408476074,-23.89210195269062],[-46.806361,-23.89087],[-46.80588,-23.89215]],[[-46.804951,-23.893108],[-46.80406,-23.892884],[-46.80411678365398,-23.892817596526992],[-46.804951,-23.893108]],[[-46.98862266116787,-23.507807532998942],[-46.98898052613921,-23.508079235503036],[-46.988875,-23.50812],[-46.98862266116787,-23.507807532998942]],[[-46.987115,-23.504592],[-46.987577519454064,-23.50651335130591],[-46.987104,-23.505927],[-46.987115,-23.504592]],[[-46.961929,-23.49974],[-46.96531082854031,-23.498207142972024],[-46.9617376845065,-23.49993578467843],[-46.961929,-23.49974]],[[-46.945576,-23.504663],[-46.945688672951455,-23.50469444471072],[-46.943885,-23.507615],[-46.945576,-23.504663]],[[-46.93246504668728,-23.512775330069132],[-46.941829,-23.507559],[-46.932759,-23.51277],[-46.93246504668728,-23.512775330069132]],[[-46.924881,-23.514593],[-46.9295603,-23.512828],[-46.92951963947397,-23.51320730473341],[-46.924881,-23.514593]],[[-46.90956078738955,-23.560757712035674],[-46.907931,-23.558508],[-46.909474,-23.560432],[-46.90956078738955,-23.560757712035674]],[[-46.90791335694029,-23.56696603387419],[-46.90849558271533,-23.566636651926775],[-46.908381,-23.566793],[-46.90791335694029,-23.56696603387419]],[[-46.901186177725194,-23.56850724815741],[-46.905820745687365,-23.567740326627497],[-46.904446,-23.568249],[-46.901186177725194,-23.56850724815741]],[[-46.889524,-23.567615],[-46.89979481287088,-23.568617474230987],[-46.899359,-23.568652],[-46.889524,-23.567615]],[[-46.884214,-23.56911],[-46.886276466839675,-23.569355509873468],[-46.8861817,-23.5694063],[-46.884214,-23.56911]],[[-46.8513373,-23.5816947],[-46.8536016464362,-23.582793292426853],[-46.8535421,-23.582857],[-46.8513373,-23.5816947]],[[-46.836774757809096,-23.57712905037567],[-46.8432242,-23.5772358],[-46.83808,-23.57743],[-46.836774757809096,-23.57712905037567]],[[-46.82099322384983,-23.584142283171456],[-46.8248147,-23.5838546],[-46.8212473,-23.5842548],[-46.82099322384983,-23.584142283171456]],[[-46.81771723652154,-23.581280907715932],[-46.817362735537564,-23.581897664344627],[-46.81734816395313,-23.581877668881333],[-46.81771723652154,-23.581280907715932]],[[-46.816564,-23.5831456],[-46.81730222542509,-23.58195194784942],[-46.81672001553964,-23.583811325997786],[-46.816564,-23.5831456]],[[-46.8162862,-23.586601],[-46.816314,-23.585108],[-46.8167,-23.588057],[-46.8162862,-23.586601]],[[-46.81353237879144,-23.588736902297473],[-46.813684,-23.58855],[-46.8167,-23.588057],[-46.81353237879144,-23.588736902297473]],[[-46.813164,-23.589191],[-46.81328334697459,-23.589043881902477],[-46.81326420462508,-23.591983882755443],[-46.813164,-23.589191]],[[-46.817647,-23.598927],[-46.81332,-23.593539],[-46.8133120169955,-23.593316499336236],[-46.817647,-23.598927]],[[-46.81709922083375,-23.601478385086786],[-46.81788817347204,-23.599948072102425],[-46.817955,-23.600231],[-46.81709922083375,-23.601478385086786]],[[-46.813028,-23.604668],[-46.81608454940224,-23.602957371794524],[-46.815962,-23.603136],[-46.813028,-23.604668]],[[-46.98675125416457,-23.797788931301195],[-46.98630266276268,-23.797635005689177],[-46.986598,-23.797642],[-46.98675125416457,-23.797788931301195]],[[-46.97990343757746,-23.79020821130884],[-46.979851,-23.790119],[-46.982395,-23.786974],[-46.97990343757746,-23.79020821130884]],[[-46.96789380838235,-23.774789662523837],[-46.967480824795196,-23.77460310496858],[-46.967565,-23.774577],[-46.96789380838235,-23.774789662523837]],[[-46.96716612694958,-23.77470070113589],[-46.966562233099005,-23.775615914792805],[-46.966775,-23.774822],[-46.96716612694958,-23.77470070113589]],[[-46.95886043818368,-23.79088996507988],[-46.958694,-23.791968],[-46.95838831144356,-23.792111570580442],[-46.95886043818368,-23.79088996507988]],[[-46.95820032739898,-23.792199859715986],[-46.957804,-23.792386],[-46.95695597691289,-23.79227767248942],[-46.95820032739898,-23.792199859715986]],[[-46.9562632336362,-23.792189180612517],[-46.95598,-23.792153],[-46.955069,-23.791443],[-46.9562632336362,-23.792189180612517]],[[-46.942386,-23.786825],[-46.940191,-23.785804],[-46.939892082573095,-23.78529917018427],[-46.942386,-23.786825]],[[-46.93958980816825,-23.784788670901303],[-46.93941,-23.784485],[-46.93949249746816,-23.784155124866544],[-46.93958980816825,-23.784788670901303]],[[-46.93793502660632,-23.776750439620937],[-46.937828,-23.77663],[-46.937031,-23.774139],[-46.93793502660632,-23.776750439620937]],[[-46.929464407049096,-23.75866713658803],[-46.929343,-23.758492],[-46.92944691345357,-23.758396768091345],[-46.929464407049096,-23.75866713658803]],[[-46.895024,-23.673387],[-46.89349799884917,-23.671132971185862],[-46.893522,-23.671134],[-46.895024,-23.673387]],[[-46.873792,-23.678543],[-46.87247220023584,-23.680139471669396],[-46.872538,-23.679904],[-46.873792,-23.678543]],[[-46.87210831959921,-23.681441658418233],[-46.871703,-23.683218],[-46.87161772553835,-23.683197303046718],[-46.87210831959921,-23.681441658418233]],[[-46.854264,-23.682746],[-46.849435,-23.685265],[-46.84936472153255,-23.685233128678295],[-46.854264,-23.682746]],[[-46.820771,-23.6872974],[-46.820055710057225,-23.687243885588906],[-46.8201042,-23.6870742],[-46.820771,-23.6872974]],[[-46.819667884944934,-23.68721487045637],[-46.819060733915485,-23.687169446457176],[-46.819582,-23.687075],[-46.819667884944934,-23.68721487045637]],[[-46.8800193,-23.7926513],[-46.87965251244102,-23.793128410247828],[-46.8803635,-23.7911384],[-46.8800193,-23.7926513]],[[-46.8789308,-23.7940672],[-46.8763777,-23.7942949],[-46.87923682433683,-23.79366912939043],[-46.8789308,-23.7940672]],[[-46.8720213,-23.7971811],[-46.8721538,-23.7994586],[-46.8719167,-23.7972445],[-46.8763777,-23.7942949],[-46.8720213,-23.7971811]],[[-46.86653169022063,-23.801161368769232],[-46.866968,-23.8004095],[-46.86745541124003,-23.80018587223127],[-46.86653169022063,-23.801161368769232]],[[-46.8654776,-23.8045965],[-46.865643,-23.8026928],[-46.86606535626352,-23.801964976561134],[-46.8654776,-23.8045965]],[[-46.87912076105691,-23.798737864509352],[-46.8778449,-23.7978921],[-46.8789784,-23.7984714],[-46.87912076105691,-23.798737864509352]],[[-46.881752689695205,-23.804027601217967],[-46.880125314328,-23.800618138513364],[-46.8818104,-23.8037722],[-46.881752689695205,-23.804027601217967]],[[-46.8515137,-23.8674351],[-46.85096719604311,-23.86604948751609],[-46.85210373958893,-23.868268918571637],[-46.8515137,-23.8674351]],[[-46.90185099844922,-23.927129239008572],[-46.9001245,-23.9279543],[-46.9012162,-23.9271304],[-46.90185099844922,-23.927129239008572]],[[-46.9047801,-23.9288175],[-46.90222844896571,-23.92712854868424],[-46.9024191,-23.9271282],[-46.9047801,-23.9288175]],[[-47.0524454,-23.6307352],[-47.05227076176869,-23.63070461124452],[-47.052791,-23.629542],[-47.0524454,-23.6307352]],[[-46.99566,-23.670337],[-46.99545511798523,-23.670410750632733],[-46.996524,-23.668303],[-46.99566,-23.670337]],[[-46.988079,-23.665149],[-46.988398056404776,-23.66399669773811],[-46.98822317431949,-23.665205547616345],[-46.988079,-23.665149]],[[-46.974023,-23.603795],[-46.973701377421314,-23.60373753676594],[-46.977504,-23.60156],[-46.974023,-23.603795]],[[-46.972898,-23.603594],[-46.97210748432997,-23.602594001987743],[-46.97350908197389,-23.603703179979338],[-46.972898,-23.603594]],[[-46.97138223901242,-23.602188289958878],[-46.971669,-23.602247],[-46.971823766297305,-23.602369476925922],[-46.97138223901242,-23.602188289958878]],[[-46.961653,-23.602515],[-46.96105003369471,-23.60193034238819],[-46.96188817933233,-23.602451018454314],[-46.961653,-23.602515]],[[-46.959183,-23.60012],[-46.95903174225116,-23.599859238466163],[-46.95997082944847,-23.600883907501654],[-46.959183,-23.60012]],[[-46.957676,-23.597522],[-46.95761735591137,-23.597276073176715],[-46.958112266462855,-23.598274103696415],[-46.957676,-23.597522]],[[-46.957304,-23.595962],[-46.957719,-23.593585],[-46.95749207985777,-23.59675072198421],[-46.957304,-23.595962]],[[-46.918914,-23.565407],[-46.91876588254007,-23.565332352463876],[-46.921401,-23.564033],[-46.918914,-23.565407]],[[-46.809181,-23.60915],[-46.80933204576361,-23.609296173319624],[-46.80801066780099,-23.609212266875254],[-46.809181,-23.60915]],[[-46.810173,-23.61011],[-46.812708,-23.613375],[-46.80991626293832,-23.60986154477902],[-46.810173,-23.61011]],[[-46.91793796551725,-23.65881104597699],[-46.9182648969941,-23.65695298541687],[-46.918319,-23.657028],[-46.91793796551725,-23.65881104597699]],[[-46.91692691111468,-23.6600363945868],[-46.91770680235047,-23.659892771052288],[-46.917695,-23.659948],[-46.91692691111468,-23.6600363945868]],[[-46.914931,-23.6619078],[-46.914709114572574,-23.66190317639389],[-46.91586133159893,-23.660232630022374],[-46.914931,-23.6619078]],[[-46.90213968913976,-23.668209281246604],[-46.9026841,-23.6654919],[-46.902608,-23.667349],[-46.90213968913976,-23.668209281246604]],[[-46.90135565063788,-23.669242917409054],[-46.90177771566111,-23.66887422204103],[-46.901559,-23.669276],[-46.90135565063788,-23.669242917409054]],[[-46.815643,-23.612608],[-46.81413322631928,-23.611162917315045],[-46.814457,-23.611249],[-46.815643,-23.612608]],[[-46.818735,-23.613443],[-46.81881754634688,-23.61356404784392],[-46.815643,-23.612608],[-46.818735,-23.613443]],[[-46.85740286706792,-23.612445481189674],[-46.856056,-23.613113],[-46.856961,-23.61238],[-46.85740286706792,-23.612445481189674]],[[-46.86456,-23.616756],[-46.8579725031373,-23.612529896730482],[-46.858648,-23.61263],[-46.86456,-23.616756]],[[-46.98261910851529,-23.6013098633822],[-46.981456,-23.602158],[-46.98241,-23.601176],[-46.98261910851529,-23.6013098633822]],[[-47.021114,-23.585663],[-47.022253,-23.582067],[-47.02248020097223,-23.582037726553995],[-47.021114,-23.585663]],[[-47.018293,-23.585089],[-47.020629995751044,-23.58582922897824],[-47.020191,-23.58598],[-47.018293,-23.585089]],[[-46.965323318868364,-23.498040298484725],[-46.96525982884027,-23.49673678305113],[-46.9654,-23.497016],[-46.965323318868364,-23.498040298484725]],[[-46.9634908,-23.4937315],[-46.96109876199878,-23.49281331718654],[-46.9617793,-23.4927115],[-46.9634908,-23.4937315]],[[-46.956018026530685,-23.485535171892685],[-46.95549927464309,-23.485395188398883],[-46.956033,-23.4854459],[-46.956018026530685,-23.485535171892685]],[[-46.95514658180457,-23.48536167749611],[-46.954730974991364,-23.485671595070837],[-46.9550963,-23.4853569],[-46.95514658180457,-23.48536167749611]],[[-46.954159106610724,-23.486098036736276],[-46.9541436,-23.4861096],[-46.9533168,-23.4849776],[-46.954159106610724,-23.486098036736276]],[[-46.95325557520392,-23.48387536174337],[-46.948718,-23.485146],[-46.953253,-23.483829],[-46.95325557520392,-23.48387536174337]],[[-46.90134907213307,-23.49138552455752],[-46.900468,-23.491555],[-46.899975893989115,-23.491396245478718],[-46.90134907213307,-23.49138552455752]],[[-46.899369644517044,-23.491200668016567],[-46.898977,-23.491074],[-46.89886870486549,-23.490404106972964],[-46.899369644517044,-23.491200668016567]],[[-46.888389,-23.479168],[-46.888593093958185,-23.475206852473548],[-46.88873,-23.475512],[-46.888389,-23.479168]],[[-46.888495931966304,-23.474990289777754],[-46.8861169,-23.4740099],[-46.888363,-23.474694],[-46.888495931966304,-23.474990289777754]],[[-46.8776164,-23.4800808],[-46.876659,-23.479982],[-46.8697341,-23.477382],[-46.8776164,-23.4800808]],[[-46.815253,-23.483788],[-46.814826,-23.485717],[-46.81462614153462,-23.48583238220682],[-46.815253,-23.483788]],[[-46.81434385561989,-23.485995351394703],[-46.814147,-23.486109],[-46.81408171734131,-23.485964185681265],[-46.81434385561989,-23.485995351394703]],[[-46.810568,-23.4855324],[-46.8082425,-23.4847038],[-46.808191022628264,-23.484606624641103],[-46.810568,-23.4855324]],[[-46.89534656735035,-23.52452047417572],[-46.895486,-23.524377],[-46.895616559511666,-23.52442436962478],[-46.89534656735035,-23.52452047417572]],[[-46.88765417986231,-23.552519129621075],[-46.887231,-23.552862],[-46.88533506612867,-23.553292968607842],[-46.88765417986231,-23.552519129621075]],[[-46.876584389367665,-23.548597160380798],[-46.8769775,-23.5486142],[-46.880441,-23.550966],[-46.876584389367665,-23.548597160380798]],[[-46.874127,-23.550313],[-46.876027,-23.548573],[-46.87620747900359,-23.548580822972067],[-46.874127,-23.550313]],[[-46.872556,-23.550407],[-46.870107,-23.548693],[-46.872705953320555,-23.550398027617995],[-46.872556,-23.550407]],[[-46.860539,-23.544939],[-46.86092748584959,-23.544947867009405],[-46.864761,-23.546367],[-46.860539,-23.544939]],[[-46.862269,-23.524222],[-46.862466209697324,-23.523693281167226],[-46.862607,-23.525104],[-46.862269,-23.524222]],[[-46.86283905959002,-23.522693671296423],[-46.8629278,-23.5227487],[-46.86278180071378,-23.52284718223742],[-46.86283905959002,-23.522693671296423]],[[-46.844549,-23.515589],[-46.8413126,-23.5138507],[-46.8446268586633,-23.515596612496836],[-46.844549,-23.515589]],[[-46.836287275739174,-23.51075974964747],[-46.836543,-23.510646],[-46.838481,-23.510625],[-46.836287275739174,-23.51075974964747]],[[-46.832324398311755,-23.51261036569608],[-46.83233,-23.51252],[-46.83252141811409,-23.51243485460579],[-46.832324398311755,-23.51261036569608]],[[-46.82338211617299,-23.518770112600333],[-46.823476,-23.518626],[-46.828176,-23.517213],[-46.82338211617299,-23.518770112600333]],[[-46.822332,-23.521015],[-46.821448,-23.521739],[-46.82305914729083,-23.51926587301955],[-46.822332,-23.521015]],[[-46.819177,-23.521662],[-46.818044,-23.520448],[-46.819387997392255,-23.52166915402871],[-46.819177,-23.521662]],[[-46.81752590871048,-23.520737008786362],[-46.81752641023744,-23.520660892425273],[-46.818044,-23.520448],[-46.81752590871048,-23.520737008786362]],[[-46.818004,-23.580782],[-46.81799347811427,-23.58080030585263],[-46.817301,-23.580043],[-46.818004,-23.580782]],[[-46.87562294989386,-23.562337477976673],[-46.87593206242435,-23.56506850977002],[-46.875689,-23.564644],[-46.87562294989386,-23.562337477976673]],[[-46.8714507,-23.561497],[-46.87132543302506,-23.56134590452994],[-46.87548587148659,-23.5611263802323],[-46.8714507,-23.561497]],[[-46.87095737361132,-23.56087399256289],[-46.87097457555265,-23.56092270460238],[-46.87094,-23.560881],[-46.87095737361132,-23.56087399256289]],[[-46.871687,-23.560537],[-46.87161984160166,-23.56055587742544],[-46.8713,-23.560269],[-46.871687,-23.560537]],[[-46.872397,-23.555863],[-46.87232219373784,-23.55593122536762],[-46.87233470198209,-23.555553107295523],[-46.872397,-23.555863]],[[-46.872007,-23.553923],[-46.872062465749906,-23.55419890655081],[-46.871126991373416,-23.554154299893018],[-46.872007,-23.553923]],[[-46.86685511239939,-23.554984762431435],[-46.867026336953124,-23.55502994269183],[-46.866886,-23.555086],[-46.86685511239939,-23.554984762431435]],[[-46.86563701948366,-23.55422068343084],[-46.866551,-23.553988],[-46.865622,-23.554272],[-46.86563701948366,-23.55422068343084]],[[-46.865716,-23.553799],[-46.865710141739164,-23.553816495078284],[-46.86532300794808,-23.55377673045039],[-46.865716,-23.553799]],[[-46.86490750889932,-23.553753185504295],[-46.86467080100667,-23.554365697374966],[-46.864816,-23.553748],[-46.86490750889932,-23.553753185504295]],[[-46.8635590105185,-23.554614762214484],[-46.86360969859271,-23.554619679714218],[-46.86359,-23.554689],[-46.8635590105185,-23.554614762214484]],[[-46.862744,-23.552591],[-46.86294942454544,-23.553154450181793],[-46.8627061267391,-23.552571610795994],[-46.862744,-23.552591]],[[-46.86119271700077,-23.55179682115637],[-46.861947712540676,-23.552183340885605],[-46.861174,-23.551829],[-46.86119271700077,-23.55179682115637]],[[-46.817229,-23.518468],[-46.8172644431936,-23.518963103990135],[-46.815984,-23.51637],[-46.817229,-23.518468]],[[-46.800261,-23.48258],[-46.7998072177566,-23.48377822239434],[-46.799753,-23.483688],[-46.800261,-23.48258]],[[-46.800685,-23.477961],[-46.801612,-23.479321],[-46.800538797298266,-23.47787110408237],[-46.800685,-23.477961]],[[-46.79886960586285,-23.47684476534849],[-46.800111137596396,-23.477608148193887],[-46.798812,-23.477022],[-46.79886960586285,-23.47684476534849]],[[-46.9347085,-23.3643581],[-46.93429477585977,-23.36451434085654],[-46.935221,-23.3630813],[-46.9347085,-23.3643581]],[[-46.9339051,-23.3646615],[-46.9314279,-23.362267],[-46.93403706969748,-23.364611662302444],[-46.9339051,-23.3646615]],[[-46.911464279370456,-23.353113527182096],[-46.9116091,-23.3530206],[-46.9132062,-23.3535129],[-46.911464279370456,-23.353113527182096]],[[-46.9091534,-23.3556621],[-46.9098328,-23.3541604],[-46.91065413245482,-23.35363337487361],[-46.9091534,-23.3556621]],[[-46.9041115,-23.3581196],[-46.903356178224186,-23.358445181340105],[-46.9053826,-23.3567434],[-46.9041115,-23.3581196]],[[-46.90241075861167,-23.35966795440259],[-46.9023009,-23.3593314],[-46.902555926017705,-23.359117230115253],[-46.90241075861167,-23.35966795440259]],[[-46.906560812921164,-23.369657989704415],[-46.9060683,-23.3695071],[-46.905946811081755,-23.369261087073646],[-46.906560812921164,-23.369657989704415]],[[-46.9089911,-23.3688152],[-46.9077457,-23.370021],[-46.90733166532861,-23.369894153441262],[-46.9089911,-23.3688152]],[[-46.9312618,-23.387083],[-46.92878321912327,-23.38758505249352],[-46.9288303,-23.3875379],[-46.9312618,-23.387083]],[[-46.841992,-23.422353],[-46.8422927,-23.4211712],[-46.84244945392158,-23.421169445867985],[-46.841992,-23.422353]],[[-46.832122,-23.4302297],[-46.83196782986219,-23.430182416109428],[-46.833922,-23.429091],[-46.832122,-23.4302297]],[[-46.8303711,-23.4296927],[-46.83032408136471,-23.42942184064364],[-46.83119547116856,-23.42994553415245],[-46.8303711,-23.4296927]],[[-46.8294606,-23.4244476],[-46.8304022,-23.4280196],[-46.83026625035642,-23.429088694656212],[-46.8294606,-23.4244476]],[[-46.965087,-23.411548],[-46.965136629067345,-23.411723863607957],[-46.96476357105077,-23.411342407365893],[-46.965087,-23.411548]],[[-46.963915,-23.410803],[-46.964616770288295,-23.411249091181556],[-46.96188538406226,-23.410834175807736],[-46.963915,-23.410803]],[[-46.953544424866976,-23.411019883126414],[-46.95370026078688,-23.411026754427375],[-46.953576,-23.411069],[-46.953544424866976,-23.411019883126414]],[[-46.94484174142006,-23.402339057544502],[-46.95009,-23.405142],[-46.944945,-23.402636],[-46.94484174142006,-23.402339057544502]],[[-46.94477601495524,-23.400903990367816],[-46.94456922182945,-23.40155536832025],[-46.944422,-23.401132],[-46.94477601495524,-23.400903990367816]],[[-46.9513993,-23.399351],[-46.94766714437776,-23.39904190701094],[-46.947844,-23.398928],[-46.9513993,-23.399351]],[[-46.9555802,-23.3974834],[-46.954833,-23.39868],[-46.95537909256703,-23.397019680742908],[-46.9555802,-23.3974834]],[[-46.752088,-23.326488],[-46.754063,-23.326757],[-46.75200257674761,-23.32653851344027],[-46.752088,-23.326488]],[[-46.751442,-23.32687],[-46.75186129029597,-23.32662206053706],[-46.751393,-23.327983],[-46.751442,-23.32687]],[[-46.716491,-23.3553022],[-46.718762,-23.356227],[-46.71620983272575,-23.35546987557623],[-46.716491,-23.3553022]],[[-46.690344494053726,-23.368059552792698],[-46.695618,-23.363356],[-46.691285,-23.367674],[-46.690344494053726,-23.368059552792698]],[[-46.688024,-23.36806],[-46.689909360989965,-23.368237932066737],[-46.689736,-23.368309],[-46.688024,-23.36806]],[[-46.84275825164938,-23.291919886919345],[-46.842842,-23.291971],[-46.84215055828107,-23.295514082850683],[-46.84275825164938,-23.291919886919345]],[[-46.84088472576268,-23.302000456705436],[-46.840821,-23.302327],[-46.84017039031787,-23.302794302985966],[-46.84088472576268,-23.302000456705436]],[[-46.836040650818205,-23.305895439316096],[-46.835357,-23.306764],[-46.835908,-23.305984],[-46.836040650818205,-23.305895439316096]],[[-46.835858,-23.307882],[-46.83573390031208,-23.3079937334162],[-46.835357,-23.306764],[-46.835858,-23.307882]],[[-46.828664,-23.309899],[-46.825019,-23.312174],[-46.82453419442432,-23.31211982401876],[-46.828664,-23.309899]],[[-46.822533912926986,-23.31319548559947],[-46.82182503347358,-23.313756681833414],[-46.821804,-23.313588],[-46.822533912926986,-23.31319548559947]],[[-46.824653419843806,-23.321231587850082],[-46.825551,-23.323772],[-46.824583,-23.321306],[-46.824653419843806,-23.321231587850082]],[[-46.581103,-23.692557],[-46.578871,-23.690311],[-46.57888393091646,-23.690149987404226],[-46.581103,-23.692557]],[[-46.6076008,-23.7335135],[-46.6055759,-23.7314079],[-46.605587480700684,-23.731380521877014],[-46.6076008,-23.7335135]],[[-46.61919003318357,-23.739017670376324],[-46.6191046,-23.7390656],[-46.6173614,-23.7375389],[-46.61919003318357,-23.739017670376324]],[[-46.62632734857226,-23.659529379227603],[-46.626395,-23.659542],[-46.62704,-23.66844],[-46.62632734857226,-23.659529379227603]],[[-46.61634302561781,-23.65824556729657],[-46.615372666643296,-23.659113893717727],[-46.615749,-23.658423],[-46.61634302561781,-23.65824556729657]],[[-46.616334,-23.659487],[-46.616311587435966,-23.659527802740747],[-46.61633553330356,-23.65927610106482],[-46.616334,-23.659487]],[[-46.325578,-23.702473],[-46.3284655,-23.7024921],[-46.325467577819886,-23.702574166289953],[-46.325578,-23.702473]],[[-46.323705,-23.704189],[-46.32472493245123,-23.70325456108579],[-46.323796607257194,-23.704362450731495],[-46.323705,-23.704189]],[[-46.32689395611533,-23.729355137480784],[-46.32809,-23.728387],[-46.328272986388185,-23.728342731990324],[-46.32689395611533,-23.729355137480784]],[[-46.324873,-23.730991],[-46.32523702418474,-23.730696340697214],[-46.324362,-23.733222],[-46.324873,-23.730991]],[[-46.318049,-23.736313],[-46.31831323428922,-23.736301026700353],[-46.31784679176423,-23.736610355181565],[-46.318049,-23.736313]],[[-46.316844,-23.738085],[-46.31723934048995,-23.737503636225572],[-46.316958,-23.739671],[-46.316844,-23.738085]],[[-46.31877714646594,-23.74183789067459],[-46.318398,-23.741526],[-46.316958,-23.739671],[-46.31877714646594,-23.74183789067459]],[[-46.32166018040492,-23.74420951082898],[-46.320065828578244,-23.742897976866715],[-46.32162,-23.743742],[-46.32166018040492,-23.74420951082898]],[[-46.319966,-23.745378],[-46.32168894567778,-23.74454420323906],[-46.321705,-23.744731],[-46.319966,-23.745378]],[[-46.664238,-23.423986],[-46.666951,-23.420798],[-46.667908183303624,-23.42004432581614],[-46.664238,-23.423986]],[[-46.661362,-23.425093],[-46.66320413029366,-23.42451497306208],[-46.659858,-23.426227],[-46.661362,-23.425093]],[[-46.61267422762307,-23.417156270084003],[-46.61275766007577,-23.41737707621262],[-46.612607,-23.417355],[-46.61267422762307,-23.417156270084003]],[[-46.552011,-23.357914],[-46.55211344883952,-23.35825040473486],[-46.55189238312825,-23.35783944476576],[-46.552011,-23.357914]],[[-46.549432,-23.356293],[-46.55028798771513,-23.35683102097178],[-46.54937791574883,-23.356323509064765],[-46.549432,-23.356293]],[[-46.537747,-23.366306],[-46.536505655776814,-23.363962089435173],[-46.536603,-23.364022],[-46.537747,-23.366306]],[[-46.56669757776161,-23.41559035204938],[-46.56313,-23.413141],[-46.566684,-23.415517],[-46.56669757776161,-23.41559035204938]],[[-46.567815926393166,-23.46463549228483],[-46.570447,-23.458882],[-46.567826,-23.464627],[-46.567815926393166,-23.46463549228483]],[[-46.561120550696515,-23.47562515223559],[-46.561703,-23.472781],[-46.56178912186587,-23.47268404563647],[-46.561671,-23.474594],[-46.561120550696515,-23.47562515223559]],[[-46.560745,-23.477459],[-46.56090578129984,-23.476673890479475],[-46.56101942145131,-23.47830756562249],[-46.560745,-23.477459]],[[-46.56138586289229,-23.484868357572786],[-46.56136407208439,-23.48326221558556],[-46.561446,-23.48444],[-46.56138586289229,-23.484868357572786]],[[-46.560922522032385,-23.48805592391373],[-46.56102261202247,-23.487455799284383],[-46.560942,-23.48803],[-46.560922522032385,-23.48805592391373]],[[-46.55999,-23.492627],[-46.559969,-23.489325],[-46.560006618678074,-23.492743693335854],[-46.55999,-23.492627]],[[-46.55924215908251,-23.506816210468106],[-46.559371,-23.504424],[-46.559344,-23.506707],[-46.55924215908251,-23.506816210468106]],[[-46.55547,-23.510097],[-46.558839151353546,-23.507248381189],[-46.558045,-23.5081],[-46.55547,-23.510097]],[[-46.552876,-23.507622],[-46.55303598366425,-23.50777464439824],[-46.55272470596766,-23.50759207841356],[-46.552876,-23.507622]],[[-46.54579241871742,-23.505739080663677],[-46.54608666349255,-23.50589641077896],[-46.545903,-23.505852],[-46.54579241871742,-23.505739080663677]],[[-46.54203931391378,-23.50187661549498],[-46.543141971985534,-23.503032594729163],[-46.542072,-23.50194],[-46.54203931391378,-23.50187661549498]],[[-46.52817279995023,-23.490885183714006],[-46.533745,-23.493325],[-46.528538,-23.491202],[-46.52817279995023,-23.490885183714006]],[[-46.522548,-23.484714],[-46.528004454657975,-23.490739141756205],[-46.5261,-23.489087],[-46.522548,-23.484714]],[[-46.511472,-23.478922],[-46.518358,-23.482205],[-46.51130219323847,-23.47888845014776],[-46.511472,-23.478922]],[[-46.503384,-23.477324],[-46.50953075984631,-23.478538456260438],[-46.493825,-23.475996],[-46.503384,-23.477324]],[[-46.412047,-23.470417],[-46.41211263762124,-23.470462005092624],[-46.41093507044673,-23.470379179266896],[-46.412047,-23.470417]],[[-46.410724,-23.470372],[-46.410823347411444,-23.470375379163656],[-46.4104663859248,-23.470500343702934],[-46.410724,-23.470372]],[[-46.410168,-23.470649],[-46.410193356054556,-23.470636367577136],[-46.410175742373426,-23.470911953941926],[-46.410168,-23.470649]],[[-46.407896,-23.472107],[-46.410133007648554,-23.471580588021805],[-46.410131,-23.471612],[-46.407896,-23.472107]],[[-46.403991,-23.481105],[-46.40404448213109,-23.4810434606558],[-46.405098942523196,-23.481272226590708],[-46.403991,-23.481105]],[[-46.40643132358712,-23.48287647834245],[-46.40609455040096,-23.48148822443061],[-46.406135,-23.481497],[-46.40643132358712,-23.48287647834245]],[[-46.40660089144795,-23.484014870750958],[-46.406614204022496,-23.48372784357567],[-46.406634,-23.48382],[-46.40660089144795,-23.484014870750958]],[[-46.40616994985338,-23.48559180546379],[-46.40638235271115,-23.485301148921582],[-46.406345,-23.485521],[-46.40616994985338,-23.48559180546379]],[[-46.40481331948037,-23.48605680886763],[-46.40504895283962,-23.486045233895595],[-46.404874,-23.486116],[-46.40481331948037,-23.48605680886763]],[[-46.403713,-23.484859],[-46.404309301028235,-23.485565161414716],[-46.40364187252887,-23.48491411477084],[-46.403713,-23.484859]],[[-46.401289107354536,-23.486737209439678],[-46.40307457464678,-23.485353698693526],[-46.401352,-23.486862],[-46.401289107354536,-23.486737209439678]],[[-46.399659,-23.483094],[-46.40042798851854,-23.485028591504385],[-46.399426998873906,-23.4830424441942],[-46.399659,-23.483094]],[[-46.398966,-23.48294],[-46.399309644949014,-23.483016365544227],[-46.396889,-23.484291],[-46.398966,-23.48294]],[[-46.39196613139687,-23.480614140023274],[-46.392013,-23.480588],[-46.396889,-23.484291],[-46.39196613139687,-23.480614140023274]],[[-46.3865346413194,-23.479883788329982],[-46.388076569750304,-23.482018072900917],[-46.387669,-23.481887],[-46.3865346413194,-23.479883788329982]],[[-46.38670040290548,-23.478111720983346],[-46.386328251172124,-23.47951931529455],[-46.386289,-23.47945],[-46.38670040290548,-23.478111720983346]],[[-46.386311,-23.475767],[-46.387048,-23.476797],[-46.3870141112558,-23.4769251778352],[-46.386311,-23.475767]],[[-46.38614823914706,-23.474499073515464],[-46.38691690451714,-23.47451628802716],[-46.38641213546169,-23.47544437196285],[-46.386653,-23.474676],[-46.38614823914706,-23.474499073515464]],[[-46.384975,-23.475448],[-46.386011,-23.474496],[-46.38604323842112,-23.474496721989954],[-46.384975,-23.475448]],[[-46.38350965428837,-23.47532286393659],[-46.38414427019277,-23.475497707093925],[-46.383638,-23.475528],[-46.38350965428837,-23.47532286393659]],[[-46.38321786925539,-23.474742376208106],[-46.38324034375701,-23.474892422579924],[-46.383165,-23.474772],[-46.38321786925539,-23.474742376208106]],[[-46.371759,-23.492095],[-46.377307,-23.48417],[-46.369944,-23.495021],[-46.371759,-23.492095]],[[-46.36538,-23.503026],[-46.369378,-23.497418],[-46.365375295037815,-23.50308086746311],[-46.36538,-23.503026]],[[-46.37096855723656,-23.511249510089815],[-46.37061527262131,-23.511226493474556],[-46.370672,-23.511214],[-46.37096855723656,-23.511249510089815]],[[-46.37444297485013,-23.512280776634324],[-46.373378939928855,-23.51153813196559],[-46.373453,-23.511547],[-46.37444297485013,-23.512280776634324]],[[-46.374306,-23.514088],[-46.37525226511979,-23.512880628529732],[-46.375358,-23.512959],[-46.374306,-23.514088]],[[-46.38091374370432,-23.516888119041088],[-46.38066868347054,-23.516761181366036],[-46.380821,-23.516793],[-46.38091374370432,-23.516888119041088]],[[-46.379718,-23.562726],[-46.379775715090176,-23.56272626975671],[-46.380252,-23.56469],[-46.379718,-23.562726]],[[-46.38041936926585,-23.588724172695336],[-46.379710874734606,-23.58857090451342],[-46.380146,-23.588379],[-46.38041936926585,-23.588724172695336]],[[-46.38248780776796,-23.591395700702527],[-46.38226298495268,-23.591052034219228],[-46.382476,-23.591321],[-46.38248780776796,-23.591395700702527]],[[-46.3840472006116,-23.596850750384043],[-46.384232101193355,-23.596380177640043],[-46.384318,-23.596516],[-46.3840472006116,-23.596850750384043]],[[-46.383064,-23.599353],[-46.38308154568838,-23.599308346150632],[-46.38378614423649,-23.600064135940197],[-46.383064,-23.599353]],[[-46.384376,-23.600645],[-46.38431827780597,-23.60058815771746],[-46.388897,-23.60124],[-46.384376,-23.600645]],[[-46.39941456359781,-23.60593688735317],[-46.39907731269684,-23.60563667135442],[-46.39944,-23.605876],[-46.39941456359781,-23.60593688735317]],[[-46.39194342383241,-23.612456157449397],[-46.39485316083688,-23.612351948338723],[-46.3949683493382,-23.612689619679106],[-46.39194342383241,-23.612456157449397]],[[-46.3896369,-23.6124057],[-46.389825105072376,-23.612409817168782],[-46.3889859,-23.6133137],[-46.3896369,-23.6124057]],[[-46.3846076,-23.6153166],[-46.38486451655455,-23.61519907078384],[-46.38392792978967,-23.617608667258676],[-46.3846076,-23.6153166]],[[-46.383416,-23.617663],[-46.38285697246492,-23.617178020702358],[-46.384867937563754,-23.618884661264087],[-46.383416,-23.617663]],[[-46.37440392064628,-23.642243444081362],[-46.37568495269392,-23.64021168696232],[-46.37539,-23.641202],[-46.37440392064628,-23.642243444081362]],[[-46.3726096485507,-23.64382487225019],[-46.37338916913701,-23.643315170154317],[-46.373039,-23.643685],[-46.3726096485507,-23.64382487225019]],[[-46.370374409134605,-23.64407854489528],[-46.371568040500364,-23.644164202796425],[-46.371363,-23.644231],[-46.370374409134605,-23.64407854489528]],[[-46.365573,-23.642348],[-46.368002878339475,-23.643712820318637],[-46.367187,-23.643587],[-46.365573,-23.642348]],[[-46.3307167,-23.7088721],[-46.3309822,-23.7058351],[-46.330785,-23.709529],[-46.3307167,-23.7088721]],[[-46.624015,-23.783063],[-46.624743008742534,-23.782174349141428],[-46.62351865523922,-23.78440749665346],[-46.624015,-23.783063]],[[-46.590924,-23.649509],[-46.584695,-23.645269],[-46.58468565058024,-23.64523878924133],[-46.590924,-23.649509]],[[-46.58464363053733,-23.645103009972907],[-46.583385,-23.641036],[-46.584892,-23.644768],[-46.58464363053733,-23.645103009972907]],[[-46.5832992045545,-23.641106231713863],[-46.5841112079118,-23.63819595840397],[-46.583385,-23.641036],[-46.5832992045545,-23.641106231713863]],[[-46.580524,-23.643378],[-46.574389,-23.650157],[-46.57422178473242,-23.65018877391735],[-46.580524,-23.643378]],[[-46.572726,-23.650473],[-46.57092826071989,-23.649284125869336],[-46.5711195,-23.6492389],[-46.572726,-23.650473]],[[-46.567552016265864,-23.650082568482354],[-46.56707802050082,-23.650203838634322],[-46.5672136,-23.6501626],[-46.567552016265864,-23.650082568482354]],[[-46.549580029243515,-23.605637054564603],[-46.547905556913086,-23.606284226113015],[-46.549268,-23.6055641],[-46.549580029243515,-23.605637054564603]],[[-46.54679838575608,-23.605687225013593],[-46.544767,-23.607989],[-46.546687,-23.605651],[-46.54679838575608,-23.605687225013593]],[[-46.529329,-23.613803],[-46.52155994844994,-23.613933063355024],[-46.521577,-23.613907],[-46.529329,-23.613803]],[[-46.509878,-23.623716],[-46.506231,-23.625781],[-46.50621066325957,-23.62577900101424],[-46.509878,-23.623716]],[[-46.485279994553935,-23.62324070440163],[-46.484775,-23.622922],[-46.486659,-23.622838],[-46.485279994553935,-23.62324070440163]],[[-46.48428912438929,-23.624754063191418],[-46.483472678796055,-23.626586628571896],[-46.483639,-23.625747],[-46.48428912438929,-23.624754063191418]],[[-46.48031061744883,-23.680761703231788],[-46.483332,-23.685016],[-46.480307,-23.680798],[-46.48031061744883,-23.680761703231788]],[[-46.489054,-23.706709],[-46.491204,-23.707806],[-46.491265920398966,-23.707938149969117],[-46.489054,-23.706709]],[[-46.49152468349477,-23.708490399884965],[-46.491748,-23.708967],[-46.49160739947188,-23.709143113781348],[-46.49152468349477,-23.708490399884965]],[[-46.483365,-23.711432],[-46.483448,-23.71596],[-46.4833405768009,-23.716077292468277],[-46.483365,-23.711432]],[[-46.48210486305075,-23.717426534690173],[-46.48175,-23.717814],[-46.48168940256984,-23.71784347443017],[-46.48210486305075,-23.717426534690173]],[[-46.47845159640493,-23.719418334807166],[-46.478111,-23.719584],[-46.4765103,-23.719483],[-46.47845159640493,-23.719418334807166]],[[-46.468854,-23.725859],[-46.469758,-23.726952],[-46.469754487629956,-23.727068336549134],[-46.468854,-23.725859]],[[-46.46971852307012,-23.728259552945776],[-46.469676,-23.729668],[-46.4696264661108,-23.729802265725578],[-46.46971852307012,-23.728259552945776]],[[-46.45741622739309,-23.75140926597962],[-46.45699417046194,-23.752179295380614],[-46.457041,-23.751711],[-46.45741622739309,-23.75140926597962]],[[-46.456953591939545,-23.75258508060453],[-46.457231502524756,-23.753483658163383],[-46.456919,-23.752931],[-46.456953591939545,-23.75258508060453]],[[-46.45291296284025,-23.759111002105733],[-46.45293805224834,-23.759202708218073],[-46.452886,-23.759157],[-46.45291296284025,-23.759111002105733]],[[-46.45706927774937,-23.76532050933084],[-46.45709065044889,-23.766227375081314],[-46.457004,-23.765461],[-46.45706927774937,-23.76532050933084]],[[-46.457119612866016,-23.767456280401166],[-46.457123,-23.7676],[-46.455116,-23.767553],[-46.457119612866016,-23.767456280401166]],[[-46.45070762444198,-23.770754404405587],[-46.45058,-23.770903],[-46.4485150088803,-23.76981460754209],[-46.45070762444198,-23.770754404405587]],[[-46.447915431482045,-23.76955761722963],[-46.444725,-23.770273],[-46.447837,-23.769524],[-46.447915431482045,-23.76955761722963]],[[-46.436791568704656,-23.767742582701377],[-46.436759,-23.767758],[-46.433052,-23.767247],[-46.436791568704656,-23.767742582701377]],[[-46.43105247750693,-23.765855932784525],[-46.42994645476312,-23.765374264415858],[-46.430308,-23.765338],[-46.43105247750693,-23.765855932784525]],[[-46.428005,-23.765569],[-46.42964215371299,-23.76540478701359],[-46.428731907768686,-23.765998797277714],[-46.428875,-23.765675],[-46.428005,-23.765569]],[[-46.427415,-23.764769],[-46.42749504380482,-23.764564034601566],[-46.428005,-23.765569],[-46.427415,-23.764769]],[[-46.42794745083961,-23.763405571578033],[-46.428355909587026,-23.762359645411703],[-46.428407,-23.762508],[-46.42794745083961,-23.763405571578033]],[[-46.42825982248848,-23.76208063099165],[-46.4253631,-23.7609138],[-46.428168,-23.761814],[-46.42825982248848,-23.76208063099165]],[[-46.3438258832104,-23.71671874809803],[-46.343528,-23.716836],[-46.34337026430243,-23.71662288098824],[-46.3438258832104,-23.71671874809803]],[[-46.34287763075511,-23.715957276585527],[-46.342272,-23.715139],[-46.342855,-23.715512],[-46.34287763075511,-23.715957276585527]],[[-46.339822,-23.713789],[-46.335985,-23.712586],[-46.33587794091955,-23.712299368979508],[-46.339822,-23.713789]],[[-46.33580471741846,-23.712103326506938],[-46.335672,-23.711748],[-46.336556,-23.707468],[-46.33580471741846,-23.712103326506938]],[[-46.334408580122066,-23.704617180810942],[-46.333326,-23.705237],[-46.334306,-23.704481],[-46.334408580122066,-23.704617180810942]],[[-46.60735978192119,-23.939256149445985],[-46.6070833,-23.9388551],[-46.60715651044878,-23.938723753464938],[-46.60735978192119,-23.939256149445985]],[[-46.624356,-23.818766],[-46.623314,-23.812787],[-46.62329431476348,-23.811674909786692],[-46.624356,-23.818766]],[[-46.62321446943786,-23.807164158540434],[-46.622844,-23.786235],[-46.62305695282619,-23.785658154257327],[-46.62321446943786,-23.807164158540434]],[[-46.565472025584384,-23.650692327214657],[-46.56249395671174,-23.653874793115722],[-46.563653,-23.652203],[-46.565472025584384,-23.650692327214657]],[[-46.5532100161373,-23.667329601105006],[-46.553212,-23.667263],[-46.554204893699996,-23.665830859484533],[-46.5532100161373,-23.667329601105006]],[[-46.554651,-23.679541],[-46.554539217038794,-23.679881530312667],[-46.55418002643824,-23.678997124320688],[-46.554651,-23.679541]],[[-46.51761376988777,-23.71971916110681],[-46.517642,-23.719315],[-46.51801204745595,-23.718909672410447],[-46.51761376988777,-23.71971916110681]],[[-46.51752237504862,-23.722017409264975],[-46.517462,-23.721892],[-46.51748718030966,-23.721531501900138],[-46.51752237504862,-23.722017409264975]],[[-46.496527,-23.74782],[-46.498948,-23.746245],[-46.498963746014994,-23.74624493843869],[-46.496527,-23.74782]],[[-46.43050186172419,-23.801420453237043],[-46.430561,-23.801274],[-46.434035,-23.801212],[-46.43050186172419,-23.801420453237043]],[[-46.43065,-23.804097],[-46.4302,-23.802168],[-46.43038723561779,-23.801704319550396],[-46.43065,-23.804097]],[[-46.3321173841522,-23.726996421477104],[-46.330652355718144,-23.72674969027651],[-46.330907,-23.72652],[-46.3321173841522,-23.726996421477104]],[[-46.335521,-23.725563],[-46.33571708915032,-23.72556821076064],[-46.33316045372981,-23.727172088927105],[-46.335521,-23.725563]],[[-46.33636972418427,-23.72576797567109],[-46.33591278548129,-23.72557341108272],[-46.336236,-23.725582],[-46.33636972418427,-23.72576797567109]],[[-46.34362,-23.738099],[-46.34343424429284,-23.735227967489777],[-46.343519,-23.735266],[-46.34362,-23.738099]],[[-46.36048684100524,-23.74005817255948],[-46.35961639463247,-23.73972767529005],[-46.3601538,-23.7397284],[-46.36048684100524,-23.74005817255948]],[[-46.36171,-23.743073],[-46.360868626247395,-23.74043621098265],[-46.361132,-23.740697],[-46.36171,-23.743073]],[[-46.376301,-23.758828],[-46.37614156243773,-23.75863662502307],[-46.37695376080092,-23.758640573631418],[-46.376301,-23.758828]],[[-46.391096455122586,-23.76405475314673],[-46.387306,-23.764012],[-46.390936,-23.763951],[-46.391096455122586,-23.76405475314673]],[[-46.425887,-23.774064],[-46.42573272167492,-23.773887224772707],[-46.42593736023812,-23.77396704399338],[-46.425887,-23.774064]],[[-46.425507589528635,-23.76931344803228],[-46.4255761997924,-23.769685484435797],[-46.42537,-23.769405],[-46.425507589528635,-23.76931344803228]],[[-46.3945504,-23.6347109],[-46.3943699595559,-23.63697411954793],[-46.3943123,-23.6369269],[-46.3945504,-23.6347109]],[[-46.4693036,-23.7162964],[-46.4761337,-23.7164432],[-46.476105905800296,-23.716487792971474],[-46.4693036,-23.7162964]],[[-46.46095714643004,-23.706677303443428],[-46.4612801,-23.7068533],[-46.462066,-23.709656],[-46.46095714643004,-23.706677303443428]],[[-46.4517894,-23.7038979],[-46.451673968262504,-23.70382984098748],[-46.4559674,-23.7048469],[-46.4517894,-23.7038979]],[[-46.4498425,-23.70275],[-46.44981169995625,-23.702680885379085],[-46.45050817941512,-23.703142487236434],[-46.4498425,-23.70275]],[[-46.448842,-23.7005049],[-46.4495475,-23.7012785],[-46.44962909751018,-23.70227112950536],[-46.448842,-23.7005049]],[[-46.4460419,-23.6991267],[-46.44601285285014,-23.699078586239157],[-46.446156961330786,-23.69915123849021],[-46.4460419,-23.6991267]],[[-46.4429119,-23.69656],[-46.44293211054211,-23.69620790910865],[-46.44327845766506,-23.696740056544783],[-46.4429119,-23.69656]],[[-46.4416022956567,-23.691928232030843],[-46.4421623,-23.6923703],[-46.4430736,-23.693743],[-46.4416022956567,-23.691928232030843]],[[-46.435088326551174,-23.68520131280791],[-46.4353026,-23.685188],[-46.435362104317036,-23.685301689411727],[-46.435088326551174,-23.68520131280791]],[[-46.4305068,-23.6846999],[-46.4307155,-23.6822942],[-46.43068039115108,-23.684775129397607],[-46.4305068,-23.6846999]],[[-46.3960729,-23.660269],[-46.3954482,-23.6627193],[-46.39485389761614,-23.66352969185727],[-46.3960729,-23.660269]],[[-46.39886587372026,-23.654006190952945],[-46.3988538,-23.6540861],[-46.39882817890054,-23.65412159062738],[-46.39886587372026,-23.654006190952945]],[[-46.3984114,-23.6507327],[-46.3990459,-23.6528147],[-46.39897365394301,-23.65329285531937],[-46.3984114,-23.6507327]],[[-46.39947227297585,-23.643877308836814],[-46.4000449,-23.6448063],[-46.39990309793691,-23.64535741121798],[-46.39947227297585,-23.643877308836814]],[[-46.39614604916842,-23.63850849688779],[-46.3961796,-23.6385355],[-46.39627159553822,-23.638684747308364],[-46.39614604916842,-23.63850849688779]],[[-46.4002176,-23.6203492],[-46.3981585,-23.619007],[-46.3981412610037,-23.61886949496831],[-46.4002176,-23.6203492]],[[-46.4054512,-23.6231223],[-46.4035356,-23.6237112],[-46.403394411333004,-23.623621066925512],[-46.4054512,-23.6231223]],[[-46.41576541590365,-23.640332152375162],[-46.4156378,-23.6402747],[-46.4144886,-23.6391833],[-46.41576541590365,-23.640332152375162]],[[-46.4200815,-23.6409506],[-46.420211304947124,-23.641017394434133],[-46.4181427,-23.6414024],[-46.4200815,-23.6409506]],[[-46.4207916,-23.641316],[-46.42084110473146,-23.641708149870016],[-46.42048349681252,-23.64115745767539],[-46.4207916,-23.641316]],[[-46.42350691310881,-23.64415236873164],[-46.423338,-23.644306],[-46.421087,-23.643656],[-46.42350691310881,-23.64415236873164]],[[-46.424392628410374,-23.64310987289608],[-46.424377,-23.643361],[-46.42403670869639,-23.643670504602415],[-46.424392628410374,-23.64310987289608]],[[-46.477261,-23.625988],[-46.47728242821806,-23.625978170542172],[-46.476778,-23.628968],[-46.477261,-23.625988]],[[-46.48462305796034,-23.6231703667956],[-46.484375,-23.623812],[-46.48423343069103,-23.62380725752428],[-46.48462305796034,-23.6231703667956]],[[-46.550324,-23.605811],[-46.55128229034587,-23.607016779023606],[-46.54987815180414,-23.605706757651934],[-46.550324,-23.605811]],[[-46.556615684764985,-23.61199797403459],[-46.556494,-23.6120133],[-46.55645461914463,-23.61198950485643],[-46.556615684764985,-23.61199797403459]],[[-46.557997,-23.611824],[-46.574803,-23.601067],[-46.574860879495944,-23.601045720976355],[-46.557997,-23.611824]],[[-46.5842,-23.633625],[-46.58427541496902,-23.633758777831982],[-46.58226,-23.63231],[-46.5842,-23.633625]],[[-46.584943,-23.634943],[-46.58491575303739,-23.635049556959686],[-46.58473648318788,-23.63457666196719],[-46.584943,-23.634943]],[[-46.08158344957967,-23.668650728012146],[-46.082044,-23.672613],[-46.081552,-23.668774],[-46.08158344957967,-23.668650728012146]],[[-46.08263680444214,-23.664922814922676],[-46.08195686663995,-23.66718705619809],[-46.082523,-23.664968],[-46.08263680444214,-23.664922814922676]],[[-46.084321277752395,-23.66433536403232],[-46.08375486306888,-23.66447889933774],[-46.084213,-23.664297],[-46.084321277752395,-23.66433536403232]],[[-46.08863866408084,-23.58050853914013],[-46.090596,-23.582593],[-46.088675,-23.580683],[-46.08863866408084,-23.58050853914013]],[[-46.087996780501285,-23.575687769322073],[-46.08851283985317,-23.579904415081707],[-46.087925,-23.577082],[-46.087996780501285,-23.575687769322073]],[[-46.08801,-23.575431],[-46.088922,-23.574127],[-46.08800479608825,-23.575532078332888],[-46.08801,-23.575431]],[[-46.0897390347803,-23.569790986984504],[-46.089676,-23.570556],[-46.089139773562515,-23.570896821888233],[-46.089142,-23.570799],[-46.0897390347803,-23.569790986984504]],[[-46.09386,-23.565187],[-46.09017263182007,-23.569058916636205],[-46.090586,-23.568361],[-46.09386,-23.565187]],[[-46.108586,-23.531459],[-46.109048,-23.533088],[-46.10841407756597,-23.531332034857723],[-46.108586,-23.531459]],[[-46.103324,-23.527573],[-46.107084035206775,-23.530349795289535],[-46.101704,-23.526948],[-46.103324,-23.527573]],[[-46.100003,-23.52144],[-46.09964584599479,-23.523941947952714],[-46.099587,-23.523856],[-46.100003,-23.52144]],[[-46.10427108780174,-23.512359102916637],[-46.107963,-23.511246],[-46.104853,-23.512436],[-46.10427108780174,-23.512359102916637]],[[-46.10352033403252,-23.51211130886209],[-46.103695348952314,-23.512283021613595],[-46.103506,-23.512258],[-46.10352033403252,-23.51211130886209]],[[-46.103667,-23.510803],[-46.10364197792709,-23.51086643368121],[-46.1036518806708,-23.51076509131694],[-46.103667,-23.510803]],[[-46.103466,-23.507421],[-46.103445105055336,-23.507541913685543],[-46.10334117975868,-23.50743612006895],[-46.103466,-23.507421]],[[-46.10003079880582,-23.50783712224395],[-46.100341870824636,-23.507799440612164],[-46.100069,-23.507857],[-46.10003079880582,-23.50783712224395]],[[-46.098577,-23.506888],[-46.09962702774523,-23.50762702245998],[-46.098424722917535,-23.507001410549638],[-46.098577,-23.506888]],[[-46.09744631274321,-23.51000179041399],[-46.097813,-23.507457],[-46.097588,-23.510021],[-46.09744631274321,-23.51000179041399]],[[-46.09403876595298,-23.510573952399113],[-46.095449,-23.509731],[-46.094178,-23.510659],[-46.09403876595298,-23.510573952399113]],[[-46.090776,-23.508383],[-46.0927913793663,-23.509812017808795],[-46.09036184888721,-23.508328000480073],[-46.090776,-23.508383]],[[-46.088148,-23.508034],[-46.08905045543956,-23.508153846631814],[-46.087855689987755,-23.508295413273817],[-46.088148,-23.508034]],[[-45.9444665,-23.6340683],[-45.9473547,-23.6356898],[-45.94388362471881,-23.634152421641495],[-45.9444665,-23.6340683]],[[-45.9402396,-23.6323024],[-45.94210781481539,-23.633365895423196],[-45.939736515914234,-23.63231562041708],[-45.9402396,-23.6323024]],[[-45.9393872,-23.6323248],[-45.939454854477816,-23.632323022125405],[-45.93926612529535,-23.63252465030388],[-45.9393872,-23.6323248]],[[-45.93559464052179,-23.635437940156926],[-45.93587410790127,-23.635474415551332],[-45.9356914,-23.6355277],[-45.93559464052179,-23.635437940156926]],[[-45.9329612,-23.6328272],[-45.93378404742175,-23.633758326381255],[-45.932762928815436,-23.63281107606989],[-45.9329612,-23.6328272]],[[-45.9321779,-23.6327635],[-45.932439209627084,-23.632784750380754],[-45.93221980181537,-23.632960495473174],[-45.9321779,-23.6327635]],[[-45.9284097,-23.637454],[-45.92855203105598,-23.63742531523824],[-45.9286602,-23.6395036],[-45.9284097,-23.637454]],[[-45.9217065,-23.6558449],[-45.9249555,-23.655474],[-45.92173688108339,-23.655935198864427],[-45.9217065,-23.6558449]],[[-45.92238337512992,-23.65785671290342],[-45.922043119332066,-23.656845402287434],[-45.922547,-23.6576543],[-45.92238337512992,-23.65785671290342]],[[-45.92047983330842,-23.658207750488526],[-45.9206759,-23.6579045],[-45.922278344524734,-23.65798664150004],[-45.922126,-23.6581751],[-45.92047983330842,-23.658207750488526]],[[-45.920287,-23.658506],[-45.920393387630234,-23.658341453433824],[-45.921086,-23.659509],[-45.920287,-23.658506]],[[-46.35070543102692,-23.507625605503673],[-46.350654,-23.507675],[-46.35002475334255,-23.50770989503001],[-46.35070543102692,-23.507625605503673]],[[-46.34714206106655,-23.50786975544769],[-46.346777,-23.50789],[-46.34616946112155,-23.507811518910554],[-46.34714206106655,-23.50786975544769]],[[-46.3367501,-23.5062599],[-46.33671772641514,-23.50659055600064],[-46.32993614128527,-23.505710862596157],[-46.3367501,-23.5062599]],[[-46.33042155491486,-23.500214553479704],[-46.330414,-23.500114],[-46.330466079899715,-23.50011314495687],[-46.33042155491486,-23.500214553479704]],[[-46.3305944258572,-23.500111037784436],[-46.331151,-23.5001019],[-46.3321343,-23.5011442],[-46.3305944258572,-23.500111037784436]],[[-46.33102683289373,-23.4889095493381],[-46.328532,-23.488615],[-46.331004,-23.488877],[-46.33102683289373,-23.4889095493381]],[[-46.290502361174774,-23.491364185929367],[-46.289017670376374,-23.490179316544793],[-46.2903419,-23.4908717],[-46.290502361174774,-23.491364185929367]],[[-46.28832358726257,-23.48962539795596],[-46.28824159111826,-23.48955996027618],[-46.288495088426075,-23.48936125345276],[-46.28832358726257,-23.48962539795596]],[[-46.28915849647739,-23.488339478518128],[-46.2898229351459,-23.4868278963522],[-46.289699,-23.487507],[-46.28915849647739,-23.488339478518128]],[[-46.28985668052911,-23.486642988248285],[-46.289466,-23.484943],[-46.289943,-23.48617],[-46.28985668052911,-23.486642988248285]],[[-46.286029,-23.481695],[-46.282266,-23.481893],[-46.28200759882933,-23.481729736355625],[-46.286029,-23.481695]],[[-46.28151247577386,-23.481416906525016],[-46.281185,-23.48121],[-46.281486,-23.475909],[-46.28151247577386,-23.481416906525016]],[[-46.268055884125545,-23.429953431434356],[-46.267963,-23.429956],[-46.267921378287625,-23.42990329128127],[-46.268055884125545,-23.429953431434356]],[[-46.2505868,-23.4096808],[-46.25045948670126,-23.408245165214115],[-46.2505369,-23.4083182],[-46.2505868,-23.4096808]],[[-46.247666103244775,-23.40563861634908],[-46.246222,-23.407777],[-46.247314,-23.405843],[-46.247666103244775,-23.40563861634908]],[[-46.245189,-23.407714],[-46.24509191126678,-23.407625888873245],[-46.246222,-23.407777],[-46.245189,-23.407714]],[[-46.24416445265008,-23.406784190552305],[-46.242215,-23.405015],[-46.2422094007428,-23.40484951084274],[-46.24416445265008,-23.406784190552305]],[[-46.242205030805835,-23.404720354927917],[-46.242197,-23.404483],[-46.243576,-23.403965],[-46.242205030805835,-23.404720354927917]],[[-46.2441851712327,-23.402888368063053],[-46.240663,-23.400597],[-46.244238,-23.402795],[-46.2441851712327,-23.402888368063053]],[[-46.241207,-23.395714],[-46.240821,-23.394287],[-46.24113483430353,-23.39328416564547],[-46.241207,-23.395714]],[[-46.24111783766365,-23.39271188516443],[-46.2382,-23.392108],[-46.241113,-23.392549],[-46.24111783766365,-23.39271188516443]],[[-46.233744185971474,-23.39114179236961],[-46.233122,-23.391303],[-46.23216023971914,-23.39080092605399],[-46.233744185971474,-23.39114179236961]],[[-46.232039028159704,-23.390737649198872],[-46.231806,-23.390616],[-46.23061,-23.388213],[-46.232039028159704,-23.390737649198872]],[[-46.220496,-23.386124],[-46.219736,-23.386018],[-46.21970698628533,-23.385935628139325],[-46.220496,-23.386124]],[[-46.212241795362445,-23.378087641974037],[-46.212062,-23.378248],[-46.2120456655936,-23.378156007593017],[-46.212241795362445,-23.378087641974037]],[[-46.180857,-23.356423],[-46.183057088565825,-23.357573594096277],[-46.18063771146962,-23.356506028196048],[-46.180857,-23.356423]],[[-46.2811184,-23.5522449],[-46.28095390725774,-23.55234743483442],[-46.28111375477472,-23.5517936550744],[-46.2811184,-23.5522449]],[[-46.2790858,-23.5535119],[-46.2801965,-23.5525013],[-46.28066238712974,-23.552529150864224],[-46.2790858,-23.5535119]],[[-46.25458443013951,-23.649949921916228],[-46.2546001,-23.6495116],[-46.2552832,-23.6491408],[-46.25458443013951,-23.649949921916228]],[[-46.2571614,-23.6678577],[-46.2570603,-23.6668952],[-46.25712098986494,-23.666909062977947],[-46.2571614,-23.6678577]],[[-46.2577381,-23.6680648],[-46.257793466800386,-23.668288770341093],[-46.2571614,-23.6678577],[-46.2577381,-23.6680648]],[[-46.25816741463731,-23.66980146791445],[-46.257841,-23.6698186],[-46.25780811890014,-23.668348041163263],[-46.25816741463731,-23.66980146791445]],[[-46.259219,-23.669691],[-46.259243256479884,-23.66974500165229],[-46.25906596235962,-23.669754307050052],[-46.259219,-23.669691]],[[-46.26608062548826,-23.684314653975964],[-46.266081,-23.684241],[-46.267443,-23.683],[-46.26608062548826,-23.684314653975964]],[[-46.26641921749611,-23.685123743701396],[-46.266078,-23.684831],[-46.26607938493787,-23.684558628885444],[-46.26641921749611,-23.685123743701396]],[[-46.381891,-23.61634],[-46.380712,-23.613904],[-46.38212373982832,-23.61654191133959],[-46.381891,-23.61634]],[[-46.374166,-23.609814],[-46.37742,-23.610841],[-46.37747920184802,-23.61096994567501],[-46.374166,-23.609814]],[[-46.3498144,-23.5738521],[-46.349817091741244,-23.573690401276085],[-46.3531251,-23.5739883],[-46.3498144,-23.5738521]],[[-46.34982847060337,-23.57300684839334],[-46.34992811380644,-23.573315803885304],[-46.349820104963314,-23.57350939050285],[-46.34982847060337,-23.57300684839334]],[[-46.3491737,-23.5726275],[-46.3496512,-23.5724572],[-46.3497219832795,-23.572676671898417],[-46.3491737,-23.5726275]],[[-46.34413760328335,-23.563474760085768],[-46.3441664,-23.5634922],[-46.344569,-23.565451],[-46.34413760328335,-23.563474760085768]],[[-46.32748784100068,-23.51059941653684],[-46.3272134,-23.5106502],[-46.32705853228855,-23.51022804874226],[-46.32748784100068,-23.51059941653684]],[[-46.32838126877071,-23.508955335300325],[-46.3279181,-23.5105198],[-46.3277598893851,-23.510549075811245],[-46.32838126877071,-23.508955335300325]],[[-46.3286983,-23.5081422],[-46.328773098741436,-23.50811302424417],[-46.32864548365147,-23.50827766563699],[-46.3286983,-23.5081422]],[[-46.2848194,-23.4890626],[-46.284659469719145,-23.488923165604987],[-46.28504254566588,-23.489046044228],[-46.2848194,-23.4890626]],[[-46.267783267044756,-23.485874363465733],[-46.2678035,-23.4857836],[-46.2716594,-23.4850792],[-46.267783267044756,-23.485874363465733]],[[-46.26564492706907,-23.488225932569872],[-46.266403,-23.487204],[-46.2675975,-23.4867077],[-46.26564492706907,-23.488225932569872]],[[-46.265212,-23.492503],[-46.265136,-23.488912],[-46.26520544540811,-23.48881838298575],[-46.265212,-23.492503]],[[-46.269204489702005,-23.537471686244615],[-46.2689747,-23.5375701],[-46.2681996,-23.5360599],[-46.269204489702005,-23.537471686244615]],[[-46.2694769,-23.5378544],[-46.26925113202331,-23.538023364846957],[-46.26929615510735,-23.537600468496148],[-46.2694769,-23.5378544]],[[-46.2690843,-23.5391134],[-46.2686642,-23.5387146],[-46.26906856129984,-23.53895988345127],[-46.2690843,-23.5391134]],[[-46.268320069782135,-23.53952195698623],[-46.26814,-23.5396505],[-46.2686642,-23.5387146],[-46.268320069782135,-23.53952195698623]],[[-46.2700654,-23.5395739],[-46.270250799557864,-23.539850993552577],[-46.2688726,-23.5397106],[-46.2700654,-23.5395739]],[[-46.368330494727886,-23.52045422632093],[-46.3669152,-23.5170296],[-46.3682634,-23.5195961],[-46.368330494727886,-23.52045422632093]],[[-46.3683457,-23.5247456],[-46.36839749187018,-23.521311104544186],[-46.3685098,-23.5227475],[-46.3683457,-23.5247456]],[[-46.3669885,-23.5271453],[-46.36697517935695,-23.52714752213307],[-46.3683457,-23.5247456],[-46.3669885,-23.5271453]],[[-46.41867,-23.316382],[-46.418560898779894,-23.316290185692484],[-46.421712,-23.315464],[-46.41867,-23.316382]],[[-46.358759,-23.305259],[-46.35872023595898,-23.305403085209072],[-46.356395,-23.302873],[-46.358759,-23.305259]],[[-46.35613567806908,-23.30912490253491],[-46.356377,-23.308765],[-46.35647499668868,-23.30871030013538],[-46.35613567806908,-23.30912490253491]],[[-46.355861,-23.314439],[-46.355333,-23.310322],[-46.35534972068906,-23.310297063110276],[-46.355861,-23.314439]],[[-46.358166,-23.31723],[-46.358146018843485,-23.31729537627446],[-46.35809135664262,-23.31713961839026],[-46.358166,-23.31723]],[[-46.350031,-23.329156],[-46.3499460930453,-23.32915981706895],[-46.353794,-23.326697],[-46.350031,-23.329156]],[[-46.340378439270836,-23.32869411557359],[-46.340645,-23.328664],[-46.345382,-23.329365],[-46.340378439270836,-23.32869411557359]],[[-46.3367021176657,-23.329196636861546],[-46.336777,-23.329101],[-46.33869033240702,-23.328884834989175],[-46.3367021176657,-23.329196636861546]],[[-46.3398643,-23.3351073],[-46.33586194555805,-23.334797666094754],[-46.336536,-23.33476],[-46.3398643,-23.3351073]],[[-46.34412,-23.342432],[-46.34370583843618,-23.342663184051894],[-46.3441539,-23.3418098],[-46.34412,-23.342432]],[[-46.345049,-23.344136],[-46.3433844,-23.3432754],[-46.34351781988594,-23.34302128669937],[-46.345049,-23.344136]],[[-46.347135755343345,-23.347902275507852],[-46.346972,-23.347841],[-46.346051,-23.346078],[-46.347135755343345,-23.347902275507852]],[[-46.35205,-23.35187],[-46.3520396932217,-23.352362851398713],[-46.351329,-23.351582],[-46.35205,-23.35187]],[[-46.3537264,-23.3520313],[-46.352109,-23.352439],[-46.352064790223295,-23.35239042592483],[-46.3537264,-23.3520313]],[[-46.371496007372144,-23.367203687172246],[-46.370952,-23.367003],[-46.370794841245576,-23.36669712161373],[-46.371496007372144,-23.367203687172246]],[[-46.372129,-23.367661],[-46.372294,-23.370077],[-46.372058670143204,-23.367610189383456],[-46.372129,-23.367661]],[[-46.35856238018477,-23.437218833839403],[-46.35856238018477,-23.4372188338394],[-46.359838,-23.436685],[-46.35856238018477,-23.437218833839403]],[[-46.357434,-23.434751],[-46.35743977484228,-23.434683707607068],[-46.35761470817741,-23.435146219413895],[-46.357434,-23.434751]],[[-46.31310846276218,-23.416193045525432],[-46.313174,-23.416137],[-46.314069,-23.416537],[-46.31310846276218,-23.416193045525432]],[[-46.311782,-23.419408],[-46.31137274501016,-23.421263585285004],[-46.3115659,-23.4175122],[-46.311782,-23.419408]],[[-46.3108879,-23.4234619],[-46.3100605,-23.4239688],[-46.310900966489655,-23.42340265579641],[-46.3108879,-23.4234619]],[[-46.2895077724533,-23.433946032893786],[-46.2904596,-23.4328486],[-46.2924749,-23.4317553],[-46.2895077724533,-23.433946032893786]],[[-46.2887545,-23.4345022],[-46.2874553,-23.4339746],[-46.28900080864768,-23.43432034180618],[-46.2887545,-23.4345022]],[[-46.2844286,-23.4352523],[-46.280784,-23.4340637],[-46.28449363502726,-23.43522484592317],[-46.2844286,-23.4352523]],[[-46.27408500602081,-23.432051639028693],[-46.27311856796837,-23.429446482692562],[-46.2731943,-23.4294973],[-46.27408500602081,-23.432051639028693]],[[-46.27251250441822,-23.42907153182233],[-46.272535,-23.4290549],[-46.27276421299943,-23.42920870529493],[-46.27251250441822,-23.42907153182233]],[[-46.2715061,-23.4298806],[-46.271417860009855,-23.429880843246195],[-46.271977822823125,-23.429466841860677],[-46.2715061,-23.4298806]],[[-46.387127,-23.47413],[-46.3869785048995,-23.474403027666433],[-46.386348,-23.473174],[-46.387127,-23.47413]],[[-46.396977,-23.446164],[-46.39701272535202,-23.44636231215816],[-46.39671912085965,-23.4462403484699],[-46.396977,-23.446164]],[[-46.394437,-23.446916],[-46.39475878192122,-23.446820732281594],[-46.39365,-23.448731],[-46.394437,-23.446916]],[[-46.361754,-23.436035],[-46.36193541406156,-23.43594203336347],[-46.359524,-23.438613],[-46.361754,-23.436035]],[[-46.359134,-23.438469],[-46.35901322455995,-23.438204857008188],[-46.359524,-23.438613],[-46.359134,-23.438469]],[[-46.27489283335218,-23.38835342004738],[-46.2748391,-23.3884058],[-46.274838091216246,-23.38840601394232],[-46.27489283335218,-23.38835342004738]],[[-46.267078902034285,-23.39521550842747],[-46.271819,-23.390428],[-46.267198,-23.395128],[-46.267078902034285,-23.39521550842747]],[[-46.260955845317405,-23.39967099007519],[-46.26317851839481,-23.39808135451276],[-46.26103,-23.39966],[-46.260955845317405,-23.39967099007519]],[[-46.248389,-23.405219],[-46.248581891991854,-23.40526215487923],[-46.24773638002283,-23.40559782313094],[-46.248389,-23.405219]],[[-46.33473936824531,-23.334402015994222],[-46.335226632859175,-23.334748516436758],[-46.3347753,-23.3347136],[-46.33473936824531,-23.334402015994222]],[[-46.3349849,-23.3336422],[-46.33468306218429,-23.333913755173278],[-46.334434,-23.331754],[-46.3349849,-23.3336422]],[[-46.312873,-23.322097],[-46.3144771,-23.3233249],[-46.3127520625467,-23.32212530761894],[-46.312873,-23.322097]],[[-46.2997933,-23.3240092],[-46.29982092945639,-23.324022421905283],[-46.2990316,-23.3248019],[-46.2997933,-23.3240092]],[[-46.291726,-23.345995],[-46.291750249021476,-23.34594169752791],[-46.292473,-23.349811],[-46.291726,-23.345995]],[[-46.29415129622696,-23.369580026391226],[-46.29415278144344,-23.368221424620586],[-46.294337,-23.369399],[-46.29415129622696,-23.369580026391226]]]}}]}