{"type":"FeatureCollection","features":[{"type":"Feature","properties":{"geometry_key":"area|area_arranjo_pop_rj","type":"area_estudo","area_col":"area_arranjo_pop_rj","area_label":"Rio de Janeiro - Arranjos Populacionais","label":"Rio de Janeiro - Arranjos Populacionais"},"geometry":{"type":"MultiPolygon","coordinates":[[[[-43.4931453,-22.4170258],[-43.4956294,-22.4178221],[-43.4983682,-22.4148381],[-43.4987872,-22.412707],[-43.5009332,-22.4088991],[-43.5034144,-22.4079231],[-43.5062391,-22.4023345],[-43.5078148,-22.4016285],[-43.5078142,-22.4007746],[-43.5064698,-22.4002211],[-43.5065839,-22.399361],[-43.505286,-22.3990077],[-43.5051259,-22.3969828],[-43.5034674,-22.3954766],[-43.5035191,-22.3929318],[-43.501193,-22.3897191],[-43.4943013,-22.3844402],[-43.4945101,-22.3827103],[-43.4941012,-22.382067],[-43.4907607,-22.3798745],[-43.4879795,-22.378991],[-43.488993,-22.3779122],[-43.4880989,-22.3763362],[-43.4883949,-22.3744617],[-43.4877014,-22.3735581],[-43.4895646,-22.3721409],[-43.4922487,-22.3710835],[-43.4929676,-22.3696368],[-43.4943701,-22.3702145],[-43.4957225,-22.3687308],[-43.4965639,-22.3688225],[-43.4968049,-22.3664249],[-43.4983559,-22.3655838],[-43.4983396,-22.3589626],[-43.4992314,-22.3571989],[-43.4989521,-22.3556237],[-43.4999075,-22.3531592],[-43.4997895,-22.3521128],[-43.501768,-22.3497381],[-43.5038089,-22.3484759],[-43.5030662,-22.3435171],[-43.5042934,-22.3399591],[-43.5050475,-22.339326],[-43.5048181,-22.3381188],[-43.5058432,-22.3361487],[-43.5066387,-22.3361613],[-43.5072282,-22.3353431],[-43.5036304,-22.3111805],[-43.3253957,-22.2787201],[-43.2884305,-22.3713316],[-43.2962027,-22.3723589],[-43.2987893,-22.3711436],[-43.2996272,-22.3699006],[-43.3015169,-22.3735312],[-43.3048109,-22.374568],[-43.3046172,-22.3759389],[-43.3052534,-22.3778363],[-43.3090813,-22.3785513],[-43.3100083,-22.378137],[-43.3160521,-22.3813166],[-43.3165905,-22.3826119],[-43.3180974,-22.3839639],[-43.3175982,-22.3877854],[-43.3191262,-22.3916184],[-43.3203481,-22.3927804],[-43.3253537,-22.3935498],[-43.3268962,-22.395433],[-43.326022,-22.3969204],[-43.3265114,-22.4013167],[-43.3288992,-22.4032519],[-43.336295,-22.4034194],[-43.3346055,-22.4046877],[-43.3344933,-22.408362],[-43.3375899,-22.4099302],[-43.3379925,-22.4147451],[-43.3401128,-22.4153282],[-43.341026,-22.4165318],[-43.3443197,-22.4179897],[-43.3532748,-22.41715],[-43.3548282,-22.4181671],[-43.3611782,-22.4197561],[-43.3617082,-22.4227075],[-43.3613673,-22.4256914],[-43.3653268,-22.426353],[-43.3690771,-22.4296384],[-43.370168,-22.4323266],[-43.3723209,-22.4326092],[-43.374175,-22.4344539],[-43.3744344,-22.4358776],[-43.3724904,-22.437073],[-43.3728652,-22.4378593],[-43.3723593,-22.4394469],[-43.3713676,-22.4400026],[-43.3713407,-22.4406722],[-43.3727791,-22.4414419],[-43.373761,-22.4432466],[-43.3763309,-22.4420954],[-43.3773013,-22.4424759],[-43.3760891,-22.4450998],[-43.3745269,-22.4455802],[-43.3715973,-22.4452604],[-43.3709417,-22.4477379],[-43.3714909,-22.4493095],[-43.3702693,-22.4517126],[-43.370613270994454,-22.45207309422668],[-43.3695688,-22.4517951],[-43.3689043,-22.4532471],[-43.3657371,-22.4536976],[-43.3640949,-22.4519925],[-43.3641595,-22.4504281],[-43.3587321,-22.4507441],[-43.3567625,-22.449789],[-43.3561014,-22.4486833],[-43.3537079,-22.4497863],[-43.3518355,-22.4485295],[-43.3490198,-22.4525669],[-43.3453467,-22.4507785],[-43.3428587,-22.4513459],[-43.339284,-22.4532577],[-43.3365549,-22.4537373],[-43.3359475,-22.4545043],[-43.3304595,-22.4533581],[-43.3294274,-22.455068],[-43.3276428,-22.4561085],[-43.3260051,-22.4581227],[-43.3231084,-22.4580509],[-43.3203465,-22.4590062],[-43.3192927,-22.458925],[-43.3132084,-22.4545142],[-43.3119464,-22.4551535],[-43.3103009,-22.4550862],[-43.308749,-22.4561393],[-43.3062205,-22.4550715],[-43.3053728,-22.4567043],[-43.3047634,-22.4562786],[-43.3046299,-22.4552304],[-43.3026217,-22.4539425],[-43.3022071,-22.4528609],[-43.2986661,-22.4511029],[-43.2978941,-22.4524601],[-43.2986187,-22.4538115],[-43.2979735,-22.455381],[-43.2954748,-22.4564457],[-43.294734,-22.4577428],[-43.2894739,-22.4579536],[-43.2894677,-22.4590104],[-43.2884898,-22.4601902],[-43.2884984,-22.4622975],[-43.2903109,-22.4633098],[-43.2915512,-22.4648541],[-43.2934184,-22.4656481],[-43.2958608,-22.4644077],[-43.2974158,-22.4642958],[-43.2968659,-22.465537],[-43.3001878,-22.4691276],[-43.3002957,-22.4716102],[-43.3019197,-22.4738897],[-43.3008624,-22.4738352],[-43.2999606,-22.4745482],[-43.2985252,-22.4742763],[-43.2963726,-22.4757144],[-43.2996287,-22.4823497],[-43.3041562,-22.4871587],[-43.311574,-22.4931301],[-43.3126288,-22.4953408],[-43.3147664,-22.4954174],[-43.3171623,-22.4970469],[-43.3204621,-22.500474],[-43.3281576,-22.5109155],[-43.3321842,-22.5125177],[-43.3318545,-22.5140037],[-43.3303519,-22.5154219],[-43.3301322,-22.5167447],[-43.3319659,-22.5192206],[-43.3330179,-22.5194767],[-43.3355776,-22.5188768],[-43.3378188,-22.5202722],[-43.3450445,-22.5204597],[-43.3537397,-22.5229365],[-43.3562734,-22.5221821],[-43.3604042,-22.5258425],[-43.3645693,-22.525917],[-43.367383,-22.5268311],[-43.3697948,-22.5259008],[-43.3712122,-22.5225576],[-43.3749664,-22.5206352],[-43.3792938,-22.5233972],[-43.3803258,-22.526801],[-43.3828756,-22.5292519],[-43.384663,-22.5304736],[-43.3878823,-22.5311738],[-43.3891305,-22.5322989],[-43.3924624,-22.5321856],[-43.395876,-22.5311399],[-43.3996056,-22.5321862],[-43.4014288,-22.5334055],[-43.4014326,-22.5327921],[-43.4019424,-22.5329783],[-43.4030039,-22.5341438],[-43.4053844,-22.5346103],[-43.4098837,-22.5318017],[-43.4129608,-22.5349231],[-43.4141884,-22.5345795],[-43.4157589,-22.5349484],[-43.4195032,-22.5380526],[-43.4232253,-22.5363667],[-43.423836,-22.5337808],[-43.4274785,-22.5341012],[-43.4311135,-22.5332138],[-43.4331951,-22.5320998],[-43.433869,-22.5306586],[-43.4351998,-22.5297977],[-43.4364411,-22.5303007],[-43.4394557,-22.5300747],[-43.4406797,-22.5306669],[-43.4440726,-22.5283129],[-43.4457892,-22.5260125],[-43.4464973,-22.5269618],[-43.4574427,-22.5319957],[-43.458813,-22.5346631],[-43.4624713,-22.5382201],[-43.4633124,-22.5383059],[-43.4679027,-22.536002],[-43.4692435,-22.5361594],[-43.4742119,-22.5409328],[-43.4802551,-22.5430812],[-43.4815703,-22.5445958],[-43.4829116,-22.544687],[-43.4834801,-22.5456026],[-43.484485,-22.5457916],[-43.4846076,-22.5471477],[-43.4865751,-22.5490659],[-43.4878681,-22.5482647],[-43.4883795,-22.5491124],[-43.4897798,-22.5496202],[-43.4912514,-22.5484953],[-43.4920772,-22.5494971],[-43.4919351,-22.5517623],[-43.4966234,-22.5531905],[-43.4983181,-22.5543946],[-43.4974946,-22.556684],[-43.4981227,-22.557473],[-43.4978019,-22.5591863],[-43.5010981,-22.5615558],[-43.5007469,-22.5638423],[-43.5069439,-22.5657584],[-43.5071997,-22.5673877],[-43.5088081,-22.5691797],[-43.5087609,-22.5706225],[-43.5100482,-22.5718323],[-43.5113748,-22.5717821],[-43.5156014,-22.5696523],[-43.5182384,-22.5711127],[-43.5191347,-22.5707472],[-43.5219071,-22.5671113],[-43.5239829,-22.5687405],[-43.5263149,-22.5691443],[-43.5300037,-22.5659348],[-43.5323254,-22.5661276],[-43.5335872,-22.565685],[-43.5350056,-22.5684034],[-43.5365667,-22.5697649],[-43.5383861,-22.5686262],[-43.541494,-22.5651719],[-43.5428916,-22.5692152],[-43.5471223,-22.5722178],[-43.5489299,-22.572451],[-43.5505349,-22.5734415],[-43.5513175,-22.5730509],[-43.5531079,-22.5698416],[-43.5551797,-22.5692925],[-43.5561779,-22.5674081],[-43.5599813,-22.567146],[-43.5607037,-22.5677454],[-43.5608975,-22.5708017],[-43.5603263,-22.5715122],[-43.5590787,-22.5717474],[-43.558794,-22.5727748],[-43.5596199,-22.5738305],[-43.5589341,-22.5755715],[-43.560517,-22.5792791],[-43.5634068,-22.5802629],[-43.5641186,-22.5791486],[-43.5636365,-22.5777082],[-43.5645341,-22.576658],[-43.5670401,-22.5769926],[-43.5687364,-22.5779234],[-43.5704848,-22.5771449],[-43.5722175,-22.5783854],[-43.5738753,-22.5786571],[-43.5747016,-22.5777969],[-43.5771322,-22.5774106],[-43.5780419,-22.5776737],[-43.5790924,-22.579036],[-43.5805793,-22.5789763],[-43.5807876,-22.5806728],[-43.5830724,-22.5807886],[-43.5852966,-22.5826805],[-43.5855521,-22.5831201],[-43.5837854,-22.5858764],[-43.5837252,-22.5871538],[-43.5845016,-22.5882585],[-43.586562,-22.5894292],[-43.5892606,-22.5931723],[-43.5926509,-22.595351],[-43.5952652,-22.5959807],[-43.5970941,-22.5976476],[-43.6021787,-22.5995295],[-43.6022267,-22.6024454],[-43.6034468,-22.6049432],[-43.6054536,-22.6051564],[-43.608273,-22.6071559],[-43.611818,-22.6076777],[-43.6168757,-22.6113869],[-43.61834,-22.6142208],[-43.6202265,-22.6149229],[-43.6217284,-22.6165988],[-43.6220812,-22.6181226],[-43.6269036,-22.6228429],[-43.6288252,-22.6257241],[-43.6227298,-22.6422221],[-43.6605762,-22.619649],[-43.6587436,-22.6190299],[-43.6582708,-22.6181597],[-43.651382,-22.6134035],[-43.6470507,-22.6091657],[-43.6445747,-22.6091367],[-43.6426105,-22.6080245],[-43.6399845,-22.6031379],[-43.6322271,-22.5984161],[-43.6298905,-22.596086],[-43.6263498,-22.5942696],[-43.6253065,-22.5925351],[-43.6178595,-22.5885643],[-43.6013182,-22.5732268],[-43.5974462,-22.5680737],[-43.62364,-22.5393366],[-43.626419,-22.5406084],[-43.6283726,-22.5394755],[-43.6297683,-22.540613],[-43.6324671,-22.538841],[-43.632941,-22.5400985],[-43.6351498,-22.5398962],[-43.6359718,-22.5414284],[-43.6371797,-22.5419863],[-43.6370083,-22.5407992],[-43.6378179,-22.539483],[-43.6393183,-22.5398304],[-43.6401691,-22.5408459],[-43.6414847,-22.5405384],[-43.6421623,-22.541417],[-43.6422794,-22.5431638],[-43.644085,-22.5441485],[-43.6452645,-22.5430006],[-43.6492557,-22.5449286],[-43.6511814,-22.5447162],[-43.6512773,-22.5455184],[-43.653978,-22.5475183],[-43.6547182,-22.5460823],[-43.6559514,-22.5466702],[-43.6562685,-22.5474172],[-43.660496,-22.5482677],[-43.6616227,-22.5468178],[-43.6647483,-22.5485334],[-43.6681717,-22.5476934],[-43.668601,-22.5486894],[-43.6665614,-22.5499791],[-43.6654983,-22.5518893],[-43.6662134,-22.5529231],[-43.6659748,-22.5539313],[-43.6639626,-22.5548362],[-43.6650792,-22.5557848],[-43.6643366,-22.557604],[-43.6658218,-22.5588055],[-43.6672998,-22.5591368],[-43.6667574,-22.5608569],[-43.6676887,-22.5622304],[-43.6693401,-22.5635101],[-43.6722954,-22.5639694],[-43.6718948,-22.5646278],[-43.6721723,-22.5659062],[-43.6747799,-22.5672832],[-43.6753882,-22.5695212],[-43.6745783,-22.5704007],[-43.6725264,-22.5694622],[-43.6709155,-22.5703987],[-43.6696176,-22.5691795],[-43.6687897,-22.5690945],[-43.6677632,-22.570317],[-43.6666645,-22.5701746],[-43.6651212,-22.5719711],[-43.6633667,-22.571942],[-43.661469,-22.5740337],[-43.6617671,-22.5772529],[-43.6590748,-22.5804067],[-43.6599731,-22.5821958],[-43.6618216,-22.5820774],[-43.6615976,-22.5829537],[-43.6625161,-22.5841842],[-43.6657573,-22.5848186],[-43.6673332,-22.5867509],[-43.6688325,-22.5847352],[-43.6916916,-22.5757891],[-43.6897687,-22.5737682],[-43.689216,-22.5740134],[-43.6891931,-22.5727949],[-43.6875142,-22.5699717],[-43.6900285,-22.5702502],[-43.6912691,-22.5679731],[-43.6911917,-22.5666233],[-43.6883597,-22.5646733],[-43.6883798,-22.5624001],[-43.686272,-22.5618919],[-43.6842697,-22.5590913],[-43.6827262,-22.5591782],[-43.6825621,-22.5579267],[-43.681483,-22.557062],[-43.6817546,-22.5553668],[-43.6859143,-22.5542225],[-43.6872335,-22.5527559],[-43.6872993,-22.5515499],[-43.690989,-22.5515889],[-43.691105,-22.5541417],[-43.6926448,-22.5550533],[-43.693576,-22.5548995],[-43.6954967,-22.5568377],[-43.695249,-22.5584722],[-43.6977138,-22.5592891],[-43.7001663,-22.5612291],[-43.7031324,-22.5618533],[-43.7047355,-22.5639902],[-43.707727,-22.5648332],[-43.7088414,-22.5631724],[-43.7096817,-22.5637532],[-43.7118984,-22.5634053],[-43.7123175,-22.5626729],[-43.7122449,-22.5610308],[-43.7107659,-22.5601583],[-43.7106634,-22.55869],[-43.7092614,-22.5564645],[-43.7120015,-22.5511354],[-43.71153770188027,-22.549629399155616],[-43.7124421,-22.5495451],[-43.7151697,-22.5524686],[-43.7201334,-22.5542015],[-43.7207133,-22.5553821],[-43.7221225,-22.5563581],[-43.7246161,-22.5571825],[-43.7234701,-22.5599281],[-43.7237923,-22.5602461],[-43.7225909,-22.5620283],[-43.72346,-22.5643763],[-43.7243002,-22.5645827],[-43.7271468,-22.5630948],[-43.7286862,-22.5635737],[-43.7300036,-22.5652545],[-43.7310202,-22.5654907],[-43.7332864,-22.5684783],[-43.7353189,-22.5688325],[-43.7351299,-22.5705011],[-43.7360806,-22.5717959],[-43.7388463,-22.5722546],[-43.738977,-22.5734248],[-43.7402448,-22.5738806],[-43.7400329,-22.575831],[-43.7441614,-22.5767022],[-43.7438205,-22.5783994],[-43.7459399,-22.5787257],[-43.7471251,-22.5803215],[-43.7493978,-22.5810861],[-43.7496419,-22.5820993],[-43.7515672,-22.5820437],[-43.7522459,-22.5835618],[-43.7542087,-22.5839035],[-43.7549295,-22.5861284],[-43.756273,-22.5863292],[-43.7569048,-22.5874238],[-43.7581151,-22.5877883],[-43.7585312,-22.5887584],[-43.7614355,-22.5900203],[-43.7625049,-22.5918258],[-43.7648888,-22.5922652],[-43.7650139,-22.5935463],[-43.7670477,-22.5949409],[-43.7696595,-22.5940939],[-43.7714719,-22.5955243],[-43.7710846,-22.5963523],[-43.7715323,-22.5973182],[-43.7724485,-22.5977347],[-43.7726074,-22.5996815],[-43.7702326,-22.6022054],[-43.7707368,-22.6034669],[-43.7706491,-22.6059193],[-43.7721685,-22.6059426],[-43.7737139,-22.6022284],[-43.7757475,-22.6003724],[-43.7745253,-22.5997079],[-43.7744995,-22.5990375],[-43.7762932,-22.5969684],[-43.7743915,-22.5955735],[-43.7743037,-22.5941782],[-43.7728829,-22.5928727],[-43.772596,-22.5914705],[-43.7710362,-22.5891921],[-43.7712287,-22.5880467],[-43.7739643,-22.587277],[-43.7745794,-22.5858802],[-43.7760928,-22.5848522],[-43.7765094,-22.5828299],[-43.7788583,-22.5807161],[-43.7768541,-22.575231],[-43.7789989,-22.5726812],[-43.7781052,-22.5718563],[-43.7781718,-22.571113],[-43.7769346,-22.5706387],[-43.7759905,-22.5687162],[-43.776266,-22.5669767],[-43.7796069,-22.5650248],[-43.78292,-22.5639342],[-43.7829137,-22.5623722],[-43.7838755,-22.561457],[-43.7835978,-22.5587446],[-43.7863213,-22.557308],[-43.7856471,-22.5560609],[-43.7861208,-22.5554194],[-43.7860916,-22.5532901],[-43.7881426,-22.5506244],[-43.7892799,-22.5503771],[-43.7891121,-22.551724],[-43.7902496,-22.5521986],[-43.7920016,-22.5509331],[-43.7914659,-22.5501416],[-43.7923103,-22.5489761],[-43.7933899,-22.5488393],[-43.794218,-22.5503197],[-43.7976227,-22.5518811],[-43.7890469,-22.5344394],[-43.7857427,-22.5334584],[-43.7836129,-22.5321367],[-43.7820519,-22.5322479],[-43.7807645,-22.5330516],[-43.777732,-22.5311915],[-43.7699193,-22.5179589],[-43.7657762,-22.4587933],[-43.7538924,-22.4599802],[-43.7536925,-22.460888],[-43.7523749,-22.4617742],[-43.7498766,-22.4622265],[-43.7490559,-22.4634433],[-43.7497534,-22.4637445],[-43.750131,-22.4655822],[-43.7516938,-22.4658898],[-43.7496333,-22.4713654],[-43.7467154,-22.4734602],[-43.7453224,-22.4733213],[-43.7433168,-22.4767607],[-43.7427531,-22.4794097],[-43.7414297,-22.4802184],[-43.7410702,-22.4823834],[-43.7395742,-22.4817932],[-43.7384233,-22.4821791],[-43.7368547,-22.4838539],[-43.734702,-22.4832861],[-43.7315318,-22.4790228],[-43.7305227,-22.4790381],[-43.7292601,-22.4777358],[-43.7284232,-22.4752451],[-43.7254938,-22.4710947],[-43.7245255,-22.4706477],[-43.7239649,-22.4692259],[-43.7214299,-22.4669077],[-43.7203939,-22.4650412],[-43.7203844,-22.4636917],[-43.7191809,-22.462707],[-43.7151293,-22.4550364],[-43.7108909,-22.4576587],[-43.7106481,-22.4586151],[-43.7112108,-22.459633],[-43.7108139,-22.4605196],[-43.7096569,-22.4616406],[-43.7078185,-22.4620535],[-43.7069827,-22.463431],[-43.7046044,-22.4619119],[-43.7037524,-22.4599988],[-43.7013566,-22.4608095],[-43.7000458,-22.4593167],[-43.6995189,-22.4602281],[-43.6983711,-22.4606718],[-43.6967707,-22.4595593],[-43.6949354,-22.4596411],[-43.6932615,-22.4617467],[-43.6917901,-22.4616704],[-43.6868034,-22.4641493],[-43.6861631,-22.4633804],[-43.6863108,-22.4624175],[-43.6877726,-22.4606273],[-43.6878613,-22.4584495],[-43.5824602,-22.4568236],[-43.5720724,-22.4611498],[-43.5548105,-22.5264792],[-43.5397001,-22.4510727],[-43.5376622,-22.4494056],[-43.5348064,-22.4493689],[-43.5343215,-22.4484015],[-43.5321406,-22.4467751],[-43.5314745,-22.4456013],[-43.5320935,-22.4438481],[-43.531744,-22.4425497],[-43.5305752,-22.4423752],[-43.5275189,-22.4433905],[-43.5266518,-22.4424555],[-43.525402,-22.4423308],[-43.5235325,-22.4429945],[-43.5198226,-22.4461312],[-43.5171548,-22.447365],[-43.5171226,-22.4461287],[-43.5151636,-22.44476],[-43.5144451,-22.4432749],[-43.5132371,-22.4427516],[-43.5120996,-22.4413156],[-43.510305,-22.4410368],[-43.5091678,-22.4393398],[-43.5084573,-22.4366607],[-43.5069982,-22.4366674],[-43.5062341,-22.4348182],[-43.5048708,-22.4347863],[-43.5046418,-22.433411],[-43.5033091,-22.4316548],[-43.5052327,-22.4314049],[-43.5054496,-22.4306304],[-43.5064926,-22.4307934],[-43.507855,-22.43008],[-43.508638,-22.4285947],[-43.508325,-22.4266135],[-43.5016327,-22.4233958],[-43.4999011,-22.4233806],[-43.4961764,-22.4221911],[-43.4925442,-22.4195433],[-43.4428052,-22.4431427],[-43.4914527,-22.4200002],[-43.491795,-22.4184458],[-43.4931453,-22.4170258]],[[-43.43882476961324,-22.445551849325813],[-43.4388194,-22.4455148],[-43.4428052,-22.4431427],[-43.43882476961324,-22.445551849325813]],[[-43.4389262,-22.4462517],[-43.43885873517129,-22.445786205315752],[-43.4424472358487,-22.449127148377126],[-43.4389262,-22.4462517]],[[-43.44096854205294,-22.453245516439292],[-43.4410105,-22.4536767],[-43.43977273040715,-22.455025446439038],[-43.44096854205294,-22.453245516439292]],[[-43.41567537127411,-22.469887733494343],[-43.4151417,-22.4700208],[-43.411564,-22.4689662],[-43.41567537127411,-22.469887733494343]],[[-43.40499978319594,-22.469762573419608],[-43.4045756,-22.4697003],[-43.40442965206972,-22.469613598167342],[-43.40499978319594,-22.469762573419608]],[[-43.3742398,-22.4517173],[-43.3721372,-22.4524787],[-43.37162500729562,-22.45234237585551],[-43.3742398,-22.4517173]]],[[[-43.6631259,-22.1519605],[-43.662466,-22.1539331],[-43.6611007,-22.1547408],[-43.66474,-22.1566229],[-43.6651164,-22.1582544],[-43.6664926,-22.1581488],[-43.6660012,-22.1598303],[-43.6651649,-22.1604414],[-43.6655348,-22.1623556],[-43.66912,-22.1635941],[-43.6710197,-22.1633601],[-43.6739313,-22.1653915],[-43.6743829,-22.1667663],[-43.6727823,-22.1671681],[-43.6735699,-22.1681372],[-43.6724687,-22.1680951],[-43.6722425,-22.1688611],[-43.6706332,-22.1694299],[-43.6706765,-22.1713958],[-43.6691539,-22.1712168],[-43.6662613,-22.1722339],[-43.6654285,-22.1741184],[-43.6668305,-22.1745932],[-43.6666825,-22.1759063],[-43.6663909,-22.176336],[-43.6652716,-22.1758527],[-43.66503,-22.1772739],[-43.6641209,-22.1773615],[-43.6639786,-22.1783834],[-43.6629918,-22.1788693],[-43.6636429,-22.1801576],[-43.6632236,-22.1809408],[-43.6585879,-22.1796942],[-43.6583684,-22.1805674],[-43.6579037,-22.1802014],[-43.6573135,-22.1807374],[-43.6580381,-22.1826243],[-43.6578219,-22.1837193],[-43.6560276,-22.1842745],[-43.6556707,-22.1857319],[-43.6549849,-22.1861652],[-43.6565372,-22.1884203],[-43.6568513,-22.1936891],[-43.6593738,-22.1950046],[-43.6590418,-22.1964836],[-43.6582834,-22.1974545],[-43.6539706,-22.1992325],[-43.6521766,-22.2035904],[-43.6508942,-22.2046803],[-43.634387,-22.207874],[-43.6252812,-22.2177713],[-43.6263078,-22.2196682],[-43.6241845,-22.2226766],[-43.6175413,-22.2219513],[-43.6133916,-22.2235162],[-43.6122566,-22.2247572],[-43.6104992,-22.2239417],[-43.6088525,-22.2244911],[-43.6076155,-22.2268836],[-43.6079562,-22.2299344],[-43.6072354,-22.2312779],[-43.6095794,-22.232695],[-43.6086571,-22.2349936],[-43.6112598,-22.2419811],[-43.6098926,-22.2440726],[-43.6058253,-22.2436088],[-43.6035468,-22.2453223],[-43.6028648,-22.2468791],[-43.6042555,-22.2479647],[-43.6054139,-22.2501138],[-43.6081491,-22.2501871],[-43.6102465,-22.2529113],[-43.6104179,-22.2538544],[-43.6085491,-22.2549767],[-43.6085679,-22.2582215],[-43.6080081,-22.2590271],[-43.6020806,-22.2597567],[-43.599237,-22.2584405],[-43.5986235,-22.2590607],[-43.5988746,-22.2606588],[-43.5975104,-22.2614852],[-43.5924833,-22.2603976],[-43.5900245,-22.2630361],[-43.5876163,-22.2640122],[-43.5871045,-22.2658008],[-43.5876595,-22.2663697],[-43.5934851,-22.2656593],[-43.5938448,-22.2660014],[-43.5933231,-22.2670182],[-43.5884317,-22.2683411],[-43.5887612,-22.2730612],[-43.5864565,-22.2760413],[-43.5904564,-22.2808232],[-43.5941918,-22.2829516],[-43.5951506,-22.2849979],[-43.5945859,-22.2858512],[-43.5924274,-22.2858721],[-43.5923583,-22.286413],[-43.5916065,-22.2862584],[-43.5886996,-22.2883006],[-43.5927496,-22.2921136],[-43.5952689,-22.2953961],[-43.5968632,-22.2962266],[-43.5983173,-22.2982722],[-43.5996785,-22.3016789],[-43.6053513,-22.3072775],[-43.6130175,-22.3082045],[-43.6143554,-22.3074936],[-43.616433,-22.3049366],[-43.6187035,-22.3040337],[-43.6243962,-22.3046652],[-43.6283693,-22.3075624],[-43.6354112,-22.3140613],[-43.6379093,-22.3173115],[-43.6402005,-22.3177494],[-43.6410776,-22.3174465],[-43.6426951,-22.3151001],[-43.6461315,-22.3168795],[-43.6479875,-22.3170349],[-43.65068,-22.3161857],[-43.6527335,-22.3148255],[-43.6533156,-22.3139457],[-43.6534077,-22.3121231],[-43.6539143,-22.3120911],[-43.6673831,-22.3229972],[-43.6677709,-22.3244753],[-43.6690858,-22.325424],[-43.6683185,-22.3267524],[-43.6670045,-22.3275394],[-43.6680247,-22.3298149],[-43.6668442,-22.3314105],[-43.6668509,-22.3323663],[-43.668492,-22.3343896],[-43.6670779,-22.3366071],[-43.6652377,-22.3373935],[-43.6611421,-22.3372051],[-43.6610614,-22.3397704],[-43.6624751,-22.341058],[-43.6635329,-22.3431572],[-43.6648826,-22.3438176],[-43.6692924,-22.3440448],[-43.671389,-22.3452861],[-43.6736125,-22.3434567],[-43.6754589,-22.3429736],[-43.6791584,-22.3456204],[-43.679724,-22.3482278],[-43.6792932,-22.3498714],[-43.6765148,-22.354729],[-43.6744624,-22.3571883],[-43.6766143,-22.3599441],[-43.67934,-22.3618644],[-43.6831112,-22.3600917],[-43.6863562,-22.3608046],[-43.6899426,-22.3595049],[-43.6922734,-22.3604689],[-43.6936868,-22.3645679],[-43.6915275,-22.3675715],[-43.6914397,-22.369813],[-43.6936441,-22.3726128],[-43.6951989,-22.376437],[-43.6980243,-22.3771379],[-43.7001041,-22.3786739],[-43.7012477,-22.3843121],[-43.7057521,-22.3874225],[-43.7071427,-22.3875641],[-43.7086254,-22.3864567],[-43.7126473,-22.3800955],[-43.7171584,-22.3781487],[-43.7190759,-22.3764863],[-43.7228652,-22.3761872],[-43.7256173,-22.3768598],[-43.7286726,-22.376753],[-43.7305694,-22.3774119],[-43.7314619,-22.3780629],[-43.7315918,-22.3788763],[-43.728676,-22.3828956],[-43.7321935,-22.388205],[-43.7363122,-22.3924472],[-43.7383468,-22.3960368],[-43.7438354,-22.4023694],[-43.7452112,-22.4030898],[-43.7487488,-22.4032005],[-43.7521651,-22.3984454],[-43.7535956,-22.3986779],[-43.7538616,-22.3977664],[-43.7568778,-22.3973038],[-43.757371,-22.3968084],[-43.7564903,-22.396294],[-43.7568748,-22.395586],[-43.7596782,-22.3935244],[-43.7590848,-22.3922158],[-43.7625498,-22.3922313],[-43.7623878,-22.3913304],[-43.76294,-22.3905043],[-43.7645532,-22.3912091],[-43.7646602,-22.390018],[-43.7654904,-22.3897943],[-43.7656246,-22.3882667],[-43.7641699,-22.3871022],[-43.7641975,-22.3852087],[-43.7666063,-22.3844453],[-43.7681839,-22.3810464],[-43.7704943,-22.3800078],[-43.771592,-22.3786015],[-43.773684,-22.3774766],[-43.7749406,-22.3757796],[-43.7747429,-22.3749548],[-43.7758585,-22.3730255],[-43.7731665,-22.3701448],[-43.7745513,-22.3666807],[-43.7762801,-22.3683847],[-43.777642,-22.3679842],[-43.7786008,-22.3682993],[-43.7804027,-22.367364],[-43.7813822,-22.3645789],[-43.7835411,-22.3629269],[-43.7827926,-22.3610333],[-43.7839679,-22.3615298],[-43.7851752,-22.3608683],[-43.786919,-22.3613081],[-43.7887107,-22.3625576],[-43.7913922,-22.3624598],[-43.7926382,-22.3637838],[-43.7953143,-22.3630572],[-43.796354,-22.3635757],[-43.7979564,-22.3631988],[-43.798487,-22.3626486],[-43.7975006,-22.3603101],[-43.7957063,-22.3581226],[-43.7962251,-22.3570195],[-43.7989488,-22.3547074],[-43.8034053,-22.3570012],[-43.8041121,-22.355727],[-43.8060477,-22.3550704],[-43.8066498,-22.3530438],[-43.8061455,-22.3527409],[-43.8073779,-22.3519659],[-43.8095254,-22.3518682],[-43.8110114,-22.3524957],[-43.8116206,-22.3532657],[-43.8115274,-22.3544454],[-43.8135983,-22.3554885],[-43.8120607,-22.3589953],[-43.8140512,-22.3612653],[-43.8162489,-22.3624984],[-43.8182831,-22.3628669],[-43.8180188,-22.3650801],[-43.81938,-22.3658895],[-43.8188111,-22.3667253],[-43.8195448,-22.3678076],[-43.8210108,-22.3677012],[-43.8217217,-22.3689395],[-43.8239285,-22.3696627],[-43.8256335,-22.3711842],[-43.8260077,-22.3722488],[-43.8289314,-22.3739105],[-43.8300267,-22.3753328],[-43.8339192,-22.3756828],[-43.8363557,-22.3743705],[-43.8381928,-22.3741399],[-43.8372571,-22.3761166],[-43.8358958,-22.3771477],[-43.8356142,-22.3794653],[-43.8377383,-22.3818485],[-43.8360796,-22.3831875],[-43.8363181,-22.3862556],[-43.8395528,-22.3840648],[-43.8405878,-22.3838727],[-43.8418486,-22.3846796],[-43.8431599,-22.3840906],[-43.8447953,-22.3843924],[-43.8451756,-22.3796623],[-43.8447097,-22.3769071],[-43.8451734,-22.3752014],[-43.8457803,-22.3748974],[-43.8456206,-22.3729923],[-43.8466142,-22.3707145],[-43.8477244,-22.3696616],[-43.8478803,-22.3679073],[-43.8499841,-22.3700494],[-43.8524669,-22.3705436],[-43.8524447,-22.3736914],[-43.8540337,-22.3731773],[-43.8566645,-22.37468],[-43.8581953,-22.3735213],[-43.8584387,-22.3719192],[-43.8553007,-22.3675311],[-43.8554725,-22.3659185],[-43.8570523,-22.3643802],[-43.8578784,-22.3617354],[-43.8548127,-22.3581139],[-43.8525893,-22.3563783],[-43.8524065,-22.351413],[-43.851229,-22.3493069],[-43.8513586,-22.3485445],[-43.8497386,-22.3475283],[-43.8502105,-22.3466719],[-43.8487705,-22.3416228],[-43.849267,-22.340686],[-43.8485578,-22.3387803],[-43.8486814,-22.3381735],[-43.8502994,-22.3376024],[-43.8502017,-22.3367782],[-43.8459266,-22.3326834],[-43.8449751,-22.3327134],[-43.8426505,-22.329308],[-43.8429751,-22.3285017],[-43.8416671,-22.3280194],[-43.8425481,-22.3271338],[-43.8411296,-22.3262587],[-43.8406742,-22.3249064],[-43.8392427,-22.324328],[-43.8377689,-22.3228552],[-43.8367745,-22.3229458],[-43.8373387,-22.3232555],[-43.8353302,-22.3244355],[-43.8336058,-22.3218222],[-43.8329711,-22.3221228],[-43.8330691,-22.3229963],[-43.832524,-22.3235607],[-43.8315556,-22.3234759],[-43.8307346,-22.3226679],[-43.8312333,-22.3217521],[-43.8305558,-22.322308],[-43.8298467,-22.3214752],[-43.8298291,-22.3204274],[-43.8290623,-22.3206222],[-43.8291434,-22.3189651],[-43.8287279,-22.3189727],[-43.8287805,-22.3179389],[-43.8281242,-22.3170551],[-43.8286548,-22.316853],[-43.8285187,-22.3156315],[-43.8267749,-22.3136625],[-43.8303452,-22.3110337],[-43.8321194,-22.3111877],[-43.8332955,-22.3095779],[-43.8344951,-22.3091119],[-43.8395852,-22.3122595],[-43.8425581,-22.3122915],[-43.8460597,-22.3151817],[-43.8495854,-22.3145336],[-43.8516109,-22.3148675],[-43.8539487,-22.3140177],[-43.8570725,-22.3149211],[-43.8585431,-22.3160834],[-43.860081,-22.3185812],[-43.8663417,-22.3216373],[-43.8682378,-22.3250623],[-43.8706837,-22.3259683],[-43.8758018,-22.3254245],[-43.8794921,-22.3279391],[-43.8845853,-22.3294431],[-43.88689,-22.33083],[-43.8868983,-22.3331069],[-43.8875207,-22.3342619],[-43.8873739,-22.3381339],[-43.8860574,-22.3388766],[-43.8883846,-22.3403721],[-43.8894993,-22.3423005],[-43.8920361,-22.3434248],[-43.8929247,-22.3449642],[-43.8974075,-22.3454691],[-43.899937,-22.3483098],[-43.9028674,-22.3489584],[-43.9072733,-22.3480494],[-43.9079857,-22.3488265],[-43.912633,-22.3503868],[-43.9127052,-22.3523867],[-43.9141201,-22.3532205],[-43.9143945,-22.3540302],[-43.9127226,-22.3558062],[-43.9096849,-22.3564919],[-43.9098735,-22.3586225],[-43.9108967,-22.3607875],[-43.9504078,-22.3497707],[-43.9513695,-22.3471308],[-43.9510086,-22.3447773],[-43.951699,-22.3437382],[-43.9532741,-22.3437343],[-43.9601826,-22.3394198],[-43.9623835,-22.3399172],[-43.964009,-22.3411675],[-43.9645028,-22.3424561],[-43.9664315,-22.3434176],[-43.9677555,-22.3388413],[-43.9660009,-22.3366357],[-43.966727,-22.3351024],[-43.9685208,-22.3339384],[-43.9692653,-22.3323052],[-43.9706385,-22.3315754],[-43.9705175,-22.3267677],[-43.9713767,-22.324248],[-43.9710591,-22.3232012],[-43.9698506,-22.3230622],[-43.9705275,-22.3213748],[-43.9698407,-22.3195934],[-43.9711264,-22.3186002],[-43.9719141,-22.3165587],[-43.9716179,-22.3147959],[-43.9726578,-22.3138281],[-43.972675,-22.3126644],[-43.9748108,-22.3118714],[-43.9767508,-22.3130465],[-43.9772926,-22.311537],[-43.981614,-22.3114079],[-43.983565,-22.3101447],[-43.9858248,-22.3098337],[-43.9877979,-22.3082956],[-43.9909985,-22.3093058],[-43.9945956,-22.3088541],[-43.995962,-22.3091716],[-43.9977165,-22.3081071],[-44.0000872,-22.3082593],[-44.0006461,-22.309038],[-44.0012251,-22.3084395],[-44.0029393,-22.3081845],[-44.0041563,-22.3097258],[-44.006664,-22.3093813],[-44.0084714,-22.3103301],[-44.0114513,-22.3074869],[-44.0125062,-22.3069974],[-44.0144621,-22.3071572],[-44.0164943,-22.3055024],[-44.0179778,-22.3050689],[-44.0173385,-22.3020064],[-44.0176617,-22.3003371],[-44.0183936,-22.2991303],[-44.0211005,-22.297406],[-44.022368,-22.2941331],[-44.0264385,-22.2972652],[-44.0270045,-22.2984474],[-44.0303597,-22.2999497],[-44.0328925,-22.3020517],[-44.0353303,-22.3030524],[-44.0406486,-22.3034037],[-44.0436374,-22.3060768],[-44.0456801,-22.3058759],[-44.0479094,-22.306567],[-44.049783,-22.308864],[-44.0512982,-22.3095959],[-44.0515127,-22.3133455],[-44.062986,-22.3149194],[-44.0659241,-22.3168302],[-44.0673049,-22.3156559],[-44.069532,-22.3167221],[-44.0698301,-22.3180798],[-44.0710782,-22.3187593],[-44.0706029,-22.3191811],[-44.0718205,-22.3198361],[-44.0738474,-22.3198229],[-44.0741234,-22.3190006],[-44.0789996,-22.3202557],[-44.081128,-22.3217078],[-44.0841546,-22.3211926],[-44.0852705,-22.3218321],[-44.0849379,-22.3236199],[-44.0866829,-22.3241261],[-44.0875325,-22.3259071],[-44.0897984,-22.3256845],[-44.0929106,-22.3289455],[-44.0948485,-22.3298423],[-44.096588,-22.3292013],[-44.0993237,-22.3299814],[-44.099525,-22.328462],[-44.1027228,-22.327544],[-44.1086912,-22.3293814],[-44.1128149,-22.3285767],[-44.1156686,-22.3289431],[-44.1195406,-22.3305175],[-44.1202594,-22.3330877],[-44.1227727,-22.3361034],[-44.1232574,-22.3387469],[-44.1241873,-22.3391311],[-44.126129,-22.3388253],[-44.1293667,-22.337254],[-44.1318026,-22.3379524],[-44.1332453,-22.3370157],[-44.1373501,-22.3367868],[-44.1386318,-22.3369897],[-44.1404848,-22.3386972],[-44.1425183,-22.3358166],[-44.1441175,-22.3354562],[-44.1453143,-22.3340311],[-44.1460255,-22.3319729],[-44.1480919,-22.3313861],[-44.1464127,-22.3303811],[-44.1457401,-22.3292008],[-44.1474906,-22.3249537],[-44.146944,-22.3236101],[-44.1481198,-22.3200419],[-44.1494557,-22.3189389],[-44.1538961,-22.3198121],[-44.1543476,-22.317618],[-44.1551351,-22.3167984],[-44.154383,-22.3153841],[-44.1580953,-22.3135262],[-44.1575596,-22.3115371],[-44.1559987,-22.3112133],[-44.1553804,-22.3103779],[-44.1534778,-22.3098027],[-44.1528921,-22.3087086],[-44.1487169,-22.3068659],[-44.1473977,-22.3048873],[-44.147474,-22.3040346],[-44.1458241,-22.3024005],[-44.1459562,-22.300203],[-44.1453614,-22.2991987],[-44.1483087,-22.296721],[-44.1473972,-22.2958483],[-44.148192,-22.294511],[-44.1499547,-22.293773],[-44.1505536,-22.2940629],[-44.1509368,-22.2934177],[-44.1493529,-22.2900336],[-44.1507786,-22.2881591],[-44.1494638,-22.2860773],[-44.1491994,-22.2843474],[-44.1465369,-22.2826346],[-44.1471239,-22.2817182],[-44.1470644,-22.28035],[-44.1501292,-22.2792776],[-44.1519289,-22.2796327],[-44.1520006,-22.2782283],[-44.1533824,-22.2771029],[-44.154005,-22.2747526],[-44.157887,-22.2744197],[-44.1612458,-22.2717158],[-44.1625661,-22.2716233],[-44.1632312,-22.2727116],[-44.1671897,-22.2727908],[-44.168002,-22.2717359],[-44.1677496,-22.2688837],[-44.169122,-22.2680716],[-44.1631721,-22.2653786],[-44.1613213,-22.2630228],[-44.1592269,-22.2615089],[-44.1587806,-22.2584497],[-44.1557861,-22.2571177],[-44.1568943,-22.253412],[-44.1566568,-22.2515767],[-44.1574729,-22.2507718],[-44.1591199,-22.2508239],[-44.1598628,-22.2501464],[-44.163109,-22.2517882],[-44.1645726,-22.2517426],[-44.1652449,-22.2502824],[-44.1678182,-22.2480156],[-44.1681269,-22.2465903],[-44.1700485,-22.2449527],[-44.1715257,-22.2449446],[-44.1740954,-22.2417989],[-44.1780223,-22.2417789],[-44.1796885,-22.2433835],[-44.1803594,-22.24097],[-44.1829463,-22.2388179],[-44.1866535,-22.2412268],[-44.1891718,-22.2403874],[-44.188038,-22.2400658],[-44.1869665,-22.2383096],[-44.1845289,-22.2362931],[-44.1842208,-22.2337358],[-44.1820914,-22.2328422],[-44.1807049,-22.2335714],[-44.1811621,-22.2291372],[-44.1803557,-22.228378],[-44.1798627,-22.2288573],[-44.1772882,-22.2265635],[-44.1749671,-22.2278508],[-44.1746634,-22.2299997],[-44.1738579,-22.2305896],[-44.1677093,-22.2288573],[-44.1667438,-22.2272003],[-44.1654498,-22.2282616],[-44.1650389,-22.2299596],[-44.1668848,-22.2306059],[-44.1673314,-22.2314902],[-44.1659066,-22.232852],[-44.1646555,-22.2332462],[-44.1632724,-22.2327738],[-44.1643542,-22.2308224],[-44.1632348,-22.2293937],[-44.1597619,-22.2289897],[-44.1586128,-22.2280565],[-44.1590821,-22.2260911],[-44.1583837,-22.2249066],[-44.1544285,-22.2271902],[-44.1532553,-22.227036],[-44.1522693,-22.2245505],[-44.1504343,-22.2229689],[-44.151968,-22.2213187],[-44.151434,-22.2197987],[-44.1520206,-22.2186301],[-44.1507969,-22.2161489],[-44.1488732,-22.2145265],[-44.1484144,-22.2125888],[-44.1478667,-22.2126641],[-44.1477582,-22.2134962],[-44.1455866,-22.2135748],[-44.1457715,-22.2148209],[-44.144676,-22.2153824],[-44.1442172,-22.2170599],[-44.1430875,-22.2176487],[-44.1424644,-22.2197371],[-44.141684,-22.2203866],[-44.1402665,-22.218936],[-44.1400268,-22.2176898],[-44.138363,-22.2155262],[-44.1351312,-22.2154303],[-44.1340152,-22.2147251],[-44.1340426,-22.2138966],[-44.1358639,-22.2120616],[-44.1336096,-22.2103022],[-44.1297016,-22.2108771],[-44.1275105,-22.2122875],[-44.1266957,-22.2113016],[-44.1269011,-22.2092132],[-44.1263534,-22.2084601],[-44.1213924,-22.2089523],[-44.1204522,-22.2072157],[-44.1216136,-22.2072046],[-44.1230627,-22.2056449],[-44.1233835,-22.2023485],[-44.1246224,-22.2015963],[-44.125275,-22.1999814],[-44.1250317,-22.1992623],[-44.1222552,-22.197758],[-44.1219234,-22.1972712],[-44.1225981,-22.1968067],[-44.1224433,-22.1961319],[-44.1210276,-22.1954396],[-44.1214809,-22.1943399],[-44.121138,-22.1915081],[-44.1231733,-22.1897272],[-44.1232839,-22.1876919],[-44.1212265,-22.1865746],[-44.1196004,-22.1866742],[-44.1179522,-22.1882007],[-44.1186491,-22.1897604],[-44.1172885,-22.1899042],[-44.1141692,-22.188079],[-44.1118241,-22.188433],[-44.1117024,-22.1875702],[-44.1084835,-22.1835991],[-44.1053973,-22.1844508],[-44.1038376,-22.1840858],[-44.1031186,-22.1800925],[-44.1050212,-22.1788315],[-44.1052424,-22.1778913],[-44.1016142,-22.1758338],[-44.1012934,-22.173721],[-44.1004195,-22.1731348],[-44.0993134,-22.1732011],[-44.0984063,-22.1743958],[-44.0952095,-22.1756015],[-44.0896455,-22.1752697],[-44.0906964,-22.1774599],[-44.0907204,-22.1793619],[-44.0894685,-22.1809332],[-44.0888491,-22.1834885],[-44.0872119,-22.1845946],[-44.0867363,-22.1840858],[-44.0870681,-22.182327],[-44.0860505,-22.1786213],[-44.0846788,-22.1771833],[-44.0840483,-22.1754356],[-44.0822784,-22.1759112],[-44.0805418,-22.17444],[-44.0793582,-22.1755573],[-44.0758848,-22.1752143],[-44.0766323,-22.1736151],[-44.0780197,-22.1732454],[-44.0781193,-22.172648],[-44.0770131,-22.1711768],[-44.0744689,-22.1709777],[-44.0729756,-22.1699158],[-44.0719801,-22.164573],[-44.069458,-22.1628142],[-44.0654426,-22.1614426],[-44.062102,-22.1620178],[-44.0614273,-22.1605909],[-44.0603543,-22.1602258],[-44.0562172,-22.1604028],[-44.0544916,-22.1610223],[-44.0538169,-22.1597944],[-44.0522682,-22.1590201],[-44.049901,-22.160082],[-44.0483413,-22.162228],[-44.0459299,-22.1613762],[-44.0444476,-22.1594073],[-44.0414942,-22.1608232],[-44.0398571,-22.1601041],[-44.0396248,-22.1593741],[-44.0402885,-22.1578033],[-44.0395252,-22.1558012],[-44.037324,-22.1535225],[-44.0353771,-22.1533565],[-44.0338174,-22.1522504],[-44.0320144,-22.1537658],[-44.02926,-22.1541862],[-44.0284415,-22.1519849],[-44.0265831,-22.1510004],[-44.0250455,-22.1517969],[-44.0223244,-22.1515424],[-44.0200567,-22.1538654],[-44.0146255,-22.1536884],[-44.0117937,-22.1580909],[-44.011318,-22.1596949],[-44.0091003,-22.1601102],[-44.0077783,-22.1613873],[-44.0060638,-22.1616085],[-44.0043713,-22.1626373],[-44.0017276,-22.1611329],[-44.0004113,-22.1579803],[-43.998022,-22.1559339],[-43.996772,-22.1561883],[-43.9952234,-22.1583011],[-43.9932433,-22.158821],[-43.9929336,-22.1547282],[-43.9897589,-22.1532681],[-43.9896372,-22.151277],[-43.9874581,-22.1497394],[-43.982956,-22.1514982],[-43.9769495,-22.1501819],[-43.9765624,-22.1491863],[-43.9790512,-22.1478257],[-43.9791508,-22.1470404],[-43.97728626522625,-22.146303723452544],[-43.977894,-22.145884],[-43.978439,-22.14338],[-43.978267,-22.140125],[-43.976627,-22.136271],[-43.977727,-22.131601],[-43.977321,-22.12845],[-43.9751,-22.124895],[-43.971669,-22.123651],[-43.968645,-22.121557],[-43.970266,-22.11392],[-43.972872,-22.110159],[-43.971257,-22.104845],[-43.97143,-22.103856],[-43.972937,-22.101878],[-43.978407,-22.098084],[-43.980703,-22.09514],[-43.977681,-22.089836],[-43.976327,-22.081439],[-43.974378,-22.080093],[-43.971465,-22.079793],[-43.970244,-22.077802],[-43.97005,-22.070682],[-43.968274,-22.067323],[-43.970115,-22.062401],[-43.968266,-22.058087],[-43.968526,-22.056419],[-43.970242,-22.054498],[-43.970563,-22.053153],[-43.970356,-22.045803],[-43.969345,-22.044756],[-43.957427,-22.04306],[-43.955429,-22.041909],[-43.950644,-22.037628],[-43.947202,-22.037868],[-43.942219,-22.035312],[-43.935915,-22.035113],[-43.941063,-22.028778],[-43.946271,-22.0261],[-43.954649,-22.022953],[-43.962359,-22.022473],[-43.972302,-22.023592],[-43.973117,-22.022097],[-43.972378,-22.019221],[-43.974118,-22.018026],[-43.978682,-22.018177],[-43.979779,-22.018798],[-43.981432,-22.021444],[-43.984343,-22.022791],[-43.9866,-22.02255],[-43.991289,-22.020492],[-43.997444,-22.021275],[-44.000123,-22.022139],[-44.002491,-22.018674],[-44.002933,-22.016523],[-44.002733,-22.014327],[-44.001139,-22.011259],[-44.000975,-22.007993],[-44.004114,-22.002804],[-44.003964,-22.001045],[-44.001935,-21.997237],[-44.003354,-21.994767],[-44.001136,-21.993191],[-44.000705,-21.991743],[-44.00364,-21.988641],[-44.002087,-21.987652],[-43.999713,-21.988387],[-43.997812,-21.988216],[-43.996118,-21.987322],[-43.996613,-21.983373],[-43.995914,-21.980705],[-43.994552,-21.979407],[-43.991935,-21.978919],[-43.991831,-21.973049],[-43.99089,-21.971878],[-43.988816,-21.971537],[-43.989954,-21.968335],[-43.98958,-21.967231],[-43.985712,-21.965065],[-43.977174,-21.956788],[-43.974592,-21.955631],[-43.970285,-21.955435],[-43.964172,-21.953527],[-43.959988,-21.957566],[-43.955047,-21.959994],[-43.952356,-21.964271],[-43.950902,-21.965172],[-43.942155,-21.965733],[-43.93728,-21.965226],[-43.935689,-21.965471],[-43.932337,-21.967504],[-43.931655,-21.966171],[-43.928779,-21.965774],[-43.928367,-21.96353],[-43.92723,-21.963026],[-43.914285,-21.967428],[-43.912585,-21.968743],[-43.90966,-21.968749],[-43.904705,-21.970992],[-43.90239,-21.973288],[-43.89738,-21.97309],[-43.895754,-21.974176],[-43.894987,-21.973544],[-43.893523,-21.969806],[-43.893122,-21.967125],[-43.892292,-21.965999],[-43.887714,-21.965927],[-43.886713,-21.965146],[-43.883368,-21.964704],[-43.873002,-21.964056],[-43.870691,-21.962437],[-43.867643,-21.962184],[-43.866004,-21.963251],[-43.861415,-21.963789],[-43.859605,-21.965484],[-43.856866,-21.96565],[-43.854051,-21.971145],[-43.850462,-21.972313],[-43.850146,-21.974673],[-43.848432,-21.975493],[-43.84569,-21.974002],[-43.84016,-21.972975],[-43.839233,-21.972194],[-43.833285,-21.971904],[-43.831047,-21.969709],[-43.82678,-21.970832],[-43.824003,-21.970652],[-43.82086,-21.972372],[-43.820159,-21.973881],[-43.818803,-21.974884],[-43.818584,-21.976266],[-43.81592,-21.977432],[-43.815999,-21.979987],[-43.814381,-21.97923],[-43.81327,-21.979243],[-43.812556,-21.979981],[-43.811868,-21.982249],[-43.812969,-21.983836],[-43.810296,-21.98636],[-43.81045,-21.989859],[-43.807576,-21.991049],[-43.806334,-21.993721],[-43.80325,-21.994427],[-43.801904,-21.99421],[-43.800582,-21.993061],[-43.799066,-21.994168],[-43.794647,-21.994255],[-43.792968,-21.993336],[-43.78592,-21.992816],[-43.785776,-21.995682],[-43.786804,-21.998017],[-43.788594,-21.998348],[-43.789409,-22.000379],[-43.790617,-22.000587],[-43.789763,-22.0023],[-43.79044,-22.003164],[-43.789107,-22.003921],[-43.788868,-22.006646],[-43.787325,-22.007231],[-43.786867,-22.008334],[-43.784361,-22.009676],[-43.783915,-22.011056],[-43.784875,-22.011851],[-43.784552,-22.013369],[-43.783836,-22.013989],[-43.781098,-22.013375],[-43.780714,-22.014168],[-43.778739,-22.01512],[-43.77849,-22.016431],[-43.77685,-22.016014],[-43.775813,-22.016956],[-43.774518,-22.016804],[-43.773631,-22.015986],[-43.769659,-22.016106],[-43.769214,-22.016704],[-43.7695114,-22.019862],[-43.765884,-22.0206929],[-43.7640881,-22.0200925],[-43.7589462,-22.0205499],[-43.7581263,-22.0200989],[-43.7585553,-22.0194641],[-43.75764,-22.018318],[-43.754473,-22.017094],[-43.753222,-22.019496],[-43.75004,-22.021463],[-43.750969,-22.023817],[-43.749452,-22.025161],[-43.74848,-22.027255],[-43.748643,-22.032409],[-43.745841,-22.032732],[-43.744437,-22.034786],[-43.741282,-22.036833],[-43.740918,-22.038269],[-43.73972,-22.038541],[-43.738405,-22.040031],[-43.735071,-22.040593],[-43.733137,-22.045417],[-43.730528,-22.049318],[-43.725364,-22.050713],[-43.724814,-22.055002],[-43.726791,-22.059921],[-43.723494,-22.063083],[-43.720796,-22.067467],[-43.716691,-22.069003],[-43.714974,-22.07201],[-43.711581,-22.074551],[-43.708888,-22.0757739],[-43.7094349,-22.0762459],[-43.7084615,-22.0756154],[-43.7056322,-22.0757841],[-43.7029417,-22.0781817],[-43.701371,-22.0782591],[-43.6989927,-22.0771197],[-43.6979031,-22.0773299],[-43.6959397,-22.0766994],[-43.6947561,-22.0751618],[-43.6937274,-22.0721863],[-43.6918911,-22.0709363],[-43.6901655,-22.0708478],[-43.6879311,-22.0731044],[-43.686305,-22.072673],[-43.6846458,-22.0731154],[-43.6820684,-22.0715779],[-43.6812941,-22.071777],[-43.6809622,-22.07285],[-43.6820905,-22.0740778],[-43.6803096,-22.075007],[-43.6809401,-22.0763897],[-43.680199,-22.0805267],[-43.6784555,-22.0833867],[-43.6757854,-22.0853828],[-43.6738275,-22.0898296],[-43.6720908,-22.0903495],[-43.6684486,-22.0861289],[-43.6671147,-22.0869236],[-43.6672338,-22.0880853],[-43.6666503,-22.0885473],[-43.6651465,-22.0880166],[-43.664197,-22.0884546],[-43.6632063,-22.0904073],[-43.6613882,-22.0921836],[-43.6606971,-22.095804],[-43.6619794,-22.0973957],[-43.6621064,-22.0993048],[-43.6613473,-22.1013403],[-43.6590916,-22.1045127],[-43.6619335,-22.1083496],[-43.660937,-22.1099771],[-43.6602499,-22.113309],[-43.6644204,-22.1471829],[-43.6628958,-22.1485066],[-43.6640306,-22.1500073],[-43.6626668,-22.1507793],[-43.6631259,-22.1519605]],[[-43.76068027207665,-22.07922385208746],[-43.7612034,-22.0793653],[-43.76146377803842,-22.080093523467447],[-43.76068027207665,-22.07922385208746]],[[-43.7612365,-22.0805267],[-43.7592344,-22.0821749],[-43.761327234203215,-22.08035376676014],[-43.7612365,-22.0805267]],[[-43.74541772920986,-22.08969594442659],[-43.7452967,-22.0895973],[-43.7454958,-22.0884469],[-43.74541772920986,-22.08969594442659]],[[-43.7470555,-22.0911957],[-43.74702144864738,-22.092010739324916],[-43.746929745975144,-22.09109400266974],[-43.7470555,-22.0911957]],[[-43.746967,-22.093314],[-43.74676350327657,-22.09328119221653],[-43.74697203218735,-22.093193551610504],[-43.746967,-22.093314]],[[-43.743215925813594,-22.092709251050643],[-43.744445,-22.0926171],[-43.745520960072476,-22.093080869146426],[-43.743215925813594,-22.092709251050643]],[[-43.7410933,-22.0954378],[-43.7426751,-22.0927498],[-43.7428699247511,-22.092735192821927],[-43.7410933,-22.0954378]],[[-43.737202447373626,-22.094399418794286],[-43.7374872,-22.0942985],[-43.73762686301335,-22.09434262469735],[-43.737202447373626,-22.094399418794286]],[[-43.73572225192392,-22.09513742852497],[-43.7357395,-22.0949179],[-43.73602361376329,-22.094817207624317],[-43.73572225192392,-22.09513742852497]],[[-43.7359054,-22.0966214],[-43.73558600051453,-22.09687159706569],[-43.73568210512458,-22.0956484053782],[-43.7359054,-22.0966214]],[[-43.7352417,-22.0971413],[-43.73377303217043,-22.096785910333328],[-43.7354110811127,-22.09700861770304],[-43.7352417,-22.0971413]],[[-43.7314476,-22.0962232],[-43.73096669240788,-22.095394529834305],[-43.73170703308647,-22.096285977870032],[-43.7314476,-22.0962232]],[[-43.71967802337162,-22.080627586849445],[-43.7198218,-22.0806484],[-43.7228305,-22.0835466],[-43.71967802337162,-22.080627586849445]],[[-43.7148551,-22.0824404],[-43.7189811,-22.0805267],[-43.71935908535599,-22.08058141728063],[-43.7148551,-22.0824404]],[[-43.7119348,-22.0820311],[-43.71153630190227,-22.081833201915913],[-43.7148551,-22.0824404],[-43.7119348,-22.0820311]]],[[[-42.6665117,-21.8813587],[-42.6659106,-21.8842343],[-42.6640157,-21.8873559],[-42.6631583,-21.890728],[-42.668434,-21.8931422],[-42.6700218,-21.8979793],[-42.6666092,-21.8992372],[-42.6630842,-21.9049449],[-42.6622142,-21.9055203],[-42.6634677,-21.9154611],[-42.6648368,-21.9172075],[-42.6673402,-21.9182755],[-42.6678339,-21.9199434],[-42.6713487,-21.9232947],[-42.670621,-21.927869],[-42.6744672,-21.9319403],[-42.6739327,-21.934264],[-42.6727573,-21.935631],[-42.6753479,-21.9384499],[-42.6758168,-21.9404408],[-42.6767926,-21.9412361],[-42.6770767,-21.9446781],[-42.6798497,-21.9456369],[-42.6802961,-21.9478469],[-42.6815019,-21.9489732],[-42.6853136,-21.9484561],[-42.6894748,-21.9497992],[-42.6914757,-21.9534449],[-42.6945753,-21.9558865],[-42.6958681,-21.957933],[-42.6992478,-21.9597751],[-42.6989883,-21.961379],[-42.6970723,-21.9630619],[-42.6937275,-21.9632951],[-42.6914655,-21.9626162],[-42.688584,-21.9626998],[-42.6880917,-21.9628844],[-42.6876553,-21.9651508],[-42.6881096,-21.9656525],[-42.6896342,-21.9654811],[-42.691875,-21.9679103],[-42.6907691,-21.970456],[-42.6922904,-21.9722899],[-42.6928272,-21.9757961],[-42.6937449,-21.9766489],[-42.6964293,-21.9764669],[-42.6981722,-21.9793755],[-42.6989278,-21.9820487],[-42.6982875,-21.9837792],[-42.6987807,-21.9859292],[-42.6975592,-21.9899006],[-42.7024386,-21.9930617],[-42.7018588,-21.9940379],[-42.6993417,-21.9948849],[-42.6971403,-22.0009804],[-42.6998816,-22.0031632],[-42.699762,-22.0049849],[-42.7018921,-22.0064948],[-42.7025087,-22.0094806],[-42.7063063,-22.0099417],[-42.7068468,-22.0112737],[-42.7094094,-22.0132946],[-42.708956,-22.01627],[-42.7076095,-22.0170154],[-42.7068861,-22.0194412],[-42.7077356,-22.0206984],[-42.7080991,-22.0233529],[-42.711928,-22.0253547],[-42.7147191,-22.024782],[-42.715322,-22.0253695],[-42.714139,-22.0298554],[-42.7125805,-22.0303958],[-42.7107082,-22.0328602],[-42.7132808,-22.0351407],[-42.712871,-22.0393778],[-42.712207,-22.0403182],[-42.7130289,-22.0413193],[-42.7133726,-22.044339],[-42.716157,-22.0469309],[-42.717297,-22.0489534],[-42.7174608,-22.0523733],[-42.7188729,-22.0527111],[-42.722245,-22.0520359],[-42.7263363,-22.0525073],[-42.7308481,-22.0508805],[-42.7329699,-22.0496652],[-42.7336346,-22.0486798],[-42.7364109,-22.0476259],[-42.7428683,-22.0476086],[-42.7424937,-22.0483274],[-42.7428515,-22.0518998],[-42.7382856,-22.0586717],[-42.7363295,-22.0599166],[-42.7363303,-22.0615411],[-42.7383289,-22.0644614],[-42.7352817,-22.065856],[-42.7341091,-22.0673023],[-42.7350937,-22.0719846],[-42.7348261,-22.0733478],[-42.733302,-22.0746777],[-42.7337322,-22.0772887],[-42.7321105,-22.079731],[-42.7321879,-22.0831909],[-42.7334278,-22.0857089],[-42.7326419,-22.0891332],[-42.7339121,-22.0916109],[-42.7345099,-22.0948351],[-42.7364557,-22.0960722],[-42.7397047,-22.096457],[-42.7422153,-22.0979753],[-42.744796,-22.0978866],[-42.747651,-22.098956],[-42.7495885,-22.1005102],[-42.7541084,-22.0995483],[-42.759399,-22.1007648],[-42.7605813,-22.1053148],[-42.7597461,-22.1069444],[-42.758149,-22.1077974],[-42.7578029,-22.1111875],[-42.7565839,-22.1123892],[-42.7558599,-22.1142014],[-42.7555627,-22.1182404],[-42.7617635,-22.1182116],[-42.7655393,-22.1228001],[-42.7690463,-22.1241804],[-42.7700881,-22.1236153],[-42.7715573,-22.1211161],[-42.773044,-22.120303],[-42.7760704,-22.1208504],[-42.7777002,-22.1219715],[-42.7791964,-22.1222129],[-42.7816759,-22.121064],[-42.784281,-22.122242],[-42.7859526,-22.1210375],[-42.7937806,-22.1221539],[-42.793648,-22.1228509],[-42.7947812,-22.1233937],[-42.7954339,-22.1250789],[-42.7981043,-22.1252524],[-42.7997348,-22.1263996],[-42.8001033,-22.1281589],[-42.8012395,-22.1291943],[-42.801047,-22.1305875],[-42.8033791,-22.1322624],[-42.8036473,-22.1332487],[-42.8049202,-22.1334781],[-42.8064572,-22.1348623],[-42.8095008,-22.1349182],[-42.8143884,-22.1362462],[-42.8165103,-22.1418671],[-42.8199042,-22.1470947],[-42.8208321,-22.1470145],[-42.8245297,-22.1434755],[-42.8276034,-22.1427485],[-42.831939,-22.1462097],[-42.8360319,-22.1523281],[-42.8379363,-22.153064],[-42.8395107,-22.1527053],[-42.8431879,-22.1531497],[-42.8447633,-22.1555687],[-42.8469166,-22.1570425],[-42.8515321,-22.161924],[-42.8535038,-22.1622326],[-42.8562126,-22.1613881],[-42.8636035,-22.1652808],[-42.8669029,-22.1632713],[-42.8694469,-22.1607478],[-42.869975,-22.1584499],[-42.8715671,-22.1581138],[-42.874411,-22.1544837],[-42.8737309,-22.1520089],[-42.8745593,-22.1501369],[-42.873872,-22.1482141],[-42.8735337,-22.1439702],[-42.8726426,-22.1436141],[-42.8713973,-22.1409565],[-42.8708309,-22.1408377],[-42.869,-22.1381759],[-42.8690736,-22.1370165],[-42.8676849,-22.1367386],[-42.8682944,-22.136158],[-42.8659131,-22.1323069],[-42.8644057,-22.1275928],[-42.8646144,-22.1262954],[-42.865322,-22.1261112],[-42.8650893,-22.1252922],[-42.8664214,-22.1252366],[-42.8673904,-22.1240126],[-42.866715,-22.1208296],[-42.8670528,-22.1178334],[-42.8680299,-22.1155371],[-42.8677957,-22.1142478],[-42.8684587,-22.1136314],[-42.8679109,-22.1134442],[-42.8693425,-22.1111266],[-42.8687505,-22.110339],[-42.8695314,-22.1094714],[-42.8696754,-22.1069885],[-42.8709966,-22.1064583],[-42.8708375,-22.1043736],[-42.8718244,-22.1034208],[-42.8718875,-22.1016935],[-42.873055,-22.1009158],[-42.8737417,-22.1017753],[-42.8759584,-22.102109],[-42.8788056,-22.0995889],[-42.8805106,-22.1005071],[-42.884186,-22.0999455],[-42.8864057,-22.1019861],[-42.8870075,-22.1039017],[-42.8889366,-22.1036409],[-42.8922443,-22.1058078],[-42.8948076,-22.1082615],[-42.8955926,-22.1103928],[-42.8989215,-22.1112808],[-42.9016641,-22.1104887],[-42.9020779,-22.1121468],[-42.9041058,-22.1125878],[-42.9058442,-22.1121055],[-42.9072976,-22.1107293],[-42.9116079,-22.1096569],[-42.9126739,-22.1088782],[-42.9148939,-22.1006313],[-42.91681,-22.0989782],[-42.9199863,-22.0998216],[-42.9207089,-22.0995271],[-42.922055,-22.1008857],[-42.9227163,-22.1005658],[-42.922736,-22.1012364],[-42.9242024,-22.1021197],[-42.9259762,-22.1027564],[-42.9272912,-22.1025739],[-42.9289769,-22.1035436],[-42.9294708,-22.1019442],[-42.931516,-22.1004378],[-42.9323165,-22.0970958],[-42.9337684,-22.0964845],[-42.9350678,-22.0945854],[-42.9372196,-22.0956541],[-42.9380578,-22.0954509],[-42.9401848,-22.0932433],[-42.9411695,-22.0938371],[-42.9417396,-22.0951057],[-42.9437398,-22.0958778],[-42.9454898,-22.0948762],[-42.9459329,-22.0940178],[-42.9487392,-22.0949717],[-42.9486649,-22.0927663],[-42.9494692,-22.0922824],[-42.9502849,-22.0904101],[-42.951196,-22.0905145],[-42.9517358,-22.0889116],[-42.9531467,-22.0878909],[-42.9534931,-22.0865632],[-42.9543026,-22.0858921],[-42.9542278,-22.0848822],[-42.9550371,-22.0845172],[-42.9567089,-22.0842632],[-42.9574329,-22.0849069],[-42.9566615,-22.0850054],[-42.9568461,-22.08531],[-42.9590239,-22.0855886],[-42.9608273,-22.0866146],[-42.9603923,-22.0875752],[-42.9669487,-22.0895286],[-42.9684375,-22.0877734],[-42.9695729,-22.0884394],[-43.016272,-22.0858489],[-43.0130648,-22.081665],[-43.0127454,-22.0768925],[-43.0134787,-22.0753374],[-43.0108861,-22.0757697],[-43.0085987,-22.0727697],[-43.0073127,-22.0720298],[-43.0065821,-22.0704058],[-43.0067211,-22.0692709],[-43.0078008,-22.0679139],[-43.0076531,-22.0662816],[-43.0087266,-22.0638628],[-43.0083378,-22.063565],[-43.0089127,-22.0622125],[-43.0081007,-22.0616112],[-43.0081686,-22.0602026],[-43.010097,-22.0560275],[-43.0094171,-22.0555505],[-43.009664,-22.0551984],[-43.0088382,-22.0550193],[-43.0076744,-22.0528793],[-43.0068541,-22.052298],[-43.0062867,-22.0527428],[-43.0058321,-22.0524207],[-43.0056381,-22.0512639],[-43.0046944,-22.0503274],[-43.0053342,-22.0496864],[-43.0038848,-22.048488],[-43.0046271,-22.0466882],[-43.005558,-22.0469719],[-43.0069159,-22.0457408],[-43.0094903,-22.0447518],[-43.0083103,-22.0436302],[-43.0080566,-22.0420428],[-43.0088237,-22.0400555],[-43.0099694,-22.0399319],[-43.0100305,-22.0391815],[-43.0075606,-22.0371247],[-43.0075647,-22.0357888],[-43.0064729,-22.0345824],[-43.0057386,-22.0347534],[-43.0022142,-22.0328366],[-42.9999588,-22.0350774],[-42.9950981,-22.0362322],[-42.9903417,-22.0336569],[-42.9898043,-22.0342283],[-42.9897618,-22.0332688],[-42.986635,-22.0305301],[-42.9852955,-22.0272214],[-42.9842606,-22.0260023],[-42.9779542,-22.0223947],[-42.9689855,-22.014895],[-42.9648202,-22.0136999],[-42.9615487,-22.01515],[-42.9592083,-22.0150036],[-42.9557408,-22.0124519],[-42.9502282,-22.0096191],[-42.9470947,-22.0059204],[-42.9384922,-22.0037027],[-42.9294926,-21.999022],[-42.909652788053535,-21.99051097421832],[-42.9085923,-21.9865257],[-42.91113,-21.9840346],[-42.912222,-21.981604],[-42.91022,-21.979619],[-42.909669,-21.977632],[-42.912695,-21.973912],[-42.916419,-21.974142],[-42.91785,-21.975149],[-42.920052,-21.975025],[-42.92278,-21.978585],[-42.925157,-21.979769],[-42.927768,-21.979109],[-42.931314,-21.974853],[-42.932444,-21.969826],[-42.927004,-21.965435],[-42.924566,-21.962484],[-42.921148,-21.960915],[-42.917083,-21.956854],[-42.917319,-21.954734],[-42.921783,-21.949303],[-42.92058,-21.945695],[-42.921603,-21.94358],[-42.919443,-21.94133],[-42.921109,-21.9386],[-42.920618,-21.936785],[-42.921113,-21.932912],[-42.919835,-21.929396],[-42.911796,-21.924403],[-42.909045,-21.920728],[-42.907121,-21.919982],[-42.906363,-21.917707],[-42.904356,-21.916525],[-42.907669,-21.913702],[-42.907563,-21.908025],[-42.90322,-21.907046],[-42.901817,-21.905547],[-42.89927,-21.904315],[-42.89643,-21.904481],[-42.89388,-21.903742],[-42.890885,-21.901648],[-42.885016,-21.901003],[-42.886593,-21.898651],[-42.891583,-21.89679],[-42.893641,-21.892606],[-42.899218,-21.891059],[-42.897805,-21.887633],[-42.895421,-21.88599],[-42.895029,-21.884244],[-42.895876,-21.880935],[-42.895168,-21.880209],[-42.892998,-21.879679],[-42.892701,-21.878278],[-42.893234,-21.875873],[-42.891262,-21.875024],[-42.891559,-21.873065],[-42.890482,-21.870845],[-42.889067,-21.869391],[-42.883983,-21.867455],[-42.88242,-21.866195],[-42.880344,-21.866148],[-42.881057,-21.862678],[-42.880388,-21.858511],[-42.879581,-21.857887],[-42.8752,-21.857412],[-42.876205,-21.852682],[-42.877839,-21.850892],[-42.879665,-21.851523],[-42.885085,-21.851087],[-42.883701,-21.848774],[-42.883161,-21.845445],[-42.887168,-21.84164],[-42.887557,-21.84053],[-42.886843,-21.83907],[-42.882506,-21.83418],[-42.881513,-21.831807],[-42.876137,-21.8318],[-42.872096,-21.830181],[-42.866167,-21.833078],[-42.864322,-21.833376],[-42.862696,-21.832482],[-42.861007,-21.829971],[-42.858529,-21.827914],[-42.856747,-21.828144],[-42.854794,-21.829839],[-42.853156,-21.830459],[-42.848813,-21.83144],[-42.846391,-21.831734],[-42.843424,-21.831107],[-42.841733,-21.833905],[-42.839095,-21.83672],[-42.835558,-21.838359],[-42.833903,-21.84274],[-42.833691,-21.844779],[-42.831588,-21.846738],[-42.83074,-21.848372],[-42.829076,-21.849129],[-42.825361,-21.848313],[-42.822757,-21.849878],[-42.811316,-21.841201],[-42.808974,-21.840749],[-42.805671,-21.842102],[-42.802921,-21.842003],[-42.798142,-21.839024],[-42.796338,-21.838816],[-42.792704,-21.83565],[-42.79147,-21.83634],[-42.789315,-21.840144],[-42.788133,-21.840491],[-42.784368,-21.838275],[-42.780203,-21.83843],[-42.778078,-21.835399],[-42.777649,-21.833848],[-42.77952,-21.831717],[-42.776881,-21.828511],[-42.774298,-21.827438],[-42.772725,-21.826028],[-42.772028,-21.824211],[-42.771692,-21.820127],[-42.768958,-21.81809],[-42.770362,-21.816001],[-42.770473,-21.814465],[-42.769602,-21.812808],[-42.767867,-21.811718],[-42.766169,-21.809184],[-42.769184,-21.805272],[-42.771673,-21.805736],[-42.772835,-21.804713],[-42.773385,-21.801942],[-42.772443,-21.800077],[-42.776366,-21.799256],[-42.780255,-21.793458],[-42.784144,-21.790791],[-42.776308,-21.786597],[-42.77329,-21.786255],[-42.771591,-21.783858],[-42.769192,-21.782867],[-42.766769,-21.780361],[-42.763466,-21.780441],[-42.761839,-21.77973],[-42.760244,-21.776681],[-42.758525,-21.775109],[-42.75775,-21.772306],[-42.758065,-21.769762],[-42.759362,-21.768774],[-42.759484,-21.767433],[-42.760437,-21.766442],[-42.760007,-21.763389],[-42.760621,-21.755791],[-42.76738,-21.753259],[-42.770688,-21.747202],[-42.774636,-21.745074],[-42.77409,-21.74365],[-42.772462,-21.742761],[-42.771034,-21.741047],[-42.767877,-21.741734],[-42.764214,-21.740195],[-42.762402,-21.736519],[-42.770858,-21.730865],[-42.775144,-21.729918],[-42.775766,-21.728132],[-42.776739,-21.727356],[-42.776894,-21.725522],[-42.778191,-21.723417],[-42.778048,-21.7225],[-42.77588,-21.721608],[-42.774003,-21.718838],[-42.771127,-21.717016],[-42.767539,-21.718125],[-42.763151,-21.717134],[-42.759145,-21.718563],[-42.754832,-21.71701],[-42.754542,-21.716137],[-42.756476,-21.714459],[-42.757245,-21.712536],[-42.756352,-21.700918],[-42.754703,-21.699272],[-42.75082,-21.697768],[-42.749001,-21.693565],[-42.748773,-21.691361],[-42.746882,-21.691952],[-42.745431,-21.691635],[-42.744302,-21.688663],[-42.742499,-21.686061],[-42.742061,-21.683697],[-42.740528,-21.680784],[-42.742043,-21.678172],[-42.743637,-21.677042],[-42.743531,-21.67502],[-42.741819,-21.673716],[-42.736804,-21.673202],[-42.735137,-21.670968],[-42.732691,-21.670481],[-42.732214,-21.667507],[-42.730743,-21.66495],[-42.728797,-21.664515],[-42.726747,-21.667707],[-42.72247,-21.667696],[-42.721158,-21.668354],[-42.719432,-21.670599],[-42.716154,-21.67132],[-42.714145,-21.673232],[-42.712643,-21.676177],[-42.709853,-21.675897],[-42.706401,-21.676481],[-42.70608,-21.679824],[-42.70015,-21.685663],[-42.694892,-21.686068],[-42.691776,-21.68796],[-42.690251,-21.687539],[-42.688289,-21.684718],[-42.680632,-21.684394],[-42.677672,-21.684987],[-42.67733,-21.685562],[-42.678201,-21.68927],[-42.676957,-21.692397],[-42.673355,-21.692015],[-42.669069,-21.693221],[-42.665063,-21.693139],[-42.661567,-21.690988],[-42.659833,-21.690613],[-42.659133,-21.690879],[-42.658218,-21.693029],[-42.656315,-21.693987],[-42.651803,-21.692976],[-42.647774,-21.693778],[-42.647281,-21.693296],[-42.648177,-21.688379],[-42.64773,-21.686519],[-42.643527,-21.686575],[-42.640077,-21.687536],[-42.636867,-21.686613],[-42.637008,-21.688841],[-42.635333,-21.691957],[-42.634144,-21.693338],[-42.630253,-21.695139],[-42.626219,-21.69377],[-42.624359,-21.692063],[-42.62146,-21.692345],[-42.617895,-21.691801],[-42.618483,-21.696199],[-42.617912,-21.698945],[-42.618394,-21.700058],[-42.622392,-21.701358],[-42.622688,-21.702088],[-42.624975,-21.70226],[-42.627436,-21.703518],[-42.628201,-21.70463],[-42.627517,-21.706228],[-42.623638,-21.708315],[-42.623044,-21.711463],[-42.620415,-21.716856],[-42.621059,-21.718876],[-42.624356,-21.71981],[-42.624554,-21.720545],[-42.623414,-21.72668],[-42.625053,-21.733257],[-42.624181,-21.738439],[-42.626792,-21.740271],[-42.627676,-21.740005],[-42.629731,-21.74077],[-42.629368,-21.74301],[-42.63241,-21.745289],[-42.631705,-21.748552],[-42.63509,-21.749842],[-42.636239,-21.751793],[-42.63628,-21.755549],[-42.639233,-21.757771],[-42.640447,-21.760595],[-42.64268,-21.760987],[-42.646122,-21.760378],[-42.65024,-21.762778],[-42.652542,-21.762059],[-42.65486,-21.762428],[-42.655524,-21.762861],[-42.655628,-21.764017],[-42.654618,-21.765819],[-42.651709,-21.767709],[-42.651183,-21.770597],[-42.647177,-21.771334],[-42.644441,-21.770875],[-42.642456,-21.774113],[-42.635074,-21.779364],[-42.633531,-21.779747],[-42.632127,-21.781265],[-42.630094,-21.781639],[-42.62661,-21.78132],[-42.618949,-21.778955],[-42.616181,-21.779825],[-42.614552,-21.782911],[-42.614865,-21.787331],[-42.612249,-21.789219],[-42.61075,-21.791503],[-42.608859,-21.799584],[-42.608177,-21.800652],[-42.606823,-21.808203],[-42.602914,-21.81486],[-42.602718,-21.817712],[-42.60411,-21.822185],[-42.605836,-21.824354],[-42.605973,-21.827687],[-42.604576,-21.828138],[-42.601677,-21.826935],[-42.599494,-21.827149],[-42.597049,-21.823127],[-42.596016,-21.822386],[-42.59445,-21.82325],[-42.593904,-21.824821],[-42.594,-21.827214],[-42.59644,-21.833058],[-42.59973,-21.833618],[-42.604052,-21.837622],[-42.606897,-21.837532],[-42.607956,-21.838547],[-42.608487,-21.84229],[-42.607808,-21.844228],[-42.6055169,-21.8471755],[-42.6053315,-21.8506589],[-42.6079225,-21.8517542],[-42.6143209,-21.8558872],[-42.6287315,-21.8593717],[-42.6403198,-21.8658168],[-42.6497304,-21.8676317],[-42.665344905163735,-21.873251295604142],[-42.6644815,-21.8770037],[-42.6680931,-21.8801838],[-42.6665117,-21.8813587]],[[-42.90716,-21.9894416],[-42.90668430529127,-21.98882097409477],[-42.90859628761395,-21.990057749031312],[-42.90716,-21.9894416]],[[-42.9000349,-21.9848374],[-42.8975452,-21.9829093],[-42.90295886886675,-21.986411157673942],[-42.9000349,-21.9848374]]],[[[-42.668461,-18.579437],[-42.670698,-18.581527],[-42.671274,-18.582813],[-42.671199,-18.587013],[-42.672666,-18.588437],[-42.674663,-18.588645],[-42.677046,-18.587866],[-42.680607,-18.589429],[-42.684676,-18.587802],[-42.685494,-18.587229],[-42.688073,-18.582687],[-42.691351,-18.575138],[-42.691834,-18.571535],[-42.689911,-18.568092],[-42.689169,-18.563363],[-42.689411,-18.560036],[-42.690231,-18.557764],[-42.691435,-18.556962],[-42.692927,-18.556917],[-42.696799,-18.559283],[-42.701924,-18.559997],[-42.705246,-18.558645],[-42.703854,-18.553021],[-42.705443,-18.551232],[-42.704746,-18.548914],[-42.705445,-18.547514],[-42.707707,-18.546322],[-42.708237,-18.545037],[-42.707564,-18.543659],[-42.704317,-18.542051],[-42.703524,-18.540857],[-42.703167,-18.533261],[-42.699344,-18.529334],[-42.698191,-18.526626],[-42.696901,-18.51072],[-42.697527,-18.50955],[-42.704264,-18.50836],[-42.704,-18.506914],[-42.702918,-18.505147],[-42.699671,-18.503722],[-42.691975,-18.501951],[-42.687668,-18.503165],[-42.687427,-18.50406],[-42.688267,-18.507434],[-42.686894,-18.509453],[-42.683959,-18.509726],[-42.681796,-18.507728],[-42.680308,-18.50044],[-42.681717,-18.496724],[-42.681061,-18.494541],[-42.682471,-18.489731],[-42.682511,-18.486235],[-42.677035,-18.474425],[-42.675648,-18.469322],[-42.675544,-18.465964],[-42.671897,-18.46312],[-42.668835,-18.46239],[-42.668206,-18.46161],[-42.66767,-18.459196],[-42.669711,-18.45604],[-42.667774,-18.452181],[-42.667503,-18.449881],[-42.666389,-18.44763],[-42.666696,-18.444869],[-42.667991,-18.442267],[-42.666364,-18.437096],[-42.664337,-18.435927],[-42.661713,-18.437313],[-42.660773,-18.437246],[-42.655673,-18.430679],[-42.653483,-18.431649],[-42.64752,-18.437412],[-42.64328,-18.438111],[-42.639496,-18.437842],[-42.6359,-18.43532],[-42.632803,-18.429553],[-42.627688,-18.426872],[-42.627747,-18.42057],[-42.62509,-18.417931],[-42.622462,-18.41674],[-42.614911,-18.416508],[-42.613888,-18.418504],[-42.614879,-18.420067],[-42.612796,-18.426487],[-42.613402,-18.428326],[-42.615069,-18.430554],[-42.61491,-18.43497],[-42.617693,-18.440623],[-42.616854,-18.442418],[-42.615375,-18.449781],[-42.611651,-18.455147],[-42.612675,-18.461125],[-42.612599,-18.470715],[-42.611498,-18.474581],[-42.607894,-18.480476],[-42.605632,-18.482182],[-42.603053,-18.48221],[-42.600143,-18.48532],[-42.600072,-18.486378],[-42.600366,-18.488516],[-42.60283,-18.491456],[-42.604421,-18.491315],[-42.60685,-18.488413],[-42.608756,-18.489237],[-42.609796,-18.491213],[-42.610119,-18.495651],[-42.608774,-18.49846],[-42.606245,-18.5017],[-42.60684,-18.506933],[-42.605754,-18.510122],[-42.60589,-18.517603],[-42.607042,-18.52029],[-42.608315,-18.521737],[-42.613295,-18.522201],[-42.614014,-18.524381],[-42.613287,-18.528787],[-42.612274,-18.531264],[-42.611688,-18.539273],[-42.61106,-18.541613],[-42.608747,-18.544824],[-42.604797,-18.548055],[-42.601236,-18.548029],[-42.599431,-18.548738],[-42.599812,-18.552135],[-42.601853,-18.555396],[-42.601876,-18.556314],[-42.597733,-18.560096],[-42.59549,-18.564798],[-42.595439,-18.566679],[-42.596784,-18.568838],[-42.5989,-18.570493],[-42.604145,-18.570957],[-42.608137,-18.57305],[-42.614636,-18.571909],[-42.61822,-18.572486],[-42.62118,-18.572306],[-42.625099,-18.576371],[-42.62394,-18.579491],[-42.623938,-18.581832],[-42.630337,-18.583536],[-42.638832,-18.583659],[-42.639842,-18.584647],[-42.641115,-18.587425],[-42.640389,-18.591509],[-42.640965,-18.593414],[-42.645151,-18.595116],[-42.655013,-18.601849],[-42.659321,-18.602311],[-42.66026,-18.601967],[-42.660983,-18.600614],[-42.661131,-18.59646],[-42.662798,-18.58921],[-42.660996,-18.584641],[-42.661118,-18.582737],[-42.662686,-18.579181],[-42.663866,-18.578241],[-42.665334,-18.577989],[-42.668461,-18.579437]]],[[[-42.2036043,-22.781708],[-42.2008942,-22.7834123],[-42.1992965,-22.7827827],[-42.1927258,-22.7892466],[-42.2003285,-22.7951966],[-42.1943943,-22.800199],[-42.196572,-22.8010572],[-42.1973477,-22.8035387],[-42.1928189,-22.81357],[-42.1924298,-22.8215792],[-42.176658,-22.8275925],[-42.2116684,-22.8777324],[-42.2306542,-22.8728057],[-42.2370322,-22.8635318],[-42.2826298,-22.9001505],[-42.2790701,-22.9030485],[-42.2771685,-22.9064141],[-42.2755183,-22.9104037],[-42.2749348,-22.9142658],[-42.2761147,-22.9191175],[-42.2772936,-22.9213809],[-42.281289,-22.9253957],[-42.2829808,-22.926228],[-42.2812248,-22.9394692],[-42.328489,-22.9366209],[-42.3548215,-22.9356348],[-42.3816365,-22.935685],[-42.377951,-22.9077318],[-42.3798212,-22.9061435],[-42.3827769,-22.9018662],[-42.3833496,-22.9001009],[-42.386283,-22.8959341],[-42.3868398,-22.8929113],[-42.385118,-22.8869579],[-42.3825986,-22.883775],[-42.3699335,-22.8353968],[-42.4468128,-22.8227507],[-42.441784,-22.7303105],[-42.4380136,-22.7330824],[-42.429125,-22.7329693],[-42.4212047,-22.7361931],[-42.4200437,-22.7364399],[-42.4171473,-22.7357917],[-42.415273,-22.7349939],[-42.4099631,-22.7293135],[-42.4075394,-22.7296053],[-42.4041988,-22.7322193],[-42.398931,-22.7300303],[-42.3958129,-22.7229619],[-42.3936493,-22.7214538],[-42.3916918,-22.7215048],[-42.3893781,-22.722437],[-42.3788801,-22.7185346],[-42.3687534,-22.7242595],[-42.3620068,-22.7191798],[-42.3618953,-22.7130793],[-42.3595195,-22.7119032],[-42.3574468,-22.7141821],[-42.3561012,-22.7139976],[-42.352989,-22.7101834],[-42.3452821,-22.7107313],[-42.3395308,-22.7061627],[-42.337686,-22.706651],[-42.3374907,-22.7057612],[-42.3349731,-22.7057287],[-42.3338391,-22.7046218],[-42.3319292,-22.7042854],[-42.3300492,-22.7004683],[-42.3309142,-22.6957578],[-42.3294264,-22.691953],[-42.32783,-22.6910038],[-42.3237313,-22.6863802],[-42.3216388,-22.6799086],[-42.3144601,-22.6479938],[-42.3099813,-22.6395156],[-42.3013537,-22.6293875],[-42.2954769,-22.6238233],[-42.2811457,-22.614387],[-42.2801636,-22.6085137],[-42.2754268,-22.605624],[-42.2727696,-22.6054831],[-42.266333,-22.6071933],[-42.2622722,-22.6076054],[-42.2595677,-22.6086427],[-42.2590452,-22.6106917],[-42.2553382,-22.6109498],[-42.2548241,-22.6118827],[-42.2504038,-22.610836],[-42.2497794,-22.6125909],[-42.2487319,-22.6130726],[-42.2470108,-22.6128338],[-42.2433463,-22.6091666],[-42.2422553,-22.608988],[-42.2408963,-22.6099694],[-42.2410258,-22.6083456],[-42.2405179,-22.6075831],[-42.2379828,-22.6082353],[-42.2364586,-22.6093327],[-42.2360313,-22.6085507],[-42.2347893,-22.608071],[-42.2343258,-22.6066435],[-42.2346479,-22.6060868],[-42.236443,-22.6065279],[-42.2359972,-22.6051697],[-42.2328332,-22.6045794],[-42.2323824,-22.6040425],[-42.2345111,-22.6017807],[-42.2359824,-22.6020226],[-42.2361891,-22.6006086],[-42.2378437,-22.5995124],[-42.2376226,-22.5991617],[-42.2364308,-22.5985262],[-42.2360651,-22.5996108],[-42.2340982,-22.5996691],[-42.2336899,-22.5994139],[-42.2339168,-22.5986693],[-42.2330354,-22.5980752],[-42.229882,-22.5978255],[-42.2258345,-22.5962888],[-42.2258049,-22.5954191],[-42.2276565,-22.5949663],[-42.2283452,-22.5941036],[-42.2269556,-22.5936308],[-42.2276354,-22.5899274],[-42.2272547,-22.5896253],[-42.2253815,-22.5925282],[-42.2242297,-22.5924887],[-42.2226685,-22.5912762],[-42.2206917,-22.5909767],[-42.2193498,-22.5899527],[-42.2187578,-22.5900577],[-42.2183125,-22.5912337],[-42.2185343,-22.5934479],[-42.217526,-22.5929881],[-42.2173149,-22.5907255],[-42.2155451,-22.5913991],[-42.2154471,-22.5926178],[-42.2138376,-22.5896193],[-42.2146738,-22.5863315],[-42.2127175,-22.5854356],[-42.2119464,-22.5838017],[-42.2109887,-22.5840019],[-42.2089817,-22.583075],[-42.2085741,-22.580977],[-42.2067168,-22.5820029],[-42.2060802,-22.5830587],[-42.2053129,-22.5819529],[-42.2033782,-22.5809036],[-42.2040718,-22.5802073],[-42.2050185,-22.5810687],[-42.2056596,-22.5797912],[-42.2050704,-22.5771319],[-42.2023164,-22.5748452],[-42.1993754,-22.5758663],[-42.1987785,-22.5767939],[-42.1979013,-22.5755643],[-42.1979804,-22.5740758],[-42.1966213,-22.5743347],[-42.1969485,-22.5729397],[-42.195665,-22.5734287],[-42.1966141,-22.5708544],[-42.1954564,-22.5704661],[-42.1944569,-22.5715303],[-42.1948237,-22.5693587],[-42.1931986,-22.5685534],[-42.1940749,-22.5675691],[-42.1938529,-22.5664034],[-42.1935221,-22.5661014],[-42.1919977,-22.5667917],[-42.1924723,-22.5654039],[-42.1922638,-22.562391],[-42.1911348,-22.5615281],[-42.1918899,-22.5613411],[-42.192875,-22.5598526],[-42.1928894,-22.5579471],[-42.1916669,-22.5573143],[-42.1908832,-22.5575157],[-42.1907178,-22.5584073],[-42.1894091,-22.5575013],[-42.1884383,-22.5577889],[-42.1886592,-22.5561872],[-42.1865213,-22.5554149],[-42.1874113,-22.5545814],[-42.1857584,-22.5538327],[-42.1865637,-22.5528014],[-42.1853269,-22.551625],[-42.1863517,-22.5516524],[-42.1864459,-22.5511674],[-42.185457,-22.5507153],[-42.1834886,-22.5515252],[-42.1822147,-22.5511212],[-42.1824896,-22.5526945],[-42.1318952,-22.6533646],[-42.133527,-22.6548067],[-42.1384337,-22.6573215],[-42.1425137,-22.6564217],[-42.1430192,-22.6582282],[-42.15017,-22.6664589],[-42.1517828,-22.6694825],[-42.1538403,-22.6704744],[-42.1543626,-22.6717942],[-42.157238,-22.6726262],[-42.1668979,-22.6804252],[-42.2183989,-22.7702369],[-42.2538856,-22.7919852],[-42.2091107,-22.7852359],[-42.2070868,-22.7818396],[-42.2040048,-22.7802102],[-42.2036043,-22.781708]]],[[[-42.411594,-22.0336402],[-42.4116349,-22.0319782],[-42.4061745,-22.0312995],[-42.4038192,-22.0298257],[-42.4031104,-22.0279539],[-42.4012215,-22.0264724],[-42.3989467,-22.0263637],[-42.399251,-22.0243299],[-42.4004122,-22.023517],[-42.402135,-22.0208888],[-42.4019531,-22.0195127],[-42.4000071,-22.0179677],[-42.3983398,-22.0177334],[-42.398032,-22.0162811],[-42.3972056,-22.0157633],[-42.3929714,-22.015733],[-42.3922875,-22.0139556],[-42.3923332,-22.0101561],[-42.3895656,-22.0056808],[-42.3876899,-22.0064006],[-42.3844018,-22.0047078],[-42.3849851,-21.9998722],[-42.3841975,-21.9992056],[-42.3561776,-22.0087394],[-42.3179835,-21.9968027],[-42.3128978,-22.0316297],[-42.3092799,-22.0291504],[-42.3052249,-22.0277442],[-42.2979773,-22.0293246],[-42.2972442,-22.0297693],[-42.2978409,-22.0303518],[-42.2978702,-22.0370931],[-42.2962913,-22.0402228],[-42.3006561,-22.0443031],[-42.3010393,-22.0490104],[-42.3028679,-22.0495666],[-42.3037505,-22.051501],[-42.3050753,-22.0518599],[-42.3048799,-22.0528672],[-42.30662,-22.0529449],[-42.3073147,-22.0543305],[-42.3092516,-22.0551811],[-42.3114302,-22.057318],[-42.3101894,-22.061442],[-42.3106075,-22.0634863],[-42.3112875,-22.0638334],[-42.3106039,-22.0650646],[-42.3116429,-22.0657616],[-42.3119389,-22.0691826],[-42.3099542,-22.0705761],[-42.3096577,-22.0739972],[-42.3086502,-22.0743501],[-42.3083109,-22.075243],[-42.3063003,-22.0753099],[-42.3061553,-22.0761593],[-42.3037739,-22.0778572],[-42.3029231,-22.080479],[-42.2993777,-22.0805791],[-42.2986387,-22.0824069],[-42.2974445,-22.0828378],[-42.29444,-22.0823582],[-42.2944645,-22.082906],[-42.2922793,-22.0836028],[-42.292009,-22.0847792],[-42.2872169,-22.0862863],[-42.2853511,-22.0880756],[-42.2827861,-22.0870838],[-42.2795588,-22.0895105],[-42.2797495,-22.0901149],[-42.277574,-22.0921893],[-42.2736092,-22.0911738],[-42.2711938,-22.0891133],[-42.2693257,-22.0888402],[-42.2712112,-22.0899524],[-42.2714434,-22.0909049],[-42.2758664,-22.0922579],[-42.2787488,-22.0952073],[-42.2785053,-22.0961716],[-42.2766238,-22.0961696],[-42.2755467,-22.0970185],[-42.2752722,-22.0987502],[-42.2767564,-22.1006902],[-42.2750033,-22.1027458],[-42.2746857,-22.1042668],[-42.2736444,-22.1050574],[-42.2762697,-22.1076421],[-42.2758913,-22.1081243],[-42.272159,-22.1071297],[-42.272109,-22.1049535],[-42.2715497,-22.1043469],[-42.2690407,-22.1055986],[-42.2667246,-22.1053345],[-42.2654712,-22.1075571],[-42.2656104,-22.1097969],[-42.2648646,-22.1124385],[-42.2653962,-22.1150527],[-42.2627178,-22.1181655],[-42.2627592,-22.1188567],[-42.2646681,-22.121768],[-42.2693763,-22.1214326],[-42.2743734,-22.1178135],[-42.2794139,-22.1170113],[-42.2806134,-22.1155377],[-42.285246,-22.1136121],[-42.29022,-22.113013],[-42.2913265,-22.1137908],[-42.2932716,-22.1133926],[-42.2940432,-22.1145391],[-42.2953628,-22.114631],[-42.297865,-22.1166032],[-42.3005637,-22.1219667],[-42.3036886,-22.1196316],[-42.3048455,-22.1179501],[-42.3065176,-22.1170657],[-42.3090385,-22.1171988],[-42.3107618,-22.1111259],[-42.3159508,-22.1095143],[-42.3191491,-22.1121249],[-42.32004,-22.1119807],[-42.3213714,-22.1136828],[-42.3243398,-22.1147012],[-42.3236084,-22.1177991],[-42.324249,-22.1199831],[-42.3259258,-22.1195592],[-42.3282198,-22.1220879],[-42.3307382,-22.121527],[-42.3341989,-22.1253766],[-42.3353113,-22.125147],[-42.3371019,-22.1235372],[-42.3386622,-22.1245244],[-42.3413601,-22.1239925],[-42.3427399,-22.1243147],[-42.3433401,-22.1229283],[-42.3427512,-22.1217985],[-42.3429116,-22.1202423],[-42.3435557,-22.1190864],[-42.3426208,-22.1163124],[-42.343194,-22.1158012],[-42.3433396,-22.1129049],[-42.3436948,-22.1120696],[-42.3473333,-22.1094113],[-42.3481309,-22.1078797],[-42.3456191,-22.1059891],[-42.3984656,-22.0599126],[-42.4146718,-22.0376005],[-42.4128784,-22.0365602],[-42.411594,-22.0336402]]],[[[-41.9412689,-21.7396519],[-41.9422339,-21.7394668],[-41.9460896,-21.7358093],[-41.9486286,-21.7304601],[-41.9511967,-21.7298364],[-41.9529735,-21.7284972],[-41.9551861,-21.7293155],[-41.9552913,-21.7313159],[-41.961377,-21.731087],[-41.9633675,-21.7336902],[-41.9639752,-21.7327408],[-41.9653324,-21.7322887],[-41.9662976,-21.7324773],[-41.9670419,-21.7334182],[-41.9678832,-21.7333744],[-41.9689101,-21.7321603],[-41.9704603,-21.7327173],[-41.9710991,-21.7342712],[-41.976161,-21.7342676],[-41.9765144,-21.7356987],[-41.9753725,-21.7378806],[-41.9762595,-21.7390412],[-41.9774932,-21.7394853],[-41.9792918,-21.7393001],[-41.9807839,-21.7383921],[-41.9798653,-21.7368885],[-41.9813158,-21.7348906],[-41.9814116,-21.7332426],[-41.9849886,-21.7328857],[-41.9876529,-21.7362823],[-41.9887224,-21.7368325],[-41.991812,-21.7368039],[-41.9915308,-21.738574],[-41.9920195,-21.7391065],[-41.9957164,-21.7375145],[-41.9971816,-21.7377876],[-41.9970843,-21.7389084],[-41.9978468,-21.7384797],[-41.9982062,-21.7391135],[-41.9997794,-21.7390664],[-41.999549,-21.7408633],[-42.0014104,-21.7397768],[-42.0001157,-21.7423916],[-42.0006619,-21.7425215],[-42.0023919,-21.741204],[-42.0024563,-21.7426572],[-42.0043402,-21.7425888],[-42.0039231,-21.743416],[-42.005071,-21.7442929],[-42.0046957,-21.7469152],[-42.0067844,-21.7465971],[-42.0086125,-21.744845],[-42.0099406,-21.7445097],[-42.0116065,-21.7448799],[-42.0110817,-21.7460261],[-42.0119387,-21.745894],[-42.0128974,-21.7471049],[-42.0120818,-21.7482628],[-42.0137851,-21.7505145],[-42.0166012,-21.7505315],[-42.0174212,-21.7511519],[-42.0186441,-21.7506007],[-42.018811,-21.7513718],[-42.0202648,-21.7526269],[-42.0214046,-21.7519028],[-42.0212634,-21.7531672],[-42.0220388,-21.7542347],[-42.0214688,-21.7548375],[-42.0227549,-21.7556292],[-42.0218129,-21.7559472],[-42.0218353,-21.7570367],[-42.0204161,-21.7577527],[-42.0219244,-21.7583452],[-42.0210834,-21.7599483],[-42.0197766,-21.7602356],[-42.0196689,-21.7627847],[-42.016704,-21.7638589],[-42.0162961,-21.7649558],[-42.0157353,-21.764412],[-42.0149486,-21.7654704],[-42.0136166,-21.765652],[-42.0136875,-21.7690665],[-42.0142927,-21.7698968],[-42.0135892,-21.770467],[-42.0136505,-21.7721564],[-42.0163229,-21.7708243],[-42.0178922,-21.7713029],[-42.0196552,-21.7702005],[-42.0209077,-21.770239],[-42.0210473,-21.7691941],[-42.0222274,-21.7691012],[-42.0220436,-21.7682413],[-42.0233337,-21.7686276],[-42.0242299,-21.7682762],[-42.0239804,-21.7669093],[-42.0248114,-21.7661983],[-42.025167,-21.767225],[-42.0275444,-21.7667713],[-42.0268517,-21.7676164],[-42.0270089,-21.7684012],[-42.0289989,-21.7687898],[-42.0284284,-21.7664079],[-42.0309112,-21.7676516],[-42.0310086,-21.7661402],[-42.0314785,-21.7658749],[-42.0317355,-21.7665469],[-42.0362222,-21.7687175],[-42.0365361,-21.7707485],[-42.0400556,-21.7729177],[-42.0395951,-21.7740279],[-42.0399985,-21.7752921],[-42.0388173,-21.7750231],[-42.0379478,-21.7758265],[-42.0385458,-21.7763782],[-42.0406921,-21.7766602],[-42.0407523,-21.7779229],[-42.042298,-21.7781266],[-42.0418729,-21.7791089],[-42.0431846,-21.7792039],[-42.0433552,-21.780036],[-42.0426499,-21.7800183],[-42.0424388,-21.7807838],[-42.0437004,-21.7805672],[-42.0440865,-21.7824995],[-42.042475,-21.783154],[-42.0425522,-21.7839537],[-42.0448961,-21.7839317],[-42.0447568,-21.7825077],[-42.04571,-21.7828754],[-42.0462856,-21.7824122],[-42.046104,-21.7817749],[-42.0470657,-21.7810556],[-42.0466798,-21.7802051],[-42.0473166,-21.7798977],[-42.0475252,-21.7786442],[-42.0492152,-21.7795025],[-42.0510583,-21.7785933],[-42.0512897,-21.7801508],[-42.0538882,-21.7797603],[-42.0543899,-21.7813941],[-42.0556594,-21.7818087],[-42.0552529,-21.7833537],[-42.0561414,-21.784302],[-42.0557751,-21.7857868],[-42.0575912,-21.7864704],[-42.0584441,-21.7878842],[-42.0595561,-21.7880819],[-42.0609093,-21.7894466],[-42.0603889,-21.7916629],[-42.0612983,-21.7917863],[-42.0619073,-21.7905382],[-42.0632349,-21.7905453],[-42.0619089,-21.7920572],[-42.0624009,-21.7930853],[-42.061342,-21.7950931],[-42.0621121,-21.7965928],[-42.0611002,-21.7974183],[-42.061476,-21.7991062],[-42.0583873,-21.7999292],[-42.0583154,-21.8010437],[-42.0598277,-21.800799],[-42.0600498,-21.801778],[-42.0606838,-21.8018009],[-42.0609757,-21.8025213],[-42.0616933,-21.8018646],[-42.0630297,-21.8021445],[-42.0633428,-21.8007802],[-42.0645284,-21.8006642],[-42.0655708,-21.8014152],[-42.0665229,-21.7989698],[-42.0672986,-21.8005962],[-42.0684773,-21.8006593],[-42.069853,-21.7993904],[-42.0685345,-21.7985604],[-42.0685412,-21.7976307],[-42.069825,-21.7967745],[-42.0706214,-21.7976592],[-42.0714867,-21.7965292],[-42.0720487,-21.7967938],[-42.0721293,-21.7980938],[-42.0736206,-21.7984634],[-42.0743438,-21.7999251],[-42.0763946,-21.8011768],[-42.078547,-21.8007357],[-42.0794614,-21.8018217],[-42.0808109,-21.8005064],[-42.0854534,-21.8014446],[-42.0875276,-21.8038119],[-42.0881917,-21.8018854],[-42.0893795,-21.8013717],[-42.0897646,-21.8018442],[-42.0893952,-21.8029622],[-42.0903173,-21.8032512],[-42.0906843,-21.8044229],[-42.0899874,-21.8052806],[-42.0878254,-21.8054837],[-42.0877137,-21.806806],[-42.0894811,-21.8073936],[-42.0902056,-21.8098374],[-42.0920215,-21.8096556],[-42.091206,-21.8111549],[-42.0921893,-21.8132993],[-42.0941897,-21.8140023],[-42.0963252,-21.8138923],[-42.0996014,-21.8110167],[-42.0985713,-21.8094359],[-42.1012795,-21.8094717],[-42.1020081,-21.8103703],[-42.1020839,-21.8097701],[-42.1030991,-21.8094795],[-42.103022,-21.8108238],[-42.104374,-21.8105942],[-42.1049536,-21.811944],[-42.1034197,-21.812542],[-42.1033141,-21.8140025],[-42.1052336,-21.8149704],[-42.1074191,-21.8143609],[-42.1067331,-21.8174238],[-42.1076358,-21.8171737],[-42.1073244,-21.8182254],[-42.1088514,-21.818906],[-42.1089984,-21.8202296],[-42.1115153,-21.8206131],[-42.1107829,-21.8225763],[-42.1132354,-21.8240107],[-42.11327,-21.8254597],[-42.1147146,-21.8250454],[-42.1165773,-21.8256517],[-42.1179945,-21.8245558],[-42.1182129,-21.8258892],[-42.1176699,-21.8267796],[-42.1189251,-21.827237],[-42.119733,-21.8263369],[-42.1201741,-21.8225468],[-42.1254147,-21.823916],[-42.1258292,-21.8245998],[-42.1250361,-21.824695],[-42.1250123,-21.8255987],[-42.1260681,-21.8251184],[-42.1269658,-21.8262346],[-42.1269497,-21.8298659],[-42.1262072,-21.8302617],[-42.1248016,-21.8296947],[-42.1230443,-21.8298451],[-42.1232516,-21.8304011],[-42.1224451,-21.831167],[-42.1229635,-21.8322657],[-42.1219197,-21.8326166],[-42.1224766,-21.8336949],[-42.1206898,-21.836376],[-42.1182836,-21.835874],[-42.1184405,-21.8372673],[-42.1173108,-21.836692],[-42.1163295,-21.837143],[-42.1184428,-21.8380166],[-42.117323,-21.8391328],[-42.1190727,-21.8419395],[-42.1173925,-21.8446264],[-42.1170396,-21.8464625],[-42.1180077,-21.8469768],[-42.1180092,-21.8477658],[-42.1202589,-21.8478111],[-42.1198365,-21.8485755],[-42.1204136,-21.850326],[-42.120831,-21.8504175],[-42.121093,-21.8494387],[-42.1228661,-21.8499185],[-42.1225539,-21.8479409],[-42.1236026,-21.8455213],[-42.1240221,-21.8453546],[-42.1242675,-21.8465348],[-42.1252227,-21.8462614],[-42.1249165,-21.845502],[-42.1256856,-21.8453599],[-42.1259327,-21.8444744],[-42.1269517,-21.8449077],[-42.1270782,-21.8437972],[-42.1284326,-21.8440399],[-42.1280552,-21.8425175],[-42.1299583,-21.8428978],[-42.1301426,-21.8441272],[-42.132331,-21.8443326],[-42.1335201,-21.8417012],[-42.1326957,-21.8408553],[-42.132527,-21.8394451],[-42.1351307,-21.8391412],[-42.1372719,-21.836734],[-42.138677,-21.8397443],[-42.1394711,-21.8392676],[-42.1416098,-21.8398601],[-42.1422889,-21.8428957],[-42.1434408,-21.8415499],[-42.1439719,-21.8420528],[-42.1458621,-21.8420261],[-42.1450627,-21.8434865],[-42.1440161,-21.844016],[-42.1440068,-21.8451157],[-42.1428293,-21.8455221],[-42.1441192,-21.8464237],[-42.143642,-21.8472043],[-42.1443026,-21.8478121],[-42.1430636,-21.848299],[-42.1433,-21.8492148],[-42.1415568,-21.849706],[-42.1421824,-21.8512588],[-42.1406362,-21.8507713],[-42.1399845,-21.8511476],[-42.1402052,-21.8522337],[-42.1391599,-21.8514513],[-42.1393765,-21.8524087],[-42.137889,-21.8526618],[-42.1393677,-21.8540422],[-42.1386129,-21.8544241],[-42.1387494,-21.8554871],[-42.1406387,-21.8554561],[-42.1402891,-21.8564682],[-42.1426554,-21.8576483],[-42.1422193,-21.8587177],[-42.1438736,-21.858884],[-42.1441692,-21.8565263],[-42.1450165,-21.8560846],[-42.1453838,-21.8587625],[-42.1465032,-21.8606926],[-42.1490683,-21.8592018],[-42.1490663,-21.8603782],[-42.1505069,-21.8610098],[-42.1501556,-21.859964],[-42.1513345,-21.860002],[-42.152208,-21.8589931],[-42.154466,-21.8605669],[-42.1559638,-21.8605212],[-42.1560605,-21.8599887],[-42.1568229,-21.8598879],[-42.1591708,-21.8603524],[-42.1581365,-21.8597787],[-42.1578875,-21.8589856],[-42.1583174,-21.8588253],[-42.1594689,-21.8592334],[-42.1605242,-21.8588219],[-42.1605134,-21.859912],[-42.1616497,-21.8605297],[-42.1614387,-21.8591759],[-42.1622487,-21.8602105],[-42.1628492,-21.8589001],[-42.1653163,-21.8598489],[-42.1651789,-21.8588136],[-42.1662329,-21.8595605],[-42.1667329,-21.8585265],[-42.1672494,-21.8586929],[-42.2069011,-21.783775],[-42.2370801,-21.6972095],[-42.2392427,-21.69894],[-42.2419352,-21.7028796],[-42.2461116,-21.7065804],[-42.2495867,-21.7067336],[-42.2599387,-21.7129288],[-42.2666492,-21.7144732],[-42.2701123,-21.7172716],[-42.2795291,-21.7186103],[-42.2887589,-21.7214625],[-42.3032145,-21.7287207],[-42.3057655,-21.7281437],[-42.3065855,-21.7284474],[-42.3088632,-21.7327598],[-42.3115053,-21.7357967],[-42.3141474,-21.7378314],[-42.3334621,-21.7458488],[-42.3369069,-21.745776],[-42.3392114,-21.7449415],[-42.3420939,-21.7453665],[-42.3484476,-21.7437614],[-42.3517225,-21.7441704],[-42.3550544,-21.7420831],[-42.3590328,-21.7409898],[-42.3638311,-21.7421742],[-42.3679539,-21.7448526],[-42.3735795,-21.7458488],[-42.3776986,-21.7483891],[-42.380362,-21.747408],[-42.384446,-21.748474],[-42.386384,-21.746797],[-42.393405,-21.749759],[-42.394887,-21.751365],[-42.400534,-21.752937],[-42.401677,-21.752495],[-42.402653,-21.751101],[-42.402732,-21.748877],[-42.401125,-21.746448],[-42.403736,-21.741068],[-42.405109,-21.739434],[-42.404554,-21.735518],[-42.405165,-21.733949],[-42.408268,-21.732507],[-42.412801,-21.734446],[-42.414588,-21.737657],[-42.414107,-21.740248],[-42.415476,-21.74139],[-42.416433,-21.741441],[-42.419071,-21.739848],[-42.422246,-21.740954],[-42.422754,-21.740107],[-42.423108,-21.736115],[-42.420829,-21.732995],[-42.420471,-21.731145],[-42.420574,-21.730388],[-42.42156,-21.729659],[-42.422949,-21.725202],[-42.422005,-21.720412],[-42.418805,-21.717482],[-42.419399,-21.714433],[-42.419586,-21.713974],[-42.421577,-21.713629],[-42.422553,-21.712555],[-42.425283,-21.714071],[-42.42734,-21.712934],[-42.42759,-21.710043],[-42.429392,-21.708274],[-42.430089,-21.706602],[-42.428802,-21.70181],[-42.427485,-21.70022],[-42.42774,-21.698523],[-42.428618,-21.697495],[-42.433596,-21.696429],[-42.434657,-21.695596],[-42.433394,-21.69092],[-42.430688,-21.689438],[-42.431159,-21.686503],[-42.427833,-21.683997],[-42.428902,-21.679492],[-42.426597,-21.67683],[-42.426575,-21.67411],[-42.425113,-21.667608],[-42.425912,-21.665271],[-42.425848,-21.663607],[-42.425107,-21.662123],[-42.425595,-21.660542],[-42.424742,-21.659414],[-42.426662,-21.658539],[-42.427199,-21.656832],[-42.425632,-21.653933],[-42.42693,-21.652252],[-42.427072,-21.650968],[-42.428817,-21.650575],[-42.427631,-21.647562],[-42.427511,-21.644796],[-42.428188,-21.642206],[-42.428914,-21.641992],[-42.429669,-21.642982],[-42.430136,-21.645084],[-42.434633,-21.646449],[-42.435198,-21.64636],[-42.435179,-21.645373],[-42.433592,-21.641578],[-42.430325,-21.637649],[-42.428746,-21.636793],[-42.426635,-21.636737],[-42.424357,-21.635922],[-42.421313,-21.633704],[-42.418911,-21.633142],[-42.419374,-21.631618],[-42.423514,-21.62644],[-42.423797,-21.624009],[-42.423294,-21.621849],[-42.424035,-21.620911],[-42.421044,-21.611476],[-42.416565,-21.6094],[-42.41369,-21.610074],[-42.412825,-21.608831],[-42.410791,-21.608305],[-42.409656,-21.607278],[-42.409946,-21.605879],[-42.412263,-21.604112],[-42.408757,-21.599172],[-42.408984,-21.598003],[-42.411202,-21.596304],[-42.408487,-21.592561],[-42.407657,-21.587531],[-42.408075,-21.585112],[-42.405663,-21.582128],[-42.40625,-21.578092],[-42.405001,-21.575561],[-42.40375,-21.575509],[-42.401671,-21.576508],[-42.399402,-21.576382],[-42.397501,-21.578473],[-42.390792,-21.580183],[-42.387969,-21.58251],[-42.385365,-21.583151],[-42.386253,-21.586529],[-42.384798,-21.587738],[-42.382686,-21.588152],[-42.380104,-21.587003],[-42.377631,-21.588229],[-42.37317,-21.5894],[-42.372608,-21.588938],[-42.372694,-21.586907],[-42.371856,-21.585515],[-42.367479,-21.584918],[-42.363343,-21.587203],[-42.3526561,-21.5916867],[-42.3542356,-21.5953575],[-42.3518686,-21.590027],[-42.3451456,-21.5819602],[-42.324772,-21.5694436],[-42.325882,-21.5673474],[-42.3279299,-21.5654977],[-42.327124,-21.5639651],[-42.3275709,-21.5628112],[-42.3306913,-21.5616133],[-42.3307706,-21.5602326],[-42.3273882,-21.5575109],[-42.3218833,-21.5580904],[-42.3179084,-21.5561765],[-42.3148828,-21.555899],[-42.3100207,-21.5522524],[-42.3085673,-21.5490814],[-42.3097696,-21.5474431],[-42.3097057,-21.5465947],[-42.3069582,-21.5457196],[-42.3062453,-21.5428915],[-42.3025261,-21.5389146],[-42.3031522,-21.5361775],[-42.3063047,-21.5290847],[-42.3032743,-21.5284761],[-42.2971882,-21.5235355],[-42.2890891,-21.5278691],[-42.2866448,-21.528424],[-42.2856011,-21.5281202],[-42.2830445,-21.5251078],[-42.2828133,-21.5231061],[-42.2838625,-21.522183],[-42.282331,-21.5203877],[-42.282265,-21.5193967],[-42.2808314,-21.5181019],[-42.2808579,-21.5168798],[-42.279748,-21.5169723],[-42.2804723,-21.5153011],[-42.2787769,-21.5130681],[-42.2790081,-21.5119384],[-42.2772971,-21.5111721],[-42.2776869,-21.5105247],[-42.276663,-21.50995],[-42.2766189,-21.5085629],[-42.275672,-21.5081894],[-42.2759198,-21.5073769],[-42.2751799,-21.5073835],[-42.2753682,-21.5066469],[-42.2747075,-21.5062968],[-42.274683,-21.5052886],[-42.2733235,-21.5043843],[-42.2738619,-21.5038954],[-42.2717942,-21.5025907],[-42.2708363,-21.5032579],[-42.2703739,-21.5026171],[-42.2699012,-21.5033238],[-42.2689569,-21.5031225],[-42.2682401,-21.5013389],[-42.2669916,-21.5023925],[-42.2653202,-21.4980028],[-42.2630265,-21.4982179],[-42.259743,-21.4962828],[-42.2546154,-21.4869781],[-42.25472,-21.4849296],[-42.2555846,-21.483612],[-42.2661865,-21.4783214],[-42.2712506,-21.4750276],[-42.2715388,-21.4734013],[-42.2709766,-21.471862],[-42.2680784,-21.4688749],[-42.2704478,-21.467452],[-42.270983,-21.4660521],[-42.2771794,-21.466505],[-42.2835405,-21.4626554],[-42.2920837,-21.4599792],[-42.2889958,-21.4526506],[-42.2874931,-21.4506537],[-42.287149,-21.4476372],[-42.283876,-21.4458189],[-42.2840918,-21.4444436],[-42.2860528,-21.4423381],[-42.2859125,-21.4415276],[-42.2823122,-21.4368],[-42.2790938,-21.4350999],[-42.2806212,-21.432727],[-42.278712,-21.4314542],[-42.2780028,-21.4295086],[-42.2756208,-21.4286358],[-42.2753759,-21.4274722],[-42.237347,-21.4499409],[-42.202299,-21.4686181],[-42.1373495,-21.4710986],[-42.1355809,-21.4693374],[-42.1300274,-21.4710024],[-42.1286473,-21.4718494],[-42.1273913,-21.4735991],[-42.1254094,-21.4739748],[-42.1209725,-21.4723379],[-42.1178206,-21.4695288],[-42.1179137,-21.4684354],[-42.117098,-21.4675668],[-42.1152176,-21.4666977],[-42.1148473,-21.465229],[-42.1126844,-21.4638557],[-42.1114058,-21.4614234],[-42.1091373,-21.4589422],[-42.1082278,-21.4540407],[-42.1068934,-21.4526833],[-42.1041718,-21.4516052],[-42.1032468,-21.4518997],[-42.1004409,-21.4512087],[-42.0972288,-21.4527069],[-42.0936429,-21.4533885],[-42.0905627,-21.4501079],[-42.0896716,-21.4504588],[-42.0890257,-21.4499463],[-42.0869144,-21.4465495],[-42.0822909,-21.44808],[-42.0806292,-21.4508311],[-42.079085,-21.4490818],[-42.0740949,-21.4471205],[-42.0729605,-21.4444581],[-42.0694878,-21.4421092],[-42.0643733,-21.435381],[-42.0574876,-21.4338935],[-42.0552903,-21.4355128],[-42.0483461,-21.4380768],[-42.0457082,-21.4362251],[-42.0439035,-21.4360804],[-42.0420575,-21.4349985],[-42.0400853,-21.4353923],[-42.0364516,-21.433929],[-42.0346588,-21.4343936],[-42.0329312,-21.4340133],[-42.0287431,-21.4367257],[-42.0241681,-21.4366769],[-42.0227894,-21.4361685],[-42.0220673,-21.4337224],[-42.0213251,-21.4330457],[-42.0198362,-21.4328915],[-42.0187764,-21.4320355],[-42.0172904,-21.4329984],[-42.0174012,-21.4315145],[-42.016745,-21.4306003],[-42.0128955,-21.4302834],[-42.0089457,-21.428234],[-42.0080011,-21.4312802],[-42.006092,-21.4335329],[-42.0039443,-21.4335028],[-42.0024992,-21.4319672],[-42.0012064,-21.4337218],[-42.0015775,-21.434755],[-42.0026167,-21.4353214],[-42.0030753,-21.4374917],[-42.0027403,-21.4398654],[-42.0012074,-21.4390115],[-42.0000746,-21.4393244],[-41.9987069,-21.441581],[-41.998863,-21.4431963],[-41.9975816,-21.4450726],[-41.9976095,-21.4493004],[-41.9987,-21.4519221],[-41.9979319,-21.4536589],[-41.9952946,-21.4558058],[-41.993341,-21.4559514],[-41.9931932,-21.4575565],[-41.9946899,-21.4601614],[-41.9941002,-21.465008],[-41.9958482,-21.4658148],[-41.9982988,-21.4653658],[-42.0023131,-21.4659711],[-42.0037226,-21.4681072],[-42.0040415,-21.4708923],[-42.0074427,-21.4761132],[-42.005716,-21.4780003],[-42.0053899,-21.4825515],[-42.0012794,-21.4845448],[-41.9980585,-21.488853],[-42.0000905,-21.4915065],[-42.0023834,-21.4962543],[-42.0100559,-21.4975744],[-42.0114149,-21.499735],[-42.013223,-21.5010558],[-42.0155657,-21.5010547],[-42.0160367,-21.5014888],[-42.0163979,-21.5037921],[-42.0174972,-21.5038495],[-42.0207478,-21.5056046],[-42.0258336,-21.5066185],[-42.0278674,-21.5061289],[-42.0300372,-21.506892],[-42.0346099,-21.510184],[-42.0366325,-21.5130157],[-42.0377124,-21.5135789],[-42.038943,-21.5134051],[-42.040279,-21.5169497],[-42.0422715,-21.5189483],[-42.0429101,-21.5205596],[-42.0464741,-21.5200963],[-42.0471297,-21.5211612],[-42.0496556,-21.5224251],[-42.0503465,-21.5237688],[-42.0533829,-21.5251274],[-42.05477,-21.5263554],[-42.0545116,-21.5284344],[-42.0531152,-21.5307531],[-42.0532414,-21.5328739],[-42.0515917,-21.5351172],[-42.0514832,-21.5363941],[-42.0529202,-21.5400304],[-42.053301,-21.5428184],[-42.0526796,-21.5441473],[-42.0531051,-21.5454214],[-42.0554659,-21.5475807],[-42.0603614,-21.5495065],[-42.0610317,-21.5529427],[-42.0632345,-21.5550656],[-42.0652529,-21.5596704],[-42.0679655,-21.5616026],[-42.0701917,-21.5656706],[-42.0736769,-21.5699827],[-42.0764465,-21.5719195],[-42.077418,-21.5751636],[-42.0813214,-21.5770362],[-42.0817946,-21.5765754],[-42.0829491,-21.5767979],[-42.0868666,-21.5783273],[-42.0873711,-21.5805915],[-42.0864558,-21.5851215],[-42.0903529,-21.5856265],[-42.0920114,-21.5865977],[-42.0927594,-21.5885623],[-42.095368,-21.5905829],[-42.1052862,-21.6020449],[-42.1070472,-21.6025387],[-42.1095829,-21.6019918],[-42.1094182,-21.6035191],[-42.1122394,-21.6055548],[-42.1136974,-21.6047625],[-42.1152817,-21.6015232],[-42.1164627,-21.6009613],[-42.122914,-21.6017396],[-42.1198322,-21.6015178],[-42.1196611,-21.6024603],[-42.1157056,-21.6053147],[-42.1166721,-21.6114251],[-42.1159261,-21.6120231],[-42.1143733,-21.6120398],[-42.1072722,-21.6161311],[-42.105352,-21.6161098],[-42.1048396,-21.616584],[-42.1041749,-21.6161185],[-42.1006481,-21.6195446],[-42.0959633,-21.6213164],[-42.095468,-21.6243063],[-42.0926559,-21.6259137],[-42.0921988,-21.6278168],[-42.0912524,-21.6290375],[-42.0896526,-21.628714],[-42.0872061,-21.6297824],[-42.0851235,-21.6272367],[-42.0793626,-21.6259932],[-42.076135,-21.6274626],[-42.07407,-21.6333392],[-42.0699584,-21.6338549],[-42.068338,-21.6332745],[-42.0654844,-21.635818],[-42.0617105,-21.6371181],[-42.0568487,-21.6368196],[-42.0604338,-21.6400574],[-42.0564545,-21.6365751],[-42.0516286,-21.6360553],[-42.0453916,-21.6328515],[-42.0405767,-21.6341432],[-42.0390355,-21.6319012],[-42.0370299,-21.6319105],[-42.0326004,-21.6303281],[-42.0294259,-21.6304532],[-42.0264555,-21.6286834],[-42.0244084,-21.6290708],[-42.0220594,-21.6285558],[-42.0200039,-21.6303547],[-42.0173901,-21.630797],[-42.0152746,-21.6374185],[-42.0120273,-21.6395248],[-42.0093259,-21.6399058],[-42.0030879,-21.6367273],[-41.9974409,-21.635242],[-41.9866516,-21.6285114],[-41.9818894,-21.6267911],[-41.9776822,-21.6240286],[-41.9728172,-21.618734],[-41.9613206,-21.6133736],[-41.9556202,-21.6084233],[-41.9396653,-21.5983001],[-41.9379545,-21.5979917],[-41.9367381,-21.5967529],[-41.9371006,-21.7412201],[-41.9398234,-21.7414097],[-41.9397957,-21.7389975],[-41.9412689,-21.7396519]],[[-42.2677466,-21.7130341],[-42.26828435256548,-21.712922363325788],[-42.2666492,-21.7144732],[-42.2677466,-21.7130341]],[[-42.1857498,-21.6812252],[-42.1908301,-21.6846403],[-42.1856479354539,-21.681230009851706],[-42.1857498,-21.6812252]],[[-42.18407292857168,-21.681304378705512],[-42.185452560163085,-21.68123923510437],[-42.18421000833235,-21.681526617455006],[-42.18407292857168,-21.681304378705512]],[[-42.1694535,-21.6870012],[-42.1719666,-21.686761],[-42.169392234932644,-21.68710311504694],[-42.1694535,-21.6870012]],[[-42.156474158370834,-21.692422936355907],[-42.158659831548206,-21.692456645294808],[-42.1578967,-21.6926275],[-42.156474158370834,-21.692422936355907]],[[-42.34326177591645,-21.659613761431558],[-42.3432494,-21.6596769],[-42.343192596735584,-21.659664640186133],[-42.34326177591645,-21.659613761431558]],[[-42.341456106793075,-21.659331097627422],[-42.3408285,-21.6598494],[-42.3413998,-21.6593079],[-42.341456106793075,-21.659331097627422]],[[-42.3396658,-21.6602827],[-42.34032348634393,-21.65917146263649],[-42.3396973875979,-21.660309266447946],[-42.3396658,-21.6602827]],[[-42.3403924,-21.6608938],[-42.3403693,-21.6617526],[-42.34012692711868,-21.66180938209672],[-42.3403924,-21.6608938]],[[-42.33900743176813,-21.662071652747322],[-42.3388732,-21.6621031],[-42.3388551421155,-21.662080471081143],[-42.33900743176813,-21.662071652747322]],[[-42.2709022,-21.7132553],[-42.2720621,-21.7143242],[-42.27177239359949,-21.714203533952407],[-42.2709022,-21.7132553]],[[-42.27024091599311,-21.713565655916515],[-42.26855928395195,-21.712865236831686],[-42.268764,-21.7128227],[-42.27024091599311,-21.713565655916515]],[[-42.3637154,-21.613313],[-42.3678634,-21.6174351],[-42.368107343895154,-21.61782756610584],[-42.3637154,-21.613313]],[[-42.3688726253411,-21.619058779655056],[-42.3691194,-21.6194558],[-42.3691434,-21.6199726],[-42.3688726253411,-21.619058779655056]],[[-42.3433586,-21.6549251],[-42.342411849105694,-21.65666890747245],[-42.3423984,-21.6566515],[-42.3433586,-21.6549251]],[[-42.184761968087834,-21.680107944239243],[-42.1840344599002,-21.681242011880506],[-42.1839885,-21.6811675],[-42.184761968087834,-21.680107944239243]],[[-42.186344528822545,-21.67963899217046],[-42.184026,-21.6779629],[-42.1864972,-21.6795969],[-42.186344528822545,-21.67963899217046]],[[-42.19517498922751,-21.668716029159313],[-42.195184580112354,-21.66869263740632],[-42.1951774,-21.6687163],[-42.19517498922751,-21.668716029159313]],[[-42.19562683509312,-21.667235153262652],[-42.195411,-21.6667664],[-42.1959366,-21.6662143],[-42.19562683509312,-21.667235153262652]],[[-42.2021555,-21.650506],[-42.204662380302366,-21.648478710514578],[-42.2047203,-21.6486494],[-42.2021555,-21.650506]],[[-42.202990980946225,-21.643553092673006],[-42.2002635,-21.6424793],[-42.2029806,-21.6435225],[-42.202990980946225,-21.643553092673006]],[[-42.19760304726522,-21.64012736917263],[-42.1974397,-21.6400385],[-42.1974922,-21.6387671],[-42.19760304726522,-21.64012736917263]],[[-42.1552305,-21.6192506],[-42.1501288,-21.6156333],[-42.15012634661808,-21.61562145926019],[-42.1552305,-21.6192506]],[[-42.1480893,-21.6124676],[-42.1453025,-21.611228],[-42.14517422689657,-21.610944248117146],[-42.1480893,-21.6124676]],[[-42.1436549755461,-21.6101503214048],[-42.14276350690521,-21.609888202574535],[-42.1430179,-21.6098174],[-42.1436549755461,-21.6101503214048]],[[-42.138065128859346,-21.604109382550938],[-42.13737194457081,-21.60401009612356],[-42.1382049,-21.6037985],[-42.138065128859346,-21.604109382550938]],[[-42.137305079376766,-21.604027081925395],[-42.1368665760795,-21.604610644059985],[-42.1372621,-21.604038],[-42.137305079376766,-21.604027081925395]],[[-42.13574513081694,-21.606103068393654],[-42.1357282,-21.6061256],[-42.1344436,-21.6052181],[-42.13574513081694,-21.606103068393654]],[[-42.1328258,-21.6019144],[-42.1315157,-21.6028921],[-42.1313715327094,-21.602861659690706],[-42.1328258,-21.6019144]],[[-42.1261257,-21.6012609],[-42.126183634665665,-21.60130876818328],[-42.123943256657505,-21.60255589051644],[-42.1261257,-21.6012609]]],[[[-41.6991379,-21.2380098],[-41.6995055,-21.2371145],[-41.6989792,-21.2350897],[-41.6994607,-21.2337966],[-41.6987854,-21.2326295],[-41.700742,-21.231222],[-41.700904,-21.2287516],[-41.7015234,-21.2277525],[-41.7011936,-21.2257488],[-41.7024097,-21.2249794],[-41.7035178,-21.2250421],[-41.7039775,-21.2236053],[-41.7036406,-21.2221979],[-41.7056075,-21.2220494],[-41.7055967,-21.2197259],[-41.7080513,-21.219565],[-41.7094609,-21.2207039],[-41.7118592,-21.2211899],[-41.7145944,-21.220311],[-41.7202873,-21.2245386],[-41.7224709,-21.222027],[-41.7267008,-21.220981],[-41.7276678,-21.2211836],[-41.727722,-21.2187277],[-41.7264029,-21.2159025],[-41.7255228,-21.2153493],[-41.7251206,-21.2126267],[-41.7227408,-21.2114272],[-41.7216477,-21.209676],[-41.7217498,-21.2086835],[-41.7205671,-21.207758],[-41.7186634,-21.2042547],[-41.7180178,-21.2004063],[-41.7186291,-21.1990792],[-41.7184811,-21.1978759],[-41.7172974,-21.1961397],[-41.7215487,-21.1880922],[-41.7199128,-21.1829722],[-41.7214509,-21.1823168],[-41.7228302,-21.1828032],[-41.7262962,-21.1820013],[-41.7274328,-21.1805608],[-41.7257943,-21.1783125],[-41.7279139,-21.1765169],[-41.7283461,-21.1750657],[-41.7278315,-21.1741921],[-41.7263588,-21.173456],[-41.7256576,-21.1717598],[-41.7261473,-21.1707157],[-41.72949,-21.1683718],[-41.7314888,-21.1681019],[-41.7331548,-21.1687376],[-41.7357147,-21.1682021],[-41.7366331,-21.1689803],[-41.7377552,-21.1686008],[-41.7417413,-21.1696092],[-41.7423055,-21.1691232],[-41.7462824,-21.1693837],[-41.7487587,-21.1702253],[-41.7497287,-21.1723166],[-41.7539836,-21.1737272],[-41.7560328,-21.1765913],[-41.7600533,-21.1764128],[-41.7609536,-21.1773041],[-41.7631308,-21.1767525],[-41.764257,-21.1753617],[-41.7637956,-21.1740491],[-41.7643563,-21.1728481],[-41.7637384,-21.171357],[-41.7640227,-21.170079],[-41.7655703,-21.1690815],[-41.7662901,-21.1677717],[-41.7646868,-21.1647109],[-41.7664482,-21.163812],[-41.7669198,-21.1616601],[-41.7636017,-21.1548558],[-41.7642178,-21.1529975],[-41.7655422,-21.1526805],[-41.7670511,-21.150574],[-41.7690608,-21.1502759],[-41.7705151,-21.1489386],[-41.7750537,-21.1478378],[-41.7779553,-21.1491553],[-41.7801987,-21.1477302],[-41.7815493,-21.1484104],[-41.7850835,-21.1481165],[-41.7868571,-21.1486141],[-41.7893401,-21.1471653],[-41.7921243,-21.1465357],[-41.7948766,-21.1441476],[-41.7968714,-21.1445406],[-41.8022321,-21.1441278],[-41.8042443,-21.1427821],[-41.8024353,-21.1407019],[-41.8037069,-21.1376389],[-41.8035169,-21.136852],[-41.8029365,-21.1359227],[-41.8008374,-21.1348265],[-41.7996695,-21.1327099],[-41.7993121,-21.131228],[-41.8000677,-21.1293703],[-41.79923,-21.1242962],[-41.7978465,-21.1228302],[-41.7988067,-21.1212682],[-41.8010756,-21.1209465],[-41.8059143,-21.1176515],[-41.8089775,-21.1195715],[-41.8107749,-21.1198486],[-41.812437,-21.121474],[-41.8171138,-21.1230533],[-41.8186426,-21.1243874],[-41.8203485,-21.1223007],[-41.8226107,-21.1228999],[-41.8262074,-21.122794],[-41.8274579,-21.1220975],[-41.8298637,-21.1218994],[-41.8291537,-21.1182677],[-41.8250642,-21.1165409],[-41.8245426,-21.1130014],[-41.8234735,-21.1108289],[-41.8179326,-21.1085015],[-41.816111,-21.1038656],[-41.8179138,-21.103312],[-41.8183397,-21.1024972],[-41.8233039,-21.1018666],[-41.8251204,-21.1008385],[-41.8255294,-21.0989388],[-41.8273723,-21.0980196],[-41.8283483,-21.0953484],[-41.8296047,-21.0942372],[-41.8293451,-21.0928579],[-41.830996,-21.0880078],[-41.832892,-21.0872207],[-41.8347263,-21.0843471],[-41.8358139,-21.0842646],[-41.8390129,-21.0820495],[-41.8385405,-21.076641],[-41.839457,-21.0743128],[-41.8417226,-21.0746082],[-41.8426436,-21.0734534],[-41.8422155,-21.0701492],[-41.8434661,-21.0698824],[-41.8454526,-21.070959],[-41.8464846,-21.0707282],[-41.8465988,-21.0695377],[-41.8457799,-21.0680637],[-41.8460297,-21.067214],[-41.8477493,-21.0643634],[-41.8505964,-21.0622724],[-41.849163,-21.059503],[-41.8459256,-21.0587176],[-41.8447036,-21.059259],[-41.842054,-21.0582829],[-41.8417215,-21.0566828],[-41.8388158,-21.0567236],[-41.8377046,-21.0556793],[-41.8381872,-21.0543747],[-41.8377915,-21.0540046],[-41.8381576,-21.0509005],[-41.8380159,-21.0502935],[-41.8360433,-21.0489833],[-41.8362374,-21.0454892],[-41.8357012,-21.0440527],[-41.8341172,-21.04304],[-41.83162,-21.0401565],[-41.8299004,-21.0354178],[-41.8260019,-21.0330481],[-41.8250653,-21.0314752],[-41.8219684,-21.0297651],[-41.8217199,-21.0281245],[-41.8189334,-21.0235269],[-41.8164789,-21.0222963],[-41.8166937,-21.0214782],[-41.8151257,-21.0198978],[-41.8141669,-21.0177014],[-41.8142689,-21.0161877],[-41.8129598,-21.0146878],[-41.8129602,-21.0135976],[-41.8103356,-21.0132475],[-41.8089601,-21.0112015],[-41.8073156,-21.0105044],[-41.8070067,-21.0088868],[-41.8094501,-21.0064612],[-41.8080467,-21.0044008],[-41.8084786,-21.0027848],[-41.8080403,-21.0016979],[-41.8082878,-20.9986743],[-41.8055846,-20.9949273],[-41.8019797,-20.9947849],[-41.8031938,-20.992381],[-41.8025031,-20.9907439],[-41.802533,-20.9886166],[-41.8010363,-20.9871092],[-41.797285,-20.9877342],[-41.7937289,-20.9841478],[-41.7937139,-20.9825234],[-41.7951235,-20.9806338],[-41.7942442,-20.9790986],[-41.7945079,-20.9769848],[-41.7911714,-20.9754658],[-41.791125,-20.9727993],[-41.7903688,-20.9702425],[-41.7910497,-20.9684023],[-41.7895244,-20.966045],[-41.7912403,-20.9633573],[-41.7938245,-20.9615151],[-41.796172,-20.9626742],[-41.7978069,-20.9615865],[-41.7993385,-20.9614392],[-41.8002113,-20.9572612],[-41.8044809,-20.9570207],[-41.804921,-20.9564853],[-41.8063836,-20.9578858],[-41.8069995,-20.9567606],[-41.8084704,-20.9564516],[-41.8099216,-20.9490174],[-41.811141,-20.9478142],[-41.8116847,-20.9461577],[-41.812336,-20.9459663],[-41.8129363,-20.9443081],[-41.8116965,-20.9425947],[-41.8118239,-20.941783],[-41.8106514,-20.9414749],[-41.8099601,-20.9393213],[-41.8067628,-20.935674],[-41.8055839,-20.9350221],[-41.8039404,-20.932025],[-41.8024156,-20.931062],[-41.8014718,-20.9270561],[-41.7993463,-20.9248576],[-41.797675,-20.9242225],[-41.7982083,-20.9222444],[-41.7969535,-20.9218533],[-41.7959342,-20.919658],[-41.7912136,-20.9171962],[-41.7911661,-20.9140032],[-41.7899297,-20.9137087],[-41.7878853,-20.9093605],[-41.7861917,-20.9084489],[-41.7863473,-20.907586],[-41.7858437,-20.9077912],[-41.7850376,-20.9066902],[-41.7849765,-20.904717],[-41.7841033,-20.9035165],[-41.7794757,-20.9024631],[-41.7795187,-20.9016911],[-41.7790862,-20.9018791],[-41.7771995,-20.8997387],[-41.7772575,-20.8963659],[-41.7764358,-20.8956395],[-41.7758243,-20.8958346],[-41.7753383,-20.8944193],[-41.7687926,-20.8887031],[-41.7685925,-20.8873763],[-41.7670271,-20.8871945],[-41.7672287,-20.8862295],[-41.7665373,-20.8854862],[-41.7603038,-20.8821515],[-41.7594162,-20.8812016],[-41.759623,-20.879877],[-41.7549556,-20.8745088],[-41.7494202,-20.8703683],[-41.7479071,-20.8698787],[-41.7458993,-20.8713788],[-41.743875,-20.8709379],[-41.74291,-20.8721894],[-41.741981,-20.8722057],[-41.7407146,-20.8731991],[-41.7397115,-20.8718055],[-41.7380584,-20.871603],[-41.7370702,-20.8700249],[-41.73557,-20.8702555],[-41.7330486,-20.8692553],[-41.731542,-20.8706788],[-41.7301619,-20.8709083],[-41.7280089,-20.8690966],[-41.727371,-20.8637544],[-41.7264757,-20.8639101],[-41.7254037,-20.8657158],[-41.7232012,-20.8646767],[-41.7204403,-20.8643054],[-41.7199546,-20.8662057],[-41.7187274,-20.8679437],[-41.7160238,-20.8683918],[-41.7125009,-20.8680218],[-41.7117352,-20.8691565],[-41.7114604,-20.8719589],[-41.7130348,-20.8723341],[-41.715697,-20.8718246],[-41.7156401,-20.8733009],[-41.7166965,-20.8744487],[-41.7192315,-20.8752559],[-41.7172781,-20.8779633],[-41.7185042,-20.8780684],[-41.7192305,-20.8796253],[-41.7215531,-20.8809281],[-41.7217236,-20.88203],[-41.7210546,-20.8816037],[-41.7199331,-20.8839255],[-41.7218023,-20.8855389],[-41.7235535,-20.8843977],[-41.7231829,-20.8875951],[-41.724675,-20.8893725],[-41.7246127,-20.891104],[-41.7263409,-20.8923895],[-41.7264,-20.8940423],[-41.7256588,-20.8951376],[-41.7197429,-20.8968166],[-41.7184836,-20.8991449],[-41.7184049,-20.9007977],[-41.720766,-20.909547],[-41.7206283,-20.9117639],[-41.7214613,-20.9142168],[-41.7221106,-20.9200705],[-41.722858,-20.9215486],[-41.7223679,-20.9232528],[-41.7256096,-20.9211314],[-41.7264393,-20.9229481],[-41.7320142,-20.9256339],[-41.7331194,-20.9270047],[-41.7342573,-20.9266439],[-41.7372776,-20.9276441],[-41.7367824,-20.9294937],[-41.7374317,-20.9308415],[-41.7359101,-20.932678],[-41.7355494,-20.9363738],[-41.7335949,-20.9397909],[-41.73389,-20.9431358],[-41.7316273,-20.9453264],[-41.7309517,-20.9469726],[-41.7290562,-20.9475039],[-41.7283282,-20.9490419],[-41.7257375,-20.950698],[-41.7241503,-20.9505111],[-41.7203594,-20.9515086],[-41.7174055,-20.9530449],[-41.7180217,-20.9650355],[-41.7162863,-20.9717602],[-41.716441,-20.9742667],[-41.7149169,-20.9775561],[-41.7136666,-20.9781306],[-41.7116275,-20.9805924],[-41.7100141,-20.9910337],[-41.7111036,-20.9918969],[-41.7158903,-20.9914742],[-41.7174681,-20.9938259],[-41.7175713,-20.996932],[-41.7170836,-20.9982416],[-41.7174724,-20.9992988],[-41.7185398,-20.9993704],[-41.7189115,-20.9999262],[-41.7205996,-20.9997182],[-41.7214215,-21.0020133],[-41.7211077,-21.0050366],[-41.7224195,-21.0088736],[-41.7218758,-21.0108878],[-41.7209676,-21.0118876],[-41.7177625,-21.0130167],[-41.7145453,-21.0154083],[-41.7155408,-21.0163553],[-41.7158043,-21.0177562],[-41.7155034,-21.0224738],[-41.7173607,-21.0222005],[-41.7176512,-21.0242342],[-41.7196676,-21.023539],[-41.7210165,-21.0261261],[-41.7221808,-21.025782],[-41.7221799,-21.0246101],[-41.7227908,-21.0244348],[-41.7247588,-21.0297231],[-41.7252015,-21.033078],[-41.723984,-21.0367061],[-41.7215284,-21.0401613],[-41.7217854,-21.0431493],[-41.7192249,-21.0449741],[-41.7174516,-21.0447088],[-41.7174054,-21.046407],[-41.7161889,-21.047051],[-41.7168103,-21.050305],[-41.7179929,-21.0509528],[-41.7190324,-21.0539732],[-41.721341,-21.0543687],[-41.7232354,-21.0556378],[-41.7243954,-21.0552989],[-41.7240338,-21.0542557],[-41.7249189,-21.0530656],[-41.7268057,-21.0525571],[-41.727224,-21.050224],[-41.7279243,-21.0492505],[-41.7288583,-21.0490923],[-41.7293479,-21.0496271],[-41.7289712,-21.0509716],[-41.7303609,-21.0578743],[-41.7328843,-21.0633754],[-41.7327675,-21.0660531],[-41.7319164,-21.0669608],[-41.7293893,-21.0662603],[-41.72693,-21.0672018],[-41.726109,-21.0658799],[-41.7252013,-21.067119],[-41.7231601,-21.0671114],[-41.7218306,-21.0682413],[-41.7222621,-21.0705835],[-41.7215632,-21.0732992],[-41.7229473,-21.0748],[-41.7233239,-21.077152],[-41.7240319,-21.0774815],[-41.7255196,-21.0819651],[-41.7282293,-21.0851927],[-41.7303365,-21.0856334],[-41.7312705,-21.0873131],[-41.7320501,-21.0925104],[-41.7345357,-21.0955233],[-41.734581,-21.0968189],[-41.733623,-21.0981526],[-41.7341252,-21.0981638],[-41.7361593,-21.1010015],[-41.7359407,-21.1025984],[-41.7324688,-21.1045025],[-41.7312814,-21.1045867],[-41.728284,-21.1072831],[-41.7262858,-21.1068257],[-41.7254553,-21.1049358],[-41.7232885,-21.1036357],[-41.7210676,-21.1047571],[-41.7192078,-21.106922],[-41.7163068,-21.1048275],[-41.716938,-21.1050915],[-41.717059,-21.10359],[-41.7162968,-21.1031869],[-41.7161912,-21.1016741],[-41.7128109,-21.0990168],[-41.7110684,-21.0944401],[-41.7085696,-21.0908525],[-41.702336,-21.0930283],[-41.7007486,-21.0901712],[-41.6993015,-21.0900354],[-41.6974958,-21.0907604],[-41.6971306,-21.0896364],[-41.6961809,-21.0900118],[-41.6944878,-21.0895868],[-41.6939213,-21.0874034],[-41.6930033,-21.0866546],[-41.6839753,-21.0907214],[-41.6806611,-21.0879165],[-41.6786217,-21.0852296],[-41.6795635,-21.0828525],[-41.678342,-21.0802366],[-41.6765173,-21.0800541],[-41.676262,-21.0793059],[-41.6749361,-21.0787415],[-41.6726424,-21.0798183],[-41.6715038,-21.0797465],[-41.6700759,-21.0752569],[-41.6689995,-21.0751134],[-41.6682527,-21.0758563],[-41.6665654,-21.0789143],[-41.6626638,-21.0786251],[-41.6584565,-21.0804523],[-41.6571492,-21.0822563],[-41.6576884,-21.0840932],[-41.6572404,-21.08502],[-41.6559791,-21.0858062],[-41.6541581,-21.0859397],[-41.6514705,-21.0851524],[-41.6508324,-21.0828789],[-41.6488994,-21.0814759],[-41.6487509,-21.0806698],[-41.6493334,-21.0800833],[-41.6483607,-21.0788491],[-41.6440689,-21.0803229],[-41.6414599,-21.0766994],[-41.6402473,-21.0764453],[-41.6383411,-21.0749211],[-41.6360703,-21.0742845],[-41.63286,-21.0749223],[-41.6312033,-21.0711658],[-41.6314949,-21.0702295],[-41.6328183,-21.0699643],[-41.6318193,-21.0679109],[-41.6323405,-21.0670567],[-41.6310646,-21.0658769],[-41.6295305,-21.0620233],[-41.6297769,-21.0578637],[-41.6283868,-21.0563536],[-41.6267662,-21.0563359],[-41.6239575,-21.0549333],[-41.6213362,-21.0524996],[-41.6207144,-21.0515238],[-41.6214967,-21.0505906],[-41.6213243,-21.0492116],[-41.617478,-21.0426195],[-41.6167401,-21.0382608],[-41.6181525,-21.0355185],[-41.6180896,-21.0338807],[-41.6174165,-21.033227],[-41.6144135,-21.0337338],[-41.613247,-21.0329163],[-41.6125967,-21.0316088],[-41.612144,-21.027567],[-41.6116703,-21.026863],[-41.6085095,-21.0258663],[-41.6075649,-21.0206682],[-41.6063848,-21.0189675],[-41.6048476,-21.0187947],[-41.600726,-21.0203801],[-41.5990695,-21.0203563],[-41.5982288,-21.0211385],[-41.5972097,-21.0206794],[-41.5969318,-21.0157075],[-41.5956116,-21.0147242],[-41.5948682,-21.0103356],[-41.5930798,-21.0084412],[-41.5904612,-21.0069965],[-41.5879328,-21.0064803],[-41.5856502,-21.0104104],[-41.5858181,-21.0119074],[-41.5848329,-21.012397],[-41.5859188,-21.0137064],[-41.5856739,-21.0146677],[-41.5826226,-21.0156471],[-41.5814762,-21.0199369],[-41.5793252,-21.0200595],[-41.5757107,-21.0227661],[-41.573488,-21.0227752],[-41.5724245,-21.0237898],[-41.5719271,-21.0263577],[-41.571861,-21.0287337],[-41.5727714,-21.0296231],[-41.5750721,-21.0419484],[-41.5775468,-21.0459918],[-41.5799512,-21.0469756],[-41.5812441,-21.049632],[-41.5846769,-21.0521304],[-41.5860121,-21.0545986],[-41.5865856,-21.0566256],[-41.5853347,-21.0569394],[-41.5849447,-21.058602],[-41.583246,-21.0598352],[-41.5832216,-21.0610149],[-41.5852672,-21.0660097],[-41.5828867,-21.0679069],[-41.5788556,-21.0671602],[-41.5771599,-21.0677054],[-41.5759628,-21.0694083],[-41.573693,-21.0696252],[-41.573269,-21.0713646],[-41.5716189,-21.0722538],[-41.5706474,-21.0737326],[-41.5707855,-21.0756239],[-41.5719473,-21.0768257],[-41.5739181,-21.0774837],[-41.5768106,-21.0795457],[-41.5790931,-21.0800585],[-41.5801823,-21.0816284],[-41.5854429,-21.0856758],[-41.590164,-21.0876363],[-41.5916527,-21.0901015],[-41.5907381,-21.0917019],[-41.5914502,-21.093803],[-41.5937778,-21.0954928],[-41.5969942,-21.0991629],[-41.5963052,-21.1003477],[-41.5970841,-21.1017612],[-41.5976413,-21.1016876],[-41.5979536,-21.1004242],[-41.5985007,-21.1002398],[-41.5987592,-21.1017393],[-41.5979936,-21.1024894],[-41.5988676,-21.1021087],[-41.5994219,-21.102808],[-41.6007675,-21.1030589],[-41.6005789,-21.1039341],[-41.6011025,-21.1042665],[-41.6021179,-21.1038186],[-41.6024858,-21.1053929],[-41.6037435,-21.1055113],[-41.6048261,-21.1064587],[-41.6050411,-21.1070981],[-41.6043431,-21.1068181],[-41.6034812,-21.1075352],[-41.603678,-21.1080678],[-41.6084567,-21.1090425],[-41.6101401,-21.1073945],[-41.6112567,-21.1073697],[-41.6130886,-21.1090782],[-41.6138962,-21.109104],[-41.6171811,-21.1122973],[-41.6184609,-21.1146035],[-41.6207827,-21.1158759],[-41.6223446,-21.115209],[-41.6224065,-21.1164093],[-41.6232118,-21.1162974],[-41.6238169,-21.1173209],[-41.625449,-21.1178617],[-41.6248223,-21.1193175],[-41.6265688,-21.12079],[-41.6270284,-21.1218846],[-41.6279232,-21.1222227],[-41.628011,-21.12304],[-41.6286761,-21.1233051],[-41.6284959,-21.1241801],[-41.6296449,-21.1241393],[-41.6296615,-21.1250801],[-41.6309528,-21.1247846],[-41.6321735,-21.1260281],[-41.6349886,-21.1272849],[-41.6357518,-21.128941],[-41.6382479,-21.1311476],[-41.6376453,-21.1317729],[-41.6386427,-21.1324871],[-41.637715,-21.1336932],[-41.638701,-21.1333632],[-41.6397902,-21.1348324],[-41.640355,-21.1344888],[-41.6405117,-21.1356847],[-41.6414604,-21.1356632],[-41.641422,-21.1363132],[-41.6433996,-21.1383844],[-41.6432467,-21.1394177],[-41.6419362,-21.1399604],[-41.6426806,-21.1400893],[-41.6427433,-21.141213],[-41.6441133,-21.1420084],[-41.6442209,-21.1428435],[-41.64555098047405,-21.143406191567752],[-41.6450211,-21.1448519],[-41.641552,-21.1448963],[-41.6393967,-21.1461934],[-41.6362218,-21.1456343],[-41.6355717,-21.1448519],[-41.6326226,-21.1449362],[-41.6319003,-21.1442621],[-41.6280376,-21.1446788],[-41.6219815,-21.1469585],[-41.6215241,-21.1491493],[-41.6183703,-21.1498234],[-41.6149757,-21.151942],[-41.6125895,-21.1570009],[-41.6000132,-21.1532781],[-41.5985219,-21.1522363],[-41.592381,-21.1503732],[-41.5865674,-21.1495465],[-41.5860859,-21.1499919],[-41.586146,-21.159682],[-41.585496,-21.1615478],[-41.584137,-21.1632215],[-41.583895,-21.1647618],[-41.5782375,-21.1697453],[-41.5769495,-21.169962],[-41.5741929,-21.1689749],[-41.5722308,-21.1697212],[-41.5698113,-21.1724297],[-41.5701603,-21.1752103],[-41.5694969,-21.1766966],[-41.5701122,-21.179303],[-41.5675241,-21.1805429],[-41.5646231,-21.1837449],[-41.5631907,-21.1824087],[-41.5627814,-21.1791345],[-41.5617101,-21.1772446],[-41.5583035,-21.1750418],[-41.557509,-21.1730797],[-41.5557275,-21.1723815],[-41.5542358,-21.1737605],[-41.5546682,-21.1755835],[-41.5532959,-21.1759687],[-41.5522125,-21.1755955],[-41.5515384,-21.1761252],[-41.5505393,-21.1783521],[-41.5503347,-21.1804827],[-41.5482883,-21.1832995],[-41.545604,-21.1835523],[-41.5413066,-21.1814457],[-41.5304368,-21.1800253],[-41.5288719,-21.1807596],[-41.527909,-21.1823846],[-41.5242135,-21.1839134],[-41.5209754,-21.187019],[-41.5201448,-21.1873079],[-41.5183994,-21.1864172],[-41.5170753,-21.1877172],[-41.5161243,-21.1868505],[-41.5163771,-21.1854662],[-41.5152576,-21.1852255],[-41.5148122,-21.1844551],[-41.5149807,-21.178966],[-41.5132835,-21.1767511],[-41.5115501,-21.1758363],[-41.5056156,-21.1761252],[-41.50381,-21.1775215],[-41.503148,-21.1774613],[-41.5023776,-21.1826495],[-41.4995126,-21.1833717],[-41.4982608,-21.1851292],[-41.4966116,-21.1849606],[-41.4957931,-21.1827337],[-41.4949505,-21.1821318],[-41.4931087,-21.1830226],[-41.4904485,-21.1809401],[-41.4869456,-21.1797845],[-41.4820824,-21.1842865],[-41.4813361,-21.1842264],[-41.4797134,-21.1825949],[-41.4789293,-21.1825887],[-41.4786879,-21.1836245],[-41.4805176,-21.1891256],[-41.4793259,-21.1907145],[-41.4791333,-21.1936396],[-41.4774841,-21.1957462],[-41.4729099,-21.198599],[-41.4716219,-21.2012112],[-41.4720432,-21.2021501],[-41.47169,-21.2027426],[-41.4696296,-21.2027933],[-41.4700532,-21.2314135],[-41.4724097,-21.2330657],[-41.473328,-21.2328465],[-41.4747276,-21.2335848],[-41.477223,-21.2333613],[-41.4778076,-21.2341676],[-41.4792743,-21.2339989],[-41.4797197,-21.234296],[-41.4795049,-21.2355898],[-41.4821116,-21.2350511],[-41.4818593,-21.2355736],[-41.482961,-21.2358327],[-41.4830886,-21.2366084],[-41.4845531,-21.23764],[-41.4846131,-21.2385124],[-41.4858311,-21.2382769],[-41.4862468,-21.2389225],[-41.4864835,-21.2382653],[-41.4869799,-21.2390406],[-41.4880677,-21.2392129],[-41.4877205,-21.2397315],[-41.4882523,-21.2408351],[-41.4892067,-21.2410747],[-41.4891624,-21.2417301],[-41.4903865,-21.2429212],[-41.4940495,-21.2441065],[-41.4946141,-21.243846],[-41.494885,-21.2450205],[-41.4954997,-21.2446511],[-41.496178,-21.2450194],[-41.4961878,-21.2464865],[-41.496858,-21.2460769],[-41.4973309,-21.2471586],[-41.4967357,-21.2474173],[-41.4972396,-21.2480716],[-41.4966221,-21.2486609],[-41.4982318,-21.2489014],[-41.4977959,-21.2503901],[-41.4985376,-21.250895],[-41.4980796,-21.2525413],[-41.4995945,-21.2539184],[-41.4995116,-21.2558628],[-41.4991118,-21.2560033],[-41.5010403,-21.2576413],[-41.501336,-21.2596446],[-41.5026079,-21.2601803],[-41.5016723,-21.2616288],[-41.5026266,-21.262303],[-41.5036011,-21.2619692],[-41.5063862,-21.2635727],[-41.506619,-21.2651272],[-41.508261,-21.2654792],[-41.5089474,-21.2643647],[-41.5100461,-21.2638431],[-41.5119744,-21.2641879],[-41.5126272,-21.2632661],[-41.5121942,-21.2626691],[-41.5137739,-21.2628156],[-41.5142779,-21.2620375],[-41.5140115,-21.2612561],[-41.5144247,-21.2612469],[-41.5168064,-21.2635544],[-41.5169387,-21.2627795],[-41.5213389,-21.2661709],[-41.5232215,-21.2664937],[-41.5235135,-21.2674492],[-41.5246136,-21.2676004],[-41.525409,-21.2697992],[-41.5249662,-21.2720699],[-41.5253189,-21.2729393],[-41.5246362,-21.2731829],[-41.5247071,-21.2742931],[-41.5239527,-21.2744513],[-41.5250677,-21.2746351],[-41.5262165,-21.2758645],[-41.5267446,-21.2753772],[-41.5271938,-21.2761231],[-41.5286501,-21.2762185],[-41.528062,-21.277212],[-41.5295622,-21.2773337],[-41.5292739,-21.2778437],[-41.5301063,-21.2779585],[-41.5297412,-21.2783541],[-41.5308248,-21.2777515],[-41.5328736,-21.2782889],[-41.532865,-21.2790511],[-41.5333504,-21.2788179],[-41.5338724,-21.2796624],[-41.5352017,-21.2801135],[-41.5357537,-21.2813373],[-41.5373893,-21.2803849],[-41.537073,-21.2796978],[-41.5377377,-21.2805891],[-41.5398825,-21.2814889],[-41.540549,-21.2829755],[-41.5411331,-21.2828208],[-41.5407066,-21.2834494],[-41.5415395,-21.2833086],[-41.5428786,-21.285179],[-41.5439355,-21.2854111],[-41.5438871,-21.2862577],[-41.5455697,-21.2874728],[-41.5460497,-21.289229],[-41.5484971,-21.2904957],[-41.5492267,-21.2927841],[-41.551585,-21.2938336],[-41.5527516,-21.2956283],[-41.5537269,-21.2956636],[-41.5535397,-21.2963694],[-41.5547567,-21.2962551],[-41.5567195,-21.2977019],[-41.5582357,-21.2977469],[-41.5587809,-21.298514],[-41.560487,-21.2991933],[-41.5633837,-21.2996542],[-41.5635856,-21.3005086],[-41.564182,-21.3004695],[-41.5645799,-21.3014978],[-41.5654739,-21.3017263],[-41.5666893,-21.3031143],[-41.5690113,-21.3038027],[-41.570139,-21.3033137],[-41.570827,-21.3042194],[-41.5722802,-21.3036797],[-41.5748549,-21.3060841],[-41.5784722,-21.3066105],[-41.5790862,-21.3074632],[-41.5810253,-21.3076897],[-41.5828733,-21.3092414],[-41.5845244,-21.309603],[-41.5873952,-21.3121941],[-41.585729,-21.3131655],[-41.585676,-21.3146995],[-41.5845844,-21.3165043],[-41.5850715,-21.3173829],[-41.5874461,-21.3146042],[-41.589494,-21.3133088],[-41.5909017,-21.3106061],[-41.5910841,-21.3097694],[-41.5899354,-21.3086303],[-41.5893092,-21.3049926],[-41.5881324,-21.3034096],[-41.5909929,-21.3020991],[-41.5925255,-21.30238],[-41.5946761,-21.3004736],[-41.595765,-21.2983684],[-41.5971401,-21.2983963],[-41.5999886,-21.296794],[-41.6013601,-21.2969748],[-41.6008836,-21.2945156],[-41.6028208,-21.2944017],[-41.605746,-21.2924463],[-41.6055158,-21.2886223],[-41.6075823,-21.2873198],[-41.6092917,-21.2840658],[-41.6074315,-21.2828611],[-41.6066745,-21.2808282],[-41.6085486,-21.277475],[-41.6127401,-21.2772694],[-41.6153381,-21.2753152],[-41.619443,-21.2762599],[-41.6199086,-21.2688708],[-41.6242035,-21.2648394],[-41.6261207,-21.2636774],[-41.6310878,-21.2640195],[-41.633312,-21.2626603],[-41.6361715,-21.2622404],[-41.6379292,-21.2611201],[-41.6377002,-21.2597872],[-41.6347626,-21.2579692],[-41.6314149,-21.2575612],[-41.6297652,-21.2557788],[-41.6295726,-21.2546182],[-41.6309639,-21.2530386],[-41.6356914,-21.2513956],[-41.6364854,-21.2478349],[-41.6376088,-21.2470384],[-41.639145,-21.2469019],[-41.6394876,-21.2454703],[-41.6419611,-21.2449693],[-41.6441923,-21.2468791],[-41.6455468,-21.2472346],[-41.6549476,-21.2438154],[-41.6571958,-21.2448153],[-41.6608952,-21.2450972],[-41.6652625,-21.2476968],[-41.6677829,-21.2477968],[-41.6704215,-21.2493782],[-41.6713898,-21.24913],[-41.6736006,-21.2499174],[-41.6754975,-21.2511916],[-41.6765891,-21.2529931],[-41.6774703,-21.2530523],[-41.6787964,-21.2551342],[-41.6821235,-21.2571757],[-41.6827101,-21.2547267],[-41.6845052,-21.2537843],[-41.6856779,-21.2491861],[-41.6872158,-21.2481801],[-41.6882216,-21.2454588],[-41.6913317,-21.2427037],[-41.6939513,-21.243014],[-41.6948002,-21.2394625],[-41.6991379,-21.2380098]],[[-41.707351,-21.1069701],[-41.7135141,-21.1057303],[-41.707142940190344,-21.107210519121015],[-41.707351,-21.1069701]],[[-41.7049555,-21.110461],[-41.7051842,-21.1094739],[-41.7051722,-21.1115684],[-41.7049555,-21.110461]],[[-41.70625639865797,-21.112072367977078],[-41.7059528,-21.1121403],[-41.7051722,-21.1115684],[-41.70625639865797,-21.112072367977078]],[[-41.71822664882599,-21.116344328128367],[-41.717604360752674,-21.11597468668069],[-41.7180041,-21.1160704],[-41.71822664882599,-21.116344328128367]],[[-41.718579687857506,-21.116997430058635],[-41.718414218787494,-21.116575201907473],[-41.71863,-21.1168408],[-41.718579687857506,-21.116997430058635]],[[-41.7122909,-21.1251118],[-41.71679832480385,-21.125269653806253],[-41.7165837,-21.1254355],[-41.7122909,-21.1251118]],[[-41.6946274,-21.1153],[-41.69484537895532,-21.11544730677592],[-41.69443094264084,-21.115402029789383],[-41.6946274,-21.1153]],[[-41.67800775768224,-21.13361402348364],[-41.6792916,-21.1319185],[-41.6784005,-21.1335029],[-41.67800775768224,-21.13361402348364]],[[-41.6726711,-21.1280236],[-41.6671941,-21.1266995],[-41.663360040925106,-21.1248039131092],[-41.6667506,-21.1264746],[-41.6726711,-21.1280236]],[[-41.6627763,-21.1248457],[-41.66303732400827,-21.124827014687288],[-41.66257453496407,-21.125328332295428],[-41.6627763,-21.1248457]],[[-41.6524362,-21.1376535],[-41.65265124007861,-21.137458011480096],[-41.65253680054367,-21.137777483563625],[-41.6524362,-21.1376535]],[[-41.654006297595764,-21.139588542178224],[-41.653890840265504,-21.13944624860078],[-41.6539795,-21.1395228],[-41.654006297595764,-21.139588542178224]],[[-41.65416900088414,-21.139987699948787],[-41.654639,-21.1416259],[-41.654365756008794,-21.14189322214202],[-41.65416900088414,-21.139987699948787]],[[-41.6463091,-21.1428537],[-41.654270632872525,-21.141986283732987],[-41.6540853,-21.1421676],[-41.6463091,-21.1428537]]]]}}]}